==========================================================
[10167674/6] bart benchmarks on energy
Node: cn-h004.server.mila.quebec | started: Tue Jul 21 20:30:21 EDT 2026
==========================================================
[=== Module python/3.10 loaded ===]
Multiprocess sampling (2 chains in 2 jobs)
CompoundStep
>PGBART: [mu]
>NUTS: [sigma]
Sampling 2 chains for 1_000 tune and 1_000 draw iterations (2_000 + 2_000 draws total) took 4207 seconds.
Sampling: [mu]
[bart] energy split 1: test_rmse=0.7913 test_r2=0.9938 (4230.2s)
Multiprocess sampling (2 chains in 2 jobs)
CompoundStep
>PGBART: [mu]
>NUTS: [sigma]
Sampling 2 chains for 1_000 tune and 1_000 draw iterations (2_000 + 2_000 draws total) took 4140 seconds.
Sampling: [mu]
[bart] energy split 2: test_rmse=0.5956 test_r2=0.9962 (4157.4s)
Multiprocess sampling (2 chains in 2 jobs)
CompoundStep
>PGBART: [mu]
>NUTS: [sigma]
Sampling 2 chains for 1_000 tune and 1_000 draw iterations (2_000 + 2_000 draws total) took 4320 seconds.
Sampling: [mu]
[bart] energy split 3: test_rmse=0.6729 test_r2=0.9956 (4337.5s)
Multiprocess sampling (2 chains in 2 jobs)
CompoundStep
>PGBART: [mu]
>NUTS: [sigma]
Sampling 2 chains for 1_000 tune and 1_000 draw iterations (2_000 + 2_000 draws total) took 4361 seconds.
Sampling: [mu]
[bart] energy split 4: test_rmse=0.7308 test_r2=0.9946 (4377.1s)
Multiprocess sampling (2 chains in 2 jobs)
CompoundStep
>PGBART: [mu]
>NUTS: [sigma]
Sampling 2 chains for 1_000 tune and 1_000 draw iterations (2_000 + 2_000 draws total) took 4172 seconds.
Sampling: [mu]
[bart] energy split 5: test_rmse=0.6092 test_r2=0.9963 (4188.0s)
bart benchmarks on energy DONE at Wed Jul 22 02:25:20 EDT 2026
slurm_load_jobs error: Unable to contact slurm controller (connect failure)
[2026-07-22T02:25:40.603] error: _xgetaddrinfo: getaddrinfo(slurmctl01:6817) failed: System error: Device or resource busy
[2026-07-22T02:25:40.603] error: slurm_set_addr: Unable to resolve "slurmctl01"
[2026-07-22T02:25:40.608] error: _xgetaddrinfo: getaddrinfo(slurmctl02:6817) failed: System error: Device or resource busy
[2026-07-22T02:25:40.608] error: slurm_set_addr: Unable to resolve "slurmctl02"
[2026-07-22T02:26:05.616] error: _xgetaddrinfo: getaddrinfo(slurmctl01:6817) failed: System error: Device or resource busy
[2026-07-22T02:26:05.616] error: slurm_set_addr: Unable to resolve "slurmctl01"
[2026-07-22T02:26:05.621] error: _xgetaddrinfo: getaddrinfo(slurmctl02:6817) failed: System error: Device or resource busy
[2026-07-22T02:26:05.621] error: slurm_set_addr: Unable to resolve "slurmctl02"
[2026-07-22T02:26:30.629] error: _xgetaddrinfo: getaddrinfo(slurmctl01:6817) failed: System error: Device or resource busy
[2026-07-22T02:26:30.629] error: slurm_set_addr: Unable to resolve "slurmctl01"
[2026-07-22T02:26:30.634] error: _xgetaddrinfo: getaddrinfo(slurmctl02:6817) failed: System error: Device or resource busy
[2026-07-22T02:26:30.634] error: slurm_set_addr: Unable to resolve "slurmctl02"
[2026-07-22T02:26:55.642] error: _xgetaddrinfo: getaddrinfo(slurmctl01:6817) failed: System error: Device or resource busy
[2026-07-22T02:26:55.642] error: slurm_set_addr: Unable to resolve "slurmctl01"
[2026-07-22T02:26:55.647] error: _xgetaddrinfo: getaddrinfo(slurmctl02:6817) failed: System error: Device or resource busy
[2026-07-22T02:26:55.647] error: slurm_set_addr: Unable to resolve "slurmctl02"
[2026-07-22T02:27:20.655] error: _xgetaddrinfo: getaddrinfo(slurmctl01:6817) failed: System error: Device or resource busy
[2026-07-22T02:27:20.655] error: slurm_set_addr: Unable to resolve "slurmctl01"
[2026-07-22T02:27:20.660] error: _xgetaddrinfo: getaddrinfo(slurmctl02:6817) failed: System error: Device or resource busy
[2026-07-22T02:27:20.660] error: slurm_set_addr: Unable to resolve "slurmctl02"
[2026-07-22T02:27:45.668] error: _xgetaddrinfo: getaddrinfo(slurmctl01:6817) failed: System error: Device or resource busy
[2026-07-22T02:27:45.668] error: slurm_set_addr: Unable to resolve "slurmctl01"
[2026-07-22T02:27:45.673] error: _xgetaddrinfo: getaddrinfo(slurmctl02:6817) failed: System error: Device or resource busy
[2026-07-22T02:27:45.673] error: slurm_set_addr: Unable to resolve "slurmctl02"
[2026-07-22T02:28:10.680] error: _xgetaddrinfo: getaddrinfo(slurmctl01:6817) failed: System error: Device or resource busy
[2026-07-22T02:28:10.680] error: slurm_set_addr: Unable to resolve "slurmctl01"
[2026-07-22T02:28:10.686] error: _xgetaddrinfo: getaddrinfo(slurmctl02:6817) failed: System error: Device or resource busy
[2026-07-22T02:28:10.686] error: slurm_set_addr: Unable to resolve "slurmctl02"
[2026-07-22T02:28:35.693] error: _xgetaddrinfo: getaddrinfo(slurmctl01:6817) failed: System error: Device or resource busy
[2026-07-22T02:28:35.693] error: slurm_set_addr: Unable to resolve "slurmctl01"
[2026-07-22T02:28:35.698] error: _xgetaddrinfo: getaddrinfo(slurmctl02:6817) failed: System error: Device or resource busy
[2026-07-22T02:28:35.698] error: slurm_set_addr: Unable to resolve "slurmctl02"
[2026-07-22T02:29:00.705] error: _xgetaddrinfo: getaddrinfo(slurmctl01:6817) failed: System error: Device or resource busy
[2026-07-22T02:29:00.705] error: slurm_set_addr: Unable to resolve "slurmctl01"
[2026-07-22T02:29:00.710] error: _xgetaddrinfo: getaddrinfo(slurmctl02:6817) failed: System error: Device or resource busy
[2026-07-22T02:29:00.710] error: slurm_set_addr: Unable to resolve "slurmctl02"
[2026-07-22T02:29:25.717] error: _xgetaddrinfo: getaddrinfo(slurmctl01:6817) failed: System error: Device or resource busy
[2026-07-22T02:29:25.718] error: slurm_set_addr: Unable to resolve "slurmctl01"
[2026-07-22T02:29:25.723] error: _xgetaddrinfo: getaddrinfo(slurmctl02:6817) failed: System error: Device or resource busy
[2026-07-22T02:29:25.723] error: slurm_set_addr: Unable to resolve "slurmctl02"
[2026-07-22T02:29:50.730] error: _xgetaddrinfo: getaddrinfo(slurmctl01:6817) failed: System error: Device or resource busy
[2026-07-22T02:29:50.730] error: slurm_set_addr: Unable to resolve "slurmctl01"
[2026-07-22T02:29:50.736] error: _xgetaddrinfo: getaddrinfo(slurmctl02:6817) failed: System error: Device or resource busy
[2026-07-22T02:29:50.736] error: slurm_set_addr: Unable to resolve "slurmctl02"
[2026-07-22T02:30:15.743] error: _xgetaddrinfo: getaddrinfo(slurmctl01:6817) failed: System error: Device or resource busy
[2026-07-22T02:30:15.743] error: slurm_set_addr: Unable to resolve "slurmctl01"
[2026-07-22T02:30:15.748] error: _xgetaddrinfo: getaddrinfo(slurmctl02:6817) failed: System error: Device or resource busy
[2026-07-22T02:30:15.748] error: slurm_set_addr: Unable to resolve "slurmctl02"
[2026-07-22T02:30:40.756] error: _xgetaddrinfo: getaddrinfo(slurmctl01:6817) failed: System error: Device or resource busy
[2026-07-22T02:30:40.756] error: slurm_set_addr: Unable to resolve "slurmctl01"
[2026-07-22T02:30:40.761] error: _xgetaddrinfo: getaddrinfo(slurmctl02:6817) failed: System error: Device or resource busy
[2026-07-22T02:30:40.761] error: slurm_set_addr: Unable to resolve "slurmctl02"
[2026-07-22T02:31:05.769] error: _xgetaddrinfo: getaddrinfo(slurmctl01:6817) failed: System error: Device or resource busy
[2026-07-22T02:31:05.769] error: slurm_set_addr: Unable to resolve "slurmctl01"
[2026-07-22T02:31:05.774] error: _xgetaddrinfo: getaddrinfo(slurmctl02:6817) failed: System error: Device or resource busy
[2026-07-22T02:31:05.774] error: slurm_set_addr: Unable to resolve "slurmctl02"
[2026-07-22T02:31:30.781] error: _xgetaddrinfo: getaddrinfo(slurmctl01:6817) failed: System error: Device or resource busy
[2026-07-22T02:31:30.782] error: slurm_set_addr: Unable to resolve "slurmctl01"
[2026-07-22T02:31:30.786] error: _xgetaddrinfo: getaddrinfo(slurmctl02:6817) failed: System error: Device or resource busy
[2026-07-22T02:31:30.786] error: slurm_set_addr: Unable to resolve "slurmctl02"
[2026-07-22T02:31:55.794] error: _xgetaddrinfo: getaddrinfo(slurmctl01:6817) failed: System error: Device or resource busy
[2026-07-22T02:31:55.794] error: slurm_set_addr: Unable to resolve "slurmctl01"
[2026-07-22T02:31:55.799] error: _xgetaddrinfo: getaddrinfo(slurmctl02:6817) failed: System error: Device or resource busy
[2026-07-22T02:31:55.799] error: slurm_set_addr: Unable to resolve "slurmctl02"
[2026-07-22T02:32:20.806] error: _xgetaddrinfo: getaddrinfo(slurmctl01:6817) failed: System error: Device or resource busy
[2026-07-22T02:32:20.806] error: slurm_set_addr: Unable to resolve "slurmctl01"
[2026-07-22T02:32:20.811] error: _xgetaddrinfo: getaddrinfo(slurmctl02:6817) failed: System error: Device or resource busy
[2026-07-22T02:32:20.811] error: slurm_set_addr: Unable to resolve "slurmctl02"
[2026-07-22T02:32:45.818] error: _xgetaddrinfo: getaddrinfo(slurmctl01:6817) failed: System error: Device or resource busy
[2026-07-22T02:32:45.818] error: slurm_set_addr: Unable to resolve "slurmctl01"
[2026-07-22T02:32:45.823] error: _xgetaddrinfo: getaddrinfo(slurmctl02:6817) failed: System error: Device or resource busy
[2026-07-22T02:32:45.823] error: slurm_set_addr: Unable to resolve "slurmctl02"
[2026-07-22T02:33:10.830] error: _xgetaddrinfo: getaddrinfo(slurmctl01:6817) failed: System error: Device or resource busy
[2026-07-22T02:33:10.830] error: slurm_set_addr: Unable to resolve "slurmctl01"
[2026-07-22T02:33:10.835] error: _xgetaddrinfo: getaddrinfo(slurmctl02:6817) failed: System error: Device or resource busy
[2026-07-22T02:33:10.835] error: slurm_set_addr: Unable to resolve "slurmctl02"
[2026-07-22T02:33:35.842] error: _xgetaddrinfo: getaddrinfo(slurmctl01:6817) failed: System error: Device or resource busy
[2026-07-22T02:33:35.843] error: slurm_set_addr: Unable to resolve "slurmctl01"
[2026-07-22T02:33:35.847] error: _xgetaddrinfo: getaddrinfo(slurmctl02:6817) failed: System error: Device or resource busy
[2026-07-22T02:33:35.847] error: slurm_set_addr: Unable to resolve "slurmctl02"
[2026-07-22T02:34:00.855] error: _xgetaddrinfo: getaddrinfo(slurmctl01:6817) failed: System error: Device or resource busy
[2026-07-22T02:34:00.856] error: slurm_set_addr: Unable to resolve "slurmctl01"
[2026-07-22T02:34:00.860] error: _xgetaddrinfo: getaddrinfo(slurmctl02:6817) failed: System error: Device or resource busy
[2026-07-22T02:34:00.860] error: slurm_set_addr: Unable to resolve "slurmctl02"
[2026-07-22T02:34:25.867] error: _xgetaddrinfo: getaddrinfo(slurmctl01:6817) failed: System error: Device or resource busy
[2026-07-22T02:34:25.867] error: slurm_set_addr: Unable to resolve "slurmctl01"
[2026-07-22T02:34:25.872] error: _xgetaddrinfo: getaddrinfo(slurmctl02:6817) failed: System error: Device or resource busy
[2026-07-22T02:34:25.872] error: slurm_set_addr: Unable to resolve "slurmctl02"
[2026-07-22T02:34:50.880] error: _xgetaddrinfo: getaddrinfo(slurmctl01:6817) failed: System error: Device or resource busy
[2026-07-22T02:34:50.880] error: slurm_set_addr: Unable to resolve "slurmctl01"
[2026-07-22T02:34:50.885] error: _xgetaddrinfo: getaddrinfo(slurmctl02:6817) failed: System error: Device or resource busy
[2026-07-22T02:34:50.885] error: slurm_set_addr: Unable to resolve "slurmctl02"
[2026-07-22T02:35:15.892] error: _xgetaddrinfo: getaddrinfo(slurmctl01:6817) failed: System error: Device or resource busy
[2026-07-22T02:35:15.892] error: slurm_set_addr: Unable to resolve "slurmctl01"
[2026-07-22T02:35:15.897] error: _xgetaddrinfo: getaddrinfo(slurmctl02:6817) failed: System error: Device or resource busy
[2026-07-22T02:35:15.897] error: slurm_set_addr: Unable to resolve "slurmctl02"
[2026-07-22T02:35:40.904] error: _xgetaddrinfo: getaddrinfo(slurmctl01:6817) failed: System error: Device or resource busy
[2026-07-22T02:35:40.904] error: slurm_set_addr: Unable to resolve "slurmctl01"
[2026-07-22T02:35:40.911] error: _xgetaddrinfo: getaddrinfo(slurmctl02:6817) failed: System error: Device or resource busy
[2026-07-22T02:35:40.911] error: slurm_set_addr: Unable to resolve "slurmctl02"
[2026-07-22T02:36:05.918] error: _xgetaddrinfo: getaddrinfo(slurmctl01:6817) failed: System error: Device or resource busy
[2026-07-22T02:36:05.919] error: slurm_set_addr: Unable to resolve "slurmctl01"
[2026-07-22T02:36:05.924] error: _xgetaddrinfo: getaddrinfo(slurmctl02:6817) failed: System error: Device or resource busy
[2026-07-22T02:36:05.924] error: slurm_set_addr: Unable to resolve "slurmctl02"
[2026-07-22T02:36:30.931] error: _xgetaddrinfo: getaddrinfo(slurmctl01:6817) failed: System error: Device or resource busy
[2026-07-22T02:36:30.931] error: slurm_set_addr: Unable to resolve "slurmctl01"
[2026-07-22T02:36:30.936] error: _xgetaddrinfo: getaddrinfo(slurmctl02:6817) failed: System error: Device or resource busy
[2026-07-22T02:36:30.936] error: slurm_set_addr: Unable to resolve "slurmctl02"
[2026-07-22T02:36:55.943] error: _xgetaddrinfo: getaddrinfo(slurmctl01:6817) failed: System error: Device or resource busy
[2026-07-22T02:36:55.943] error: slurm_set_addr: Unable to resolve "slurmctl01"
[2026-07-22T02:36:55.948] error: _xgetaddrinfo: getaddrinfo(slurmctl02:6817) failed: System error: Device or resource busy
[2026-07-22T02:36:55.948] error: slurm_set_addr: Unable to resolve "slurmctl02"
[2026-07-22T02:37:20.955] error: _xgetaddrinfo: getaddrinfo(slurmctl01:6817) failed: System error: Device or resource busy
[2026-07-22T02:37:20.956] error: slurm_set_addr: Unable to resolve "slurmctl01"
[2026-07-22T02:37:20.960] error: _xgetaddrinfo: getaddrinfo(slurmctl02:6817) failed: System error: Device or resource busy
[2026-07-22T02:37:20.960] error: slurm_set_addr: Unable to resolve "slurmctl02"
[2026-07-22T02:37:45.968] error: _xgetaddrinfo: getaddrinfo(slurmctl01:6817) failed: System error: Device or resource busy
[2026-07-22T02:37:45.968] error: slurm_set_addr: Unable to resolve "slurmctl01"
[2026-07-22T02:37:45.973] error: _xgetaddrinfo: getaddrinfo(slurmctl02:6817) failed: System error: Device or resource busy
[2026-07-22T02:37:45.973] error: slurm_set_addr: Unable to resolve "slurmctl02"
[2026-07-22T02:38:10.980] error: _xgetaddrinfo: getaddrinfo(slurmctl01:6817) failed: System error: Device or resource busy
[2026-07-22T02:38:10.980] error: slurm_set_addr: Unable to resolve "slurmctl01"
[2026-07-22T02:38:10.985] error: _xgetaddrinfo: getaddrinfo(slurmctl02:6817) failed: System error: Device or resource busy
[2026-07-22T02:38:10.985] error: slurm_set_addr: Unable to resolve "slurmctl02"
[2026-07-22T02:38:35.992] error: _xgetaddrinfo: getaddrinfo(slurmctl01:6817) failed: System error: Device or resource busy
[2026-07-22T02:38:35.993] error: slurm_set_addr: Unable to resolve "slurmctl01"
[2026-07-22T02:38:35.997] error: _xgetaddrinfo: getaddrinfo(slurmctl02:6817) failed: System error: Device or resource busy
[2026-07-22T02:38:35.997] error: slurm_set_addr: Unable to resolve "slurmctl02"
[2026-07-22T02:39:01.005] error: _xgetaddrinfo: getaddrinfo(slurmctl01:6817) failed: System error: Device or resource busy
[2026-07-22T02:39:01.005] error: slurm_set_addr: Unable to resolve "slurmctl01"
[2026-07-22T02:39:01.010] error: _xgetaddrinfo: getaddrinfo(slurmctl02:6817) failed: System error: Device or resource busy
[2026-07-22T02:39:01.010] error: slurm_set_addr: Unable to resolve "slurmctl02"
[2026-07-22T02:39:26.017] error: _xgetaddrinfo: getaddrinfo(slurmctl01:6817) failed: System error: Device or resource busy
[2026-07-22T02:39:26.017] error: slurm_set_addr: Unable to resolve "slurmctl01"
[2026-07-22T02:39:26.022] error: _xgetaddrinfo: getaddrinfo(slurmctl02:6817) failed: System error: Device or resource busy
[2026-07-22T02:39:26.022] error: slurm_set_addr: Unable to resolve "slurmctl02"
[2026-07-22T02:39:51.030] error: _xgetaddrinfo: getaddrinfo(slurmctl01:6817) failed: System error: Device or resource busy
[2026-07-22T02:39:51.030] error: slurm_set_addr: Unable to resolve "slurmctl01"
[2026-07-22T02:39:51.035] error: _xgetaddrinfo: getaddrinfo(slurmctl02:6817) failed: System error: Device or resource busy
[2026-07-22T02:39:51.035] error: slurm_set_addr: Unable to resolve "slurmctl02"
[2026-07-22T02:40:16.042] error: _xgetaddrinfo: getaddrinfo(slurmctl01:6817) failed: System error: Device or resource busy
[2026-07-22T02:40:16.042] error: slurm_set_addr: Unable to resolve "slurmctl01"
[2026-07-22T02:40:16.047] error: _xgetaddrinfo: getaddrinfo(slurmctl02:6817) failed: System error: Device or resource busy
[2026-07-22T02:40:16.048] error: slurm_set_addr: Unable to resolve "slurmctl02"
[2026-07-22T02:40:41.055] error: _xgetaddrinfo: getaddrinfo(slurmctl01:6817) failed: System error: Device or resource busy
[2026-07-22T02:40:41.055] error: slurm_set_addr: Unable to resolve "slurmctl01"
[2026-07-22T02:40:41.060] error: _xgetaddrinfo: getaddrinfo(slurmctl02:6817) failed: System error: Device or resource busy
[2026-07-22T02:40:41.060] error: slurm_set_addr: Unable to resolve "slurmctl02"
[2026-07-22T02:41:06.067] error: _xgetaddrinfo: getaddrinfo(slurmctl01:6817) failed: System error: Device or resource busy
[2026-07-22T02:41:06.067] error: slurm_set_addr: Unable to resolve "slurmctl01"
[2026-07-22T02:41:06.072] error: _xgetaddrinfo: getaddrinfo(slurmctl02:6817) failed: System error: Device or resource busy
[2026-07-22T02:41:06.072] error: slurm_set_addr: Unable to resolve "slurmctl02"
[2026-07-22T02:41:31.080] error: _xgetaddrinfo: getaddrinfo(slurmctl01:6817) failed: System error: Device or resource busy
[2026-07-22T02:41:31.080] error: slurm_set_addr: Unable to resolve "slurmctl01"
[2026-07-22T02:41:31.084] error: _xgetaddrinfo: getaddrinfo(slurmctl02:6817) failed: System error: Device or resource busy
[2026-07-22T02:41:31.084] error: slurm_set_addr: Unable to resolve "slurmctl02"
[2026-07-22T02:41:56.091] error: _xgetaddrinfo: getaddrinfo(slurmctl01:6817) failed: System error: Device or resource busy
[2026-07-22T02:41:56.091] error: slurm_set_addr: Unable to resolve "slurmctl01"
[2026-07-22T02:41:56.096] error: _xgetaddrinfo: getaddrinfo(slurmctl02:6817) failed: System error: Device or resource busy
[2026-07-22T02:41:56.097] error: slurm_set_addr: Unable to resolve "slurmctl02"
[2026-07-22T02:42:21.104] error: _xgetaddrinfo: getaddrinfo(slurmctl01:6817) failed: System error: Device or resource busy
[2026-07-22T02:42:21.104] error: slurm_set_addr: Unable to resolve "slurmctl01"
[2026-07-22T02:42:21.109] error: _xgetaddrinfo: getaddrinfo(slurmctl02:6817) failed: System error: Device or resource busy
[2026-07-22T02:42:21.109] error: slurm_set_addr: Unable to resolve "slurmctl02"
[2026-07-22T02:42:46.117] error: _xgetaddrinfo: getaddrinfo(slurmctl01:6817) failed: System error: Device or resource busy
[2026-07-22T02:42:46.117] error: slurm_set_addr: Unable to resolve "slurmctl01"
[2026-07-22T02:42:46.122] error: _xgetaddrinfo: getaddrinfo(slurmctl02:6817) failed: System error: Device or resource busy
[2026-07-22T02:42:46.122] error: slurm_set_addr: Unable to resolve "slurmctl02"
[2026-07-22T02:43:11.129] error: _xgetaddrinfo: getaddrinfo(slurmctl01:6817) failed: System error: Device or resource busy
[2026-07-22T02:43:11.129] error: slurm_set_addr: Unable to resolve "slurmctl01"
[2026-07-22T02:43:11.133] error: _xgetaddrinfo: getaddrinfo(slurmctl02:6817) failed: System error: Device or resource busy
[2026-07-22T02:43:11.133] error: slurm_set_addr: Unable to resolve "slurmctl02"
[2026-07-22T02:43:36.141] error: _xgetaddrinfo: getaddrinfo(slurmctl01:6817) failed: System error: Device or resource busy
[2026-07-22T02:43:36.141] error: slurm_set_addr: Unable to resolve "slurmctl01"
[2026-07-22T02:43:36.146] error: _xgetaddrinfo: getaddrinfo(slurmctl02:6817) failed: System error: Device or resource busy
[2026-07-22T02:43:36.146] error: slurm_set_addr: Unable to resolve "slurmctl02"
[2026-07-22T02:44:01.153] error: _xgetaddrinfo: getaddrinfo(slurmctl01:6817) failed: System error: Device or resource busy
[2026-07-22T02:44:01.153] error: slurm_set_addr: Unable to resolve "slurmctl01"
[2026-07-22T02:44:01.158] error: _xgetaddrinfo: getaddrinfo(slurmctl02:6817) failed: System error: Device or resource busy
[2026-07-22T02:44:01.158] error: slurm_set_addr: Unable to resolve "slurmctl02"
[2026-07-22T02:44:26.166] error: _xgetaddrinfo: getaddrinfo(slurmctl01:6817) failed: System error: Device or resource busy
[2026-07-22T02:44:26.167] error: slurm_set_addr: Unable to resolve "slurmctl01"
[2026-07-22T02:44:26.172] error: _xgetaddrinfo: getaddrinfo(slurmctl02:6817) failed: System error: Device or resource busy
[2026-07-22T02:44:26.172] error: slurm_set_addr: Unable to resolve "slurmctl02"
[2026-07-22T02:44:51.179] error: _xgetaddrinfo: getaddrinfo(slurmctl01:6817) failed: System error: Device or resource busy
[2026-07-22T02:44:51.179] error: slurm_set_addr: Unable to resolve "slurmctl01"
[2026-07-22T02:44:51.184] error: _xgetaddrinfo: getaddrinfo(slurmctl02:6817) failed: System error: Device or resource busy
[2026-07-22T02:44:51.184] error: slurm_set_addr: Unable to resolve "slurmctl02"
[2026-07-22T02:45:16.191] error: _xgetaddrinfo: getaddrinfo(slurmctl01:6817) failed: System error: Device or resource busy
[2026-07-22T02:45:16.191] error: slurm_set_addr: Unable to resolve "slurmctl01"
[2026-07-22T02:45:16.196] error: _xgetaddrinfo: getaddrinfo(slurmctl02:6817) failed: System error: Device or resource busy
[2026-07-22T02:45:16.196] error: slurm_set_addr: Unable to resolve "slurmctl02"
[2026-07-22T02:45:41.203] error: _xgetaddrinfo: getaddrinfo(slurmctl01:6817) failed: System error: Device or resource busy
[2026-07-22T02:45:41.204] error: slurm_set_addr: Unable to resolve "slurmctl01"
[2026-07-22T02:45:41.208] error: _xgetaddrinfo: getaddrinfo(slurmctl02:6817) failed: System error: Device or resource busy
[2026-07-22T02:45:41.208] error: slurm_set_addr: Unable to resolve "slurmctl02"
[2026-07-22T02:46:06.216] error: _xgetaddrinfo: getaddrinfo(slurmctl01:6817) failed: System error: Device or resource busy
[2026-07-22T02:46:06.216] error: slurm_set_addr: Unable to resolve "slurmctl01"
[2026-07-22T02:46:06.221] error: _xgetaddrinfo: getaddrinfo(slurmctl02:6817) failed: System error: Device or resource busy
[2026-07-22T02:46:06.221] error: slurm_set_addr: Unable to resolve "slurmctl02"
[2026-07-22T02:46:31.228] error: _xgetaddrinfo: getaddrinfo(slurmctl01:6817) failed: System error: Device or resource busy
[2026-07-22T02:46:31.228] error: slurm_set_addr: Unable to resolve "slurmctl01"
[2026-07-22T02:46:31.233] error: _xgetaddrinfo: getaddrinfo(slurmctl02:6817) failed: System error: Device or resource busy
[2026-07-22T02:46:31.233] error: slurm_set_addr: Unable to resolve "slurmctl02"
[2026-07-22T02:46:56.240] error: _xgetaddrinfo: getaddrinfo(slurmctl01:6817) failed: System error: Device or resource busy
[2026-07-22T02:46:56.240] error: slurm_set_addr: Unable to resolve "slurmctl01"
[2026-07-22T02:46:56.245] error: _xgetaddrinfo: getaddrinfo(slurmctl02:6817) failed: System error: Device or resource busy
[2026-07-22T02:46:56.245] error: slurm_set_addr: Unable to resolve "slurmctl02"
[2026-07-22T02:47:21.253] error: _xgetaddrinfo: getaddrinfo(slurmctl01:6817) failed: System error: Device or resource busy
[2026-07-22T02:47:21.253] error: slurm_set_addr: Unable to resolve "slurmctl01"
[2026-07-22T02:47:21.258] error: _xgetaddrinfo: getaddrinfo(slurmctl02:6817) failed: System error: Device or resource busy
[2026-07-22T02:47:21.258] error: slurm_set_addr: Unable to resolve "slurmctl02"
[2026-07-22T02:47:46.265] error: _xgetaddrinfo: getaddrinfo(slurmctl01:6817) failed: System error: Device or resource busy
[2026-07-22T02:47:46.265] error: slurm_set_addr: Unable to resolve "slurmctl01"
[2026-07-22T02:47:46.270] error: _xgetaddrinfo: getaddrinfo(slurmctl02:6817) failed: System error: Device or resource busy
[2026-07-22T02:47:46.270] error: slurm_set_addr: Unable to resolve "slurmctl02"
[2026-07-22T02:48:11.277] error: _xgetaddrinfo: getaddrinfo(slurmctl01:6817) failed: System error: Device or resource busy
[2026-07-22T02:48:11.277] error: slurm_set_addr: Unable to resolve "slurmctl01"
[2026-07-22T02:48:11.282] error: _xgetaddrinfo: getaddrinfo(slurmctl02:6817) failed: System error: Device or resource busy
[2026-07-22T02:48:11.282] error: slurm_set_addr: Unable to resolve "slurmctl02"
[2026-07-22T02:48:36.289] error: _xgetaddrinfo: getaddrinfo(slurmctl01:6817) failed: System error: Device or resource busy
[2026-07-22T02:48:36.289] error: slurm_set_addr: Unable to resolve "slurmctl01"
[2026-07-22T02:48:36.294] error: _xgetaddrinfo: getaddrinfo(slurmctl02:6817) failed: System error: Device or resource busy
[2026-07-22T02:48:36.294] error: slurm_set_addr: Unable to resolve "slurmctl02"
[2026-07-22T02:49:01.301] error: _xgetaddrinfo: getaddrinfo(slurmctl01:6817) failed: System error: Device or resource busy
[2026-07-22T02:49:01.301] error: slurm_set_addr: Unable to resolve "slurmctl01"
[2026-07-22T02:49:01.306] error: _xgetaddrinfo: getaddrinfo(slurmctl02:6817) failed: System error: Device or resource busy
[2026-07-22T02:49:01.306] error: slurm_set_addr: Unable to resolve "slurmctl02"
[2026-07-22T02:49:26.313] error: _xgetaddrinfo: getaddrinfo(slurmctl01:6817) failed: System error: Device or resource busy
[2026-07-22T02:49:26.313] error: slurm_set_addr: Unable to resolve "slurmctl01"
[2026-07-22T02:49:26.319] error: _xgetaddrinfo: getaddrinfo(slurmctl02:6817) failed: System error: Device or resource busy
[2026-07-22T02:49:26.319] error: slurm_set_addr: Unable to resolve "slurmctl02"
[2026-07-22T02:49:51.326] error: _xgetaddrinfo: getaddrinfo(slurmctl01:6817) failed: System error: Device or resource busy
[2026-07-22T02:49:51.326] error: slurm_set_addr: Unable to resolve "slurmctl01"
[2026-07-22T02:49:51.330] error: _xgetaddrinfo: getaddrinfo(slurmctl02:6817) failed: System error: Device or resource busy
[2026-07-22T02:49:51.330] error: slurm_set_addr: Unable to resolve "slurmctl02"
[2026-07-22T02:50:16.337] error: _xgetaddrinfo: getaddrinfo(slurmctl01:6817) failed: System error: Device or resource busy
[2026-07-22T02:50:16.337] error: slurm_set_addr: Unable to resolve "slurmctl01"
[2026-07-22T02:50:16.342] error: _xgetaddrinfo: getaddrinfo(slurmctl02:6817) failed: System error: Device or resource busy
[2026-07-22T02:50:16.342] error: slurm_set_addr: Unable to resolve "slurmctl02"
[2026-07-22T02:50:41.350] error: _xgetaddrinfo: getaddrinfo(slurmctl01:6817) failed: System error: Device or resource busy
[2026-07-22T02:50:41.350] error: slurm_set_addr: Unable to resolve "slurmctl01"
[2026-07-22T02:50:41.355] error: _xgetaddrinfo: getaddrinfo(slurmctl02:6817) failed: System error: Device or resource busy
[2026-07-22T02:50:41.355] error: slurm_set_addr: Unable to resolve "slurmctl02"
[2026-07-22T02:51:06.362] error: _xgetaddrinfo: getaddrinfo(slurmctl01:6817) failed: System error: Device or resource busy
[2026-07-22T02:51:06.362] error: slurm_set_addr: Unable to resolve "slurmctl01"
[2026-07-22T02:51:06.367] error: _xgetaddrinfo: getaddrinfo(slurmctl02:6817) failed: System error: Device or resource busy
[2026-07-22T02:51:06.367] error: slurm_set_addr: Unable to resolve "slurmctl02"
[2026-07-22T02:51:31.374] error: _xgetaddrinfo: getaddrinfo(slurmctl01:6817) failed: System error: Device or resource busy
[2026-07-22T02:51:31.374] error: slurm_set_addr: Unable to resolve "slurmctl01"
[2026-07-22T02:51:31.379] error: _xgetaddrinfo: getaddrinfo(slurmctl02:6817) failed: System error: Device or resource busy
[2026-07-22T02:51:31.379] error: slurm_set_addr: Unable to resolve "slurmctl02"
[2026-07-22T02:51:56.386] error: _xgetaddrinfo: getaddrinfo(slurmctl01:6817) failed: System error: Device or resource busy
[2026-07-22T02:51:56.386] error: slurm_set_addr: Unable to resolve "slurmctl01"
[2026-07-22T02:51:56.391] error: _xgetaddrinfo: getaddrinfo(slurmctl02:6817) failed: System error: Device or resource busy
[2026-07-22T02:51:56.391] error: slurm_set_addr: Unable to resolve "slurmctl02"
[2026-07-22T02:52:21.398] error: _xgetaddrinfo: getaddrinfo(slurmctl01:6817) failed: System error: Device or resource busy
[2026-07-22T02:52:21.398] error: slurm_set_addr: Unable to resolve "slurmctl01"
[2026-07-22T02:52:21.402] error: _xgetaddrinfo: getaddrinfo(slurmctl02:6817) failed: System error: Device or resource busy
[2026-07-22T02:52:21.403] error: slurm_set_addr: Unable to resolve "slurmctl02"
[2026-07-22T02:52:46.412] error: _xgetaddrinfo: getaddrinfo(slurmctl01:6817) failed: System error: Device or resource busy
[2026-07-22T02:52:46.412] error: slurm_set_addr: Unable to resolve "slurmctl01"
[2026-07-22T02:52:46.416] error: _xgetaddrinfo: getaddrinfo(slurmctl02:6817) failed: System error: Device or resource busy
[2026-07-22T02:52:46.416] error: slurm_set_addr: Unable to resolve "slurmctl02"
[2026-07-22T02:53:11.423] error: _xgetaddrinfo: getaddrinfo(slurmctl01:6817) failed: System error: Device or resource busy
[2026-07-22T02:53:11.423] error: slurm_set_addr: Unable to resolve "slurmctl01"
[2026-07-22T02:53:11.428] error: _xgetaddrinfo: getaddrinfo(slurmctl02:6817) failed: System error: Device or resource busy
[2026-07-22T02:53:11.428] error: slurm_set_addr: Unable to resolve "slurmctl02"
[2026-07-22T02:53:36.434] error: _xgetaddrinfo: getaddrinfo(slurmctl01:6817) failed: System error: Device or resource busy
[2026-07-22T02:53:36.434] error: slurm_set_addr: Unable to resolve "slurmctl01"
[2026-07-22T02:53:36.439] error: _xgetaddrinfo: getaddrinfo(slurmctl02:6817) failed: System error: Device or resource busy
[2026-07-22T02:53:36.439] error: slurm_set_addr: Unable to resolve "slurmctl02"
[2026-07-22T02:54:01.446] error: _xgetaddrinfo: getaddrinfo(slurmctl01:6817) failed: System error: Device or resource busy
[2026-07-22T02:54:01.446] error: slurm_set_addr: Unable to resolve "slurmctl01"
[2026-07-22T02:54:01.451] error: _xgetaddrinfo: getaddrinfo(slurmctl02:6817) failed: System error: Device or resource busy
[2026-07-22T02:54:01.451] error: slurm_set_addr: Unable to resolve "slurmctl02"
[2026-07-22T02:54:26.458] error: _xgetaddrinfo: getaddrinfo(slurmctl01:6817) failed: System error: Device or resource busy
[2026-07-22T02:54:26.458] error: slurm_set_addr: Unable to resolve "slurmctl01"
[2026-07-22T02:54:26.463] error: _xgetaddrinfo: getaddrinfo(slurmctl02:6817) failed: System error: Device or resource busy
[2026-07-22T02:54:26.463] error: slurm_set_addr: Unable to resolve "slurmctl02"
[2026-07-22T02:54:51.470] error: _xgetaddrinfo: getaddrinfo(slurmctl01:6817) failed: System error: Device or resource busy
[2026-07-22T02:54:51.470] error: slurm_set_addr: Unable to resolve "slurmctl01"
[2026-07-22T02:54:51.475] error: _xgetaddrinfo: getaddrinfo(slurmctl02:6817) failed: System error: Device or resource busy
[2026-07-22T02:54:51.475] error: slurm_set_addr: Unable to resolve "slurmctl02"
[2026-07-22T02:55:16.482] error: _xgetaddrinfo: getaddrinfo(slurmctl01:6817) failed: System error: Device or resource busy
[2026-07-22T02:55:16.482] error: slurm_set_addr: Unable to resolve "slurmctl01"
[2026-07-22T02:55:16.487] error: _xgetaddrinfo: getaddrinfo(slurmctl02:6817) failed: System error: Device or resource busy
[2026-07-22T02:55:16.487] error: slurm_set_addr: Unable to resolve "slurmctl02"
[2026-07-22T02:55:41.494] error: _xgetaddrinfo: getaddrinfo(slurmctl01:6817) failed: System error: Device or resource busy
[2026-07-22T02:55:41.494] error: slurm_set_addr: Unable to resolve "slurmctl01"
[2026-07-22T02:55:41.499] error: _xgetaddrinfo: getaddrinfo(slurmctl02:6817) failed: System error: Device or resource busy
[2026-07-22T02:55:41.499] error: slurm_set_addr: Unable to resolve "slurmctl02"
[2026-07-22T02:56:06.506] error: _xgetaddrinfo: getaddrinfo(slurmctl01:6817) failed: System error: Device or resource busy
[2026-07-22T02:56:06.507] error: slurm_set_addr: Unable to resolve "slurmctl01"
[2026-07-22T02:56:06.512] error: _xgetaddrinfo: getaddrinfo(slurmctl02:6817) failed: System error: Device or resource busy
[2026-07-22T02:56:06.512] error: slurm_set_addr: Unable to resolve "slurmctl02"
[2026-07-22T02:56:31.518] error: _xgetaddrinfo: getaddrinfo(slurmctl01:6817) failed: System error: Device or resource busy
[2026-07-22T02:56:31.518] error: slurm_set_addr: Unable to resolve "slurmctl01"
[2026-07-22T02:56:31.524] error: _xgetaddrinfo: getaddrinfo(slurmctl02:6817) failed: System error: Device or resource busy
[2026-07-22T02:56:31.524] error: slurm_set_addr: Unable to resolve "slurmctl02"
[2026-07-22T02:56:56.531] error: _xgetaddrinfo: getaddrinfo(slurmctl01:6817) failed: System error: Device or resource busy
[2026-07-22T02:56:56.531] error: slurm_set_addr: Unable to resolve "slurmctl01"
[2026-07-22T02:56:56.536] error: _xgetaddrinfo: getaddrinfo(slurmctl02:6817) failed: System error: Device or resource busy
[2026-07-22T02:56:56.536] error: slurm_set_addr: Unable to resolve "slurmctl02"
[2026-07-22T02:57:21.543] error: _xgetaddrinfo: getaddrinfo(slurmctl01:6817) failed: System error: Device or resource busy
[2026-07-22T02:57:21.543] error: slurm_set_addr: Unable to resolve "slurmctl01"
[2026-07-22T02:57:21.548] error: _xgetaddrinfo: getaddrinfo(slurmctl02:6817) failed: System error: Device or resource busy
[2026-07-22T02:57:21.548] error: slurm_set_addr: Unable to resolve "slurmctl02"
[2026-07-22T02:57:46.555] error: _xgetaddrinfo: getaddrinfo(slurmctl01:6817) failed: System error: Device or resource busy
[2026-07-22T02:57:46.555] error: slurm_set_addr: Unable to resolve "slurmctl01"
[2026-07-22T02:57:46.560] error: _xgetaddrinfo: getaddrinfo(slurmctl02:6817) failed: System error: Device or resource busy
[2026-07-22T02:57:46.560] error: slurm_set_addr: Unable to resolve "slurmctl02"
[2026-07-22T02:58:11.568] error: _xgetaddrinfo: getaddrinfo(slurmctl01:6817) failed: System error: Device or resource busy
[2026-07-22T02:58:11.568] error: slurm_set_addr: Unable to resolve "slurmctl01"
[2026-07-22T02:58:11.573] error: _xgetaddrinfo: getaddrinfo(slurmctl02:6817) failed: System error: Device or resource busy
[2026-07-22T02:58:11.573] error: slurm_set_addr: Unable to resolve "slurmctl02"
[2026-07-22T02:58:36.580] error: _xgetaddrinfo: getaddrinfo(slurmctl01:6817) failed: System error: Device or resource busy
[2026-07-22T02:58:36.580] error: slurm_set_addr: Unable to resolve "slurmctl01"
[2026-07-22T02:58:36.585] error: _xgetaddrinfo: getaddrinfo(slurmctl02:6817) failed: System error: Device or resource busy
[2026-07-22T02:58:36.585] error: slurm_set_addr: Unable to resolve "slurmctl02"
[2026-07-22T02:59:01.592] error: _xgetaddrinfo: getaddrinfo(slurmctl01:6817) failed: System error: Device or resource busy
[2026-07-22T02:59:01.592] error: slurm_set_addr: Unable to resolve "slurmctl01"
[2026-07-22T02:59:01.597] error: _xgetaddrinfo: getaddrinfo(slurmctl02:6817) failed: System error: Device or resource busy
[2026-07-22T02:59:01.597] error: slurm_set_addr: Unable to resolve "slurmctl02"
[2026-07-22T02:59:26.604] error: _xgetaddrinfo: getaddrinfo(slurmctl01:6817) failed: System error: Device or resource busy
[2026-07-22T02:59:26.604] error: slurm_set_addr: Unable to resolve "slurmctl01"
[2026-07-22T02:59:26.609] error: _xgetaddrinfo: getaddrinfo(slurmctl02:6817) failed: System error: Device or resource busy
[2026-07-22T02:59:26.609] error: slurm_set_addr: Unable to resolve "slurmctl02"
[2026-07-22T02:59:51.616] error: _xgetaddrinfo: getaddrinfo(slurmctl01:6817) failed: System error: Device or resource busy
[2026-07-22T02:59:51.616] error: slurm_set_addr: Unable to resolve "slurmctl01"
[2026-07-22T02:59:51.621] error: _xgetaddrinfo: getaddrinfo(slurmctl02:6817) failed: System error: Device or resource busy
[2026-07-22T02:59:51.621] error: slurm_set_addr: Unable to resolve "slurmctl02"
[2026-07-22T03:00:16.628] error: _xgetaddrinfo: getaddrinfo(slurmctl01:6817) failed: System error: Device or resource busy
[2026-07-22T03:00:16.629] error: slurm_set_addr: Unable to resolve "slurmctl01"
[2026-07-22T03:00:16.634] error: _xgetaddrinfo: getaddrinfo(slurmctl02:6817) failed: System error: Device or resource busy
[2026-07-22T03:00:16.634] error: slurm_set_addr: Unable to resolve "slurmctl02"
[2026-07-22T03:00:41.641] error: _xgetaddrinfo: getaddrinfo(slurmctl01:6817) failed: System error: Device or resource busy
[2026-07-22T03:00:41.641] error: slurm_set_addr: Unable to resolve "slurmctl01"
[2026-07-22T03:00:41.646] error: _xgetaddrinfo: getaddrinfo(slurmctl02:6817) failed: System error: Device or resource busy
[2026-07-22T03:00:41.646] error: slurm_set_addr: Unable to resolve "slurmctl02"
[2026-07-22T03:01:06.653] error: _xgetaddrinfo: getaddrinfo(slurmctl01:6817) failed: System error: Device or resource busy
[2026-07-22T03:01:06.653] error: slurm_set_addr: Unable to resolve "slurmctl01"
[2026-07-22T03:01:06.657] error: _xgetaddrinfo: getaddrinfo(slurmctl02:6817) failed: System error: Device or resource busy
[2026-07-22T03:01:06.658] error: slurm_set_addr: Unable to resolve "slurmctl02"
[2026-07-22T03:01:31.665] error: _xgetaddrinfo: getaddrinfo(slurmctl01:6817) failed: System error: Device or resource busy
[2026-07-22T03:01:31.665] error: slurm_set_addr: Unable to resolve "slurmctl01"
[2026-07-22T03:01:31.670] error: _xgetaddrinfo: getaddrinfo(slurmctl02:6817) failed: System error: Device or resource busy
[2026-07-22T03:01:31.670] error: slurm_set_addr: Unable to resolve "slurmctl02"
[2026-07-22T03:01:56.677] error: _xgetaddrinfo: getaddrinfo(slurmctl01:6817) failed: System error: Device or resource busy
[2026-07-22T03:01:56.677] error: slurm_set_addr: Unable to resolve "slurmctl01"
[2026-07-22T03:01:56.682] error: _xgetaddrinfo: getaddrinfo(slurmctl02:6817) failed: System error: Device or resource busy
[2026-07-22T03:01:56.682] error: slurm_set_addr: Unable to resolve "slurmctl02"
[2026-07-22T03:02:21.689] error: _xgetaddrinfo: getaddrinfo(slurmctl01:6817) failed: System error: Device or resource busy
[2026-07-22T03:02:21.689] error: slurm_set_addr: Unable to resolve "slurmctl01"
[2026-07-22T03:02:21.694] error: _xgetaddrinfo: getaddrinfo(slurmctl02:6817) failed: System error: Device or resource busy
[2026-07-22T03:02:21.694] error: slurm_set_addr: Unable to resolve "slurmctl02"
[2026-07-22T03:02:46.701] error: _xgetaddrinfo: getaddrinfo(slurmctl01:6817) failed: System error: Device or resource busy
[2026-07-22T03:02:46.701] error: slurm_set_addr: Unable to resolve "slurmctl01"
[2026-07-22T03:02:46.706] error: _xgetaddrinfo: getaddrinfo(slurmctl02:6817) failed: System error: Device or resource busy
[2026-07-22T03:02:46.706] error: slurm_set_addr: Unable to resolve "slurmctl02"
[2026-07-22T03:03:11.713] error: _xgetaddrinfo: getaddrinfo(slurmctl01:6817) failed: System error: Device or resource busy
[2026-07-22T03:03:11.713] error: slurm_set_addr: Unable to resolve "slurmctl01"
[2026-07-22T03:03:11.717] error: _xgetaddrinfo: getaddrinfo(slurmctl02:6817) failed: System error: Device or resource busy
[2026-07-22T03:03:11.717] error: slurm_set_addr: Unable to resolve "slurmctl02"
[2026-07-22T03:03:36.724] error: _xgetaddrinfo: getaddrinfo(slurmctl01:6817) failed: System error: Device or resource busy
[2026-07-22T03:03:36.724] error: slurm_set_addr: Unable to resolve "slurmctl01"
[2026-07-22T03:03:36.729] error: _xgetaddrinfo: getaddrinfo(slurmctl02:6817) failed: System error: Device or resource busy
[2026-07-22T03:03:36.729] error: slurm_set_addr: Unable to resolve "slurmctl02"
[2026-07-22T03:04:01.736] error: _xgetaddrinfo: getaddrinfo(slurmctl01:6817) failed: System error: Device or resource busy
[2026-07-22T03:04:01.736] error: slurm_set_addr: Unable to resolve "slurmctl01"
[2026-07-22T03:04:01.741] error: _xgetaddrinfo: getaddrinfo(slurmctl02:6817) failed: System error: Device or resource busy
[2026-07-22T03:04:01.741] error: slurm_set_addr: Unable to resolve "slurmctl02"
[2026-07-22T03:04:26.748] error: _xgetaddrinfo: getaddrinfo(slurmctl01:6817) failed: System error: Device or resource busy
[2026-07-22T03:04:26.748] error: slurm_set_addr: Unable to resolve "slurmctl01"
[2026-07-22T03:04:26.753] error: _xgetaddrinfo: getaddrinfo(slurmctl02:6817) failed: System error: Device or resource busy
[2026-07-22T03:04:26.753] error: slurm_set_addr: Unable to resolve "slurmctl02"
[2026-07-22T03:04:51.760] error: _xgetaddrinfo: getaddrinfo(slurmctl01:6817) failed: System error: Device or resource busy
[2026-07-22T03:04:51.760] error: slurm_set_addr: Unable to resolve "slurmctl01"
[2026-07-22T03:04:51.765] error: _xgetaddrinfo: getaddrinfo(slurmctl02:6817) failed: System error: Device or resource busy
[2026-07-22T03:04:51.765] error: slurm_set_addr: Unable to resolve "slurmctl02"
[2026-07-22T03:05:16.772] error: _xgetaddrinfo: getaddrinfo(slurmctl01:6817) failed: System error: Device or resource busy
[2026-07-22T03:05:16.772] error: slurm_set_addr: Unable to resolve "slurmctl01"
[2026-07-22T03:05:16.777] error: _xgetaddrinfo: getaddrinfo(slurmctl02:6817) failed: System error: Device or resource busy
[2026-07-22T03:05:16.777] error: slurm_set_addr: Unable to resolve "slurmctl02"
[2026-07-22T03:05:41.784] error: _xgetaddrinfo: getaddrinfo(slurmctl01:6817) failed: System error: Device or resource busy
[2026-07-22T03:05:41.785] error: slurm_set_addr: Unable to resolve "slurmctl01"
[2026-07-22T03:05:41.790] error: _xgetaddrinfo: getaddrinfo(slurmctl02:6817) failed: System error: Device or resource busy
[2026-07-22T03:05:41.790] error: slurm_set_addr: Unable to resolve "slurmctl02"
[2026-07-22T03:06:06.797] error: _xgetaddrinfo: getaddrinfo(slurmctl01:6817) failed: System error: Device or resource busy
[2026-07-22T03:06:06.797] error: slurm_set_addr: Unable to resolve "slurmctl01"
[2026-07-22T03:06:06.802] error: _xgetaddrinfo: getaddrinfo(slurmctl02:6817) failed: System error: Device or resource busy
[2026-07-22T03:06:06.802] error: slurm_set_addr: Unable to resolve "slurmctl02"
[2026-07-22T03:06:31.809] error: _xgetaddrinfo: getaddrinfo(slurmctl01:6817) failed: System error: Device or resource busy
[2026-07-22T03:06:31.809] error: slurm_set_addr: Unable to resolve "slurmctl01"
[2026-07-22T03:06:31.814] error: _xgetaddrinfo: getaddrinfo(slurmctl02:6817) failed: System error: Device or resource busy
[2026-07-22T03:06:31.814] error: slurm_set_addr: Unable to resolve "slurmctl02"
[2026-07-22T03:06:56.821] error: _xgetaddrinfo: getaddrinfo(slurmctl01:6817) failed: System error: Device or resource busy
[2026-07-22T03:06:56.821] error: slurm_set_addr: Unable to resolve "slurmctl01"
[2026-07-22T03:06:56.826] error: _xgetaddrinfo: getaddrinfo(slurmctl02:6817) failed: System error: Device or resource busy
[2026-07-22T03:06:56.826] error: slurm_set_addr: Unable to resolve "slurmctl02"
[2026-07-22T03:07:21.833] error: _xgetaddrinfo: getaddrinfo(slurmctl01:6817) failed: System error: Device or resource busy
[2026-07-22T03:07:21.833] error: slurm_set_addr: Unable to resolve "slurmctl01"
[2026-07-22T03:07:21.838] error: _xgetaddrinfo: getaddrinfo(slurmctl02:6817) failed: System error: Device or resource busy
[2026-07-22T03:07:21.838] error: slurm_set_addr: Unable to resolve "slurmctl02"
[2026-07-22T03:07:46.845] error: _xgetaddrinfo: getaddrinfo(slurmctl01:6817) failed: System error: Device or resource busy
[2026-07-22T03:07:46.845] error: slurm_set_addr: Unable to resolve "slurmctl01"
[2026-07-22T03:07:46.850] error: _xgetaddrinfo: getaddrinfo(slurmctl02:6817) failed: System error: Device or resource busy
[2026-07-22T03:07:46.850] error: slurm_set_addr: Unable to resolve "slurmctl02"
[2026-07-22T03:08:11.857] error: _xgetaddrinfo: getaddrinfo(slurmctl01:6817) failed: System error: Device or resource busy
[2026-07-22T03:08:11.857] error: slurm_set_addr: Unable to resolve "slurmctl01"
[2026-07-22T03:08:11.862] error: _xgetaddrinfo: getaddrinfo(slurmctl02:6817) failed: System error: Device or resource busy
[2026-07-22T03:08:11.862] error: slurm_set_addr: Unable to resolve "slurmctl02"
[2026-07-22T03:08:36.868] error: _xgetaddrinfo: getaddrinfo(slurmctl01:6817) failed: System error: Device or resource busy
[2026-07-22T03:08:36.868] error: slurm_set_addr: Unable to resolve "slurmctl01"
[2026-07-22T03:08:36.873] error: _xgetaddrinfo: getaddrinfo(slurmctl02:6817) failed: System error: Device or resource busy
[2026-07-22T03:08:36.873] error: slurm_set_addr: Unable to resolve "slurmctl02"
[2026-07-22T03:09:01.880] error: _xgetaddrinfo: getaddrinfo(slurmctl01:6817) failed: System error: Device or resource busy
[2026-07-22T03:09:01.880] error: slurm_set_addr: Unable to resolve "slurmctl01"
[2026-07-22T03:09:01.885] error: _xgetaddrinfo: getaddrinfo(slurmctl02:6817) failed: System error: Device or resource busy
[2026-07-22T03:09:01.885] error: slurm_set_addr: Unable to resolve "slurmctl02"
[2026-07-22T03:09:26.893] error: _xgetaddrinfo: getaddrinfo(slurmctl01:6817) failed: System error: Device or resource busy
[2026-07-22T03:09:26.893] error: slurm_set_addr: Unable to resolve "slurmctl01"
[2026-07-22T03:09:26.898] error: _xgetaddrinfo: getaddrinfo(slurmctl02:6817) failed: System error: Device or resource busy
[2026-07-22T03:09:26.898] error: slurm_set_addr: Unable to resolve "slurmctl02"
[2026-07-22T03:09:51.905] error: _xgetaddrinfo: getaddrinfo(slurmctl01:6817) failed: System error: Device or resource busy
[2026-07-22T03:09:51.905] error: slurm_set_addr: Unable to resolve "slurmctl01"
[2026-07-22T03:09:51.910] error: _xgetaddrinfo: getaddrinfo(slurmctl02:6817) failed: System error: Device or resource busy
[2026-07-22T03:09:51.910] error: slurm_set_addr: Unable to resolve "slurmctl02"
[2026-07-22T03:10:16.918] error: _xgetaddrinfo: getaddrinfo(slurmctl01:6817) failed: System error: Device or resource busy
[2026-07-22T03:10:16.918] error: slurm_set_addr: Unable to resolve "slurmctl01"
[2026-07-22T03:10:16.923] error: _xgetaddrinfo: getaddrinfo(slurmctl02:6817) failed: System error: Device or resource busy
[2026-07-22T03:10:16.923] error: slurm_set_addr: Unable to resolve "slurmctl02"
[2026-07-22T03:10:41.930] error: _xgetaddrinfo: getaddrinfo(slurmctl01:6817) failed: System error: Device or resource busy
[2026-07-22T03:10:41.930] error: slurm_set_addr: Unable to resolve "slurmctl01"
[2026-07-22T03:10:41.935] error: _xgetaddrinfo: getaddrinfo(slurmctl02:6817) failed: System error: Device or resource busy
[2026-07-22T03:10:41.935] error: slurm_set_addr: Unable to resolve "slurmctl02"
[2026-07-22T03:11:06.942] error: _xgetaddrinfo: getaddrinfo(slurmctl01:6817) failed: System error: Device or resource busy
[2026-07-22T03:11:06.942] error: slurm_set_addr: Unable to resolve "slurmctl01"
[2026-07-22T03:11:06.947] error: _xgetaddrinfo: getaddrinfo(slurmctl02:6817) failed: System error: Device or resource busy
[2026-07-22T03:11:06.948] error: slurm_set_addr: Unable to resolve "slurmctl02"
[2026-07-22T03:11:31.955] error: _xgetaddrinfo: getaddrinfo(slurmctl01:6817) failed: System error: Device or resource busy
[2026-07-22T03:11:31.955] error: slurm_set_addr: Unable to resolve "slurmctl01"
[2026-07-22T03:11:31.960] error: _xgetaddrinfo: getaddrinfo(slurmctl02:6817) failed: System error: Device or resource busy
[2026-07-22T03:11:31.960] error: slurm_set_addr: Unable to resolve "slurmctl02"
[2026-07-22T03:11:56.967] error: _xgetaddrinfo: getaddrinfo(slurmctl01:6817) failed: System error: Device or resource busy
[2026-07-22T03:11:56.967] error: slurm_set_addr: Unable to resolve "slurmctl01"
[2026-07-22T03:11:56.972] error: _xgetaddrinfo: getaddrinfo(slurmctl02:6817) failed: System error: Device or resource busy
[2026-07-22T03:11:56.972] error: slurm_set_addr: Unable to resolve "slurmctl02"
[2026-07-22T03:12:21.979] error: _xgetaddrinfo: getaddrinfo(slurmctl01:6817) failed: System error: Device or resource busy
[2026-07-22T03:12:21.979] error: slurm_set_addr: Unable to resolve "slurmctl01"
[2026-07-22T03:12:21.984] error: _xgetaddrinfo: getaddrinfo(slurmctl02:6817) failed: System error: Device or resource busy
[2026-07-22T03:12:21.984] error: slurm_set_addr: Unable to resolve "slurmctl02"
[2026-07-22T03:12:46.992] error: _xgetaddrinfo: getaddrinfo(slurmctl01:6817) failed: System error: Device or resource busy
[2026-07-22T03:12:46.992] error: slurm_set_addr: Unable to resolve "slurmctl01"
[2026-07-22T03:12:46.997] error: _xgetaddrinfo: getaddrinfo(slurmctl02:6817) failed: System error: Device or resource busy
[2026-07-22T03:12:46.997] error: slurm_set_addr: Unable to resolve "slurmctl02"
[2026-07-22T03:13:12.004] error: _xgetaddrinfo: getaddrinfo(slurmctl01:6817) failed: System error: Device or resource busy
[2026-07-22T03:13:12.004] error: slurm_set_addr: Unable to resolve "slurmctl01"
[2026-07-22T03:13:12.010] error: _xgetaddrinfo: getaddrinfo(slurmctl02:6817) failed: System error: Device or resource busy
[2026-07-22T03:13:12.010] error: slurm_set_addr: Unable to resolve "slurmctl02"
[2026-07-22T03:13:37.017] error: _xgetaddrinfo: getaddrinfo(slurmctl01:6817) failed: System error: Device or resource busy
[2026-07-22T03:13:37.017] error: slurm_set_addr: Unable to resolve "slurmctl01"
[2026-07-22T03:13:37.022] error: _xgetaddrinfo: getaddrinfo(slurmctl02:6817) failed: System error: Device or resource busy
[2026-07-22T03:13:37.022] error: slurm_set_addr: Unable to resolve "slurmctl02"
[2026-07-22T03:14:02.029] error: _xgetaddrinfo: getaddrinfo(slurmctl01:6817) failed: System error: Device or resource busy
[2026-07-22T03:14:02.029] error: slurm_set_addr: Unable to resolve "slurmctl01"
[2026-07-22T03:14:02.034] error: _xgetaddrinfo: getaddrinfo(slurmctl02:6817) failed: System error: Device or resource busy
[2026-07-22T03:14:02.034] error: slurm_set_addr: Unable to resolve "slurmctl02"
[2026-07-22T03:14:27.042] error: _xgetaddrinfo: getaddrinfo(slurmctl01:6817) failed: System error: Device or resource busy
[2026-07-22T03:14:27.042] error: slurm_set_addr: Unable to resolve "slurmctl01"
[2026-07-22T03:14:27.046] error: _xgetaddrinfo: getaddrinfo(slurmctl02:6817) failed: System error: Device or resource busy
[2026-07-22T03:14:27.046] error: slurm_set_addr: Unable to resolve "slurmctl02"
[2026-07-22T03:14:52.054] error: _xgetaddrinfo: getaddrinfo(slurmctl01:6817) failed: System error: Device or resource busy
[2026-07-22T03:14:52.054] error: slurm_set_addr: Unable to resolve "slurmctl01"
[2026-07-22T03:14:52.059] error: _xgetaddrinfo: getaddrinfo(slurmctl02:6817) failed: System error: Device or resource busy
[2026-07-22T03:14:52.059] error: slurm_set_addr: Unable to resolve "slurmctl02"
[2026-07-22T03:15:17.066] error: _xgetaddrinfo: getaddrinfo(slurmctl01:6817) failed: System error: Device or resource busy
[2026-07-22T03:15:17.066] error: slurm_set_addr: Unable to resolve "slurmctl01"
[2026-07-22T03:15:17.071] error: _xgetaddrinfo: getaddrinfo(slurmctl02:6817) failed: System error: Device or resource busy
[2026-07-22T03:15:17.071] error: slurm_set_addr: Unable to resolve "slurmctl02"
[2026-07-22T03:15:42.078] error: _xgetaddrinfo: getaddrinfo(slurmctl01:6817) failed: System error: Device or resource busy
[2026-07-22T03:15:42.079] error: slurm_set_addr: Unable to resolve "slurmctl01"
[2026-07-22T03:15:42.083] error: _xgetaddrinfo: getaddrinfo(slurmctl02:6817) failed: System error: Device or resource busy
[2026-07-22T03:15:42.083] error: slurm_set_addr: Unable to resolve "slurmctl02"
[2026-07-22T03:16:07.091] error: _xgetaddrinfo: getaddrinfo(slurmctl01:6817) failed: System error: Device or resource busy
[2026-07-22T03:16:07.091] error: slurm_set_addr: Unable to resolve "slurmctl01"
[2026-07-22T03:16:07.096] error: _xgetaddrinfo: getaddrinfo(slurmctl02:6817) failed: System error: Device or resource busy
[2026-07-22T03:16:07.096] error: slurm_set_addr: Unable to resolve "slurmctl02"
[2026-07-22T03:16:32.103] error: _xgetaddrinfo: getaddrinfo(slurmctl01:6817) failed: System error: Device or resource busy
[2026-07-22T03:16:32.104] error: slurm_set_addr: Unable to resolve "slurmctl01"
[2026-07-22T03:16:32.109] error: _xgetaddrinfo: getaddrinfo(slurmctl02:6817) failed: System error: Device or resource busy
[2026-07-22T03:16:32.109] error: slurm_set_addr: Unable to resolve "slurmctl02"
[2026-07-22T03:16:57.116] error: _xgetaddrinfo: getaddrinfo(slurmctl01:6817) failed: System error: Device or resource busy
[2026-07-22T03:16:57.116] error: slurm_set_addr: Unable to resolve "slurmctl01"
[2026-07-22T03:16:57.121] error: _xgetaddrinfo: getaddrinfo(slurmctl02:6817) failed: System error: Device or resource busy
[2026-07-22T03:16:57.121] error: slurm_set_addr: Unable to resolve "slurmctl02"
[2026-07-22T03:17:22.128] error: _xgetaddrinfo: getaddrinfo(slurmctl01:6817) failed: System error: Device or resource busy
[2026-07-22T03:17:22.128] error: slurm_set_addr: Unable to resolve "slurmctl01"
[2026-07-22T03:17:22.133] error: _xgetaddrinfo: getaddrinfo(slurmctl02:6817) failed: System error: Device or resource busy
[2026-07-22T03:17:22.133] error: slurm_set_addr: Unable to resolve "slurmctl02"
[2026-07-22T03:17:47.141] error: _xgetaddrinfo: getaddrinfo(slurmctl01:6817) failed: System error: Device or resource busy
[2026-07-22T03:17:47.141] error: slurm_set_addr: Unable to resolve "slurmctl01"
[2026-07-22T03:17:47.146] error: _xgetaddrinfo: getaddrinfo(slurmctl02:6817) failed: System error: Device or resource busy
[2026-07-22T03:17:47.146] error: slurm_set_addr: Unable to resolve "slurmctl02"
[2026-07-22T03:18:12.153] error: _xgetaddrinfo: getaddrinfo(slurmctl01:6817) failed: System error: Device or resource busy
[2026-07-22T03:18:12.153] error: slurm_set_addr: Unable to resolve "slurmctl01"
[2026-07-22T03:18:12.158] error: _xgetaddrinfo: getaddrinfo(slurmctl02:6817) failed: System error: Device or resource busy
[2026-07-22T03:18:12.158] error: slurm_set_addr: Unable to resolve "slurmctl02"
[2026-07-22T03:18:37.165] error: _xgetaddrinfo: getaddrinfo(slurmctl01:6817) failed: System error: Device or resource busy
[2026-07-22T03:18:37.166] error: slurm_set_addr: Unable to resolve "slurmctl01"
[2026-07-22T03:18:37.170] error: _xgetaddrinfo: getaddrinfo(slurmctl02:6817) failed: System error: Device or resource busy
[2026-07-22T03:18:37.170] error: slurm_set_addr: Unable to resolve "slurmctl02"
[2026-07-22T03:19:02.177] error: _xgetaddrinfo: getaddrinfo(slurmctl01:6817) failed: System error: Device or resource busy
[2026-07-22T03:19:02.178] error: slurm_set_addr: Unable to resolve "slurmctl01"
[2026-07-22T03:19:02.182] error: _xgetaddrinfo: getaddrinfo(slurmctl02:6817) failed: System error: Device or resource busy
[2026-07-22T03:19:02.182] error: slurm_set_addr: Unable to resolve "slurmctl02"
[2026-07-22T03:19:27.189] error: _xgetaddrinfo: getaddrinfo(slurmctl01:6817) failed: System error: Device or resource busy
[2026-07-22T03:19:27.189] error: slurm_set_addr: Unable to resolve "slurmctl01"
[2026-07-22T03:19:27.194] error: _xgetaddrinfo: getaddrinfo(slurmctl02:6817) failed: System error: Device or resource busy
[2026-07-22T03:19:27.194] error: slurm_set_addr: Unable to resolve "slurmctl02"
[2026-07-22T03:19:52.201] error: _xgetaddrinfo: getaddrinfo(slurmctl01:6817) failed: System error: Device or resource busy
[2026-07-22T03:19:52.202] error: slurm_set_addr: Unable to resolve "slurmctl01"
[2026-07-22T03:19:52.206] error: _xgetaddrinfo: getaddrinfo(slurmctl02:6817) failed: System error: Device or resource busy
[2026-07-22T03:19:52.207] error: slurm_set_addr: Unable to resolve "slurmctl02"
[2026-07-22T03:20:17.214] error: _xgetaddrinfo: getaddrinfo(slurmctl01:6817) failed: System error: Device or resource busy
[2026-07-22T03:20:17.214] error: slurm_set_addr: Unable to resolve "slurmctl01"
[2026-07-22T03:20:17.219] error: _xgetaddrinfo: getaddrinfo(slurmctl02:6817) failed: System error: Device or resource busy
[2026-07-22T03:20:17.219] error: slurm_set_addr: Unable to resolve "slurmctl02"
[2026-07-22T03:20:42.226] error: _xgetaddrinfo: getaddrinfo(slurmctl01:6817) failed: System error: Device or resource busy
[2026-07-22T03:20:42.226] error: slurm_set_addr: Unable to resolve "slurmctl01"
[2026-07-22T03:20:42.231] error: _xgetaddrinfo: getaddrinfo(slurmctl02:6817) failed: System error: Device or resource busy
[2026-07-22T03:20:42.231] error: slurm_set_addr: Unable to resolve "slurmctl02"
[2026-07-22T03:21:07.238] error: _xgetaddrinfo: getaddrinfo(slurmctl01:6817) failed: System error: Device or resource busy
[2026-07-22T03:21:07.238] error: slurm_set_addr: Unable to resolve "slurmctl01"
[2026-07-22T03:21:07.243] error: _xgetaddrinfo: getaddrinfo(slurmctl02:6817) failed: System error: Device or resource busy
[2026-07-22T03:21:07.243] error: slurm_set_addr: Unable to resolve "slurmctl02"
[2026-07-22T03:21:32.250] error: _xgetaddrinfo: getaddrinfo(slurmctl01:6817) failed: System error: Device or resource busy
[2026-07-22T03:21:32.250] error: slurm_set_addr: Unable to resolve "slurmctl01"
[2026-07-22T03:21:32.256] error: _xgetaddrinfo: getaddrinfo(slurmctl02:6817) failed: System error: Device or resource busy
[2026-07-22T03:21:32.256] error: slurm_set_addr: Unable to resolve "slurmctl02"
[2026-07-22T03:21:57.263] error: _xgetaddrinfo: getaddrinfo(slurmctl01:6817) failed: System error: Device or resource busy
[2026-07-22T03:21:57.263] error: slurm_set_addr: Unable to resolve "slurmctl01"
[2026-07-22T03:21:57.267] error: _xgetaddrinfo: getaddrinfo(slurmctl02:6817) failed: System error: Device or resource busy
[2026-07-22T03:21:57.268] error: slurm_set_addr: Unable to resolve "slurmctl02"
[2026-07-22T03:22:22.275] error: _xgetaddrinfo: getaddrinfo(slurmctl01:6817) failed: System error: Device or resource busy
[2026-07-22T03:22:22.275] error: slurm_set_addr: Unable to resolve "slurmctl01"
[2026-07-22T03:22:22.280] error: _xgetaddrinfo: getaddrinfo(slurmctl02:6817) failed: System error: Device or resource busy
[2026-07-22T03:22:22.280] error: slurm_set_addr: Unable to resolve "slurmctl02"
[2026-07-22T03:22:47.287] error: _xgetaddrinfo: getaddrinfo(slurmctl01:6817) failed: System error: Device or resource busy
[2026-07-22T03:22:47.287] error: slurm_set_addr: Unable to resolve "slurmctl01"
[2026-07-22T03:22:47.292] error: _xgetaddrinfo: getaddrinfo(slurmctl02:6817) failed: System error: Device or resource busy
[2026-07-22T03:22:47.292] error: slurm_set_addr: Unable to resolve "slurmctl02"
[2026-07-22T03:23:12.299] error: _xgetaddrinfo: getaddrinfo(slurmctl01:6817) failed: System error: Device or resource busy
[2026-07-22T03:23:12.299] error: slurm_set_addr: Unable to resolve "slurmctl01"
[2026-07-22T03:23:12.304] error: _xgetaddrinfo: getaddrinfo(slurmctl02:6817) failed: System error: Device or resource busy
[2026-07-22T03:23:12.304] error: slurm_set_addr: Unable to resolve "slurmctl02"
[2026-07-22T03:23:37.311] error: _xgetaddrinfo: getaddrinfo(slurmctl01:6817) failed: System error: Device or resource busy
[2026-07-22T03:23:37.311] error: slurm_set_addr: Unable to resolve "slurmctl01"
[2026-07-22T03:23:37.316] error: _xgetaddrinfo: getaddrinfo(slurmctl02:6817) failed: System error: Device or resource busy
[2026-07-22T03:23:37.317] error: slurm_set_addr: Unable to resolve "slurmctl02"
[2026-07-22T03:24:02.324] error: _xgetaddrinfo: getaddrinfo(slurmctl01:6817) failed: System error: Device or resource busy
[2026-07-22T03:24:02.324] error: slurm_set_addr: Unable to resolve "slurmctl01"
[2026-07-22T03:24:02.329] error: _xgetaddrinfo: getaddrinfo(slurmctl02:6817) failed: System error: Device or resource busy
[2026-07-22T03:24:02.329] error: slurm_set_addr: Unable to resolve "slurmctl02"
[2026-07-22T03:24:27.336] error: _xgetaddrinfo: getaddrinfo(slurmctl01:6817) failed: System error: Device or resource busy
[2026-07-22T03:24:27.336] error: slurm_set_addr: Unable to resolve "slurmctl01"
[2026-07-22T03:24:27.341] error: _xgetaddrinfo: getaddrinfo(slurmctl02:6817) failed: System error: Device or resource busy
[2026-07-22T03:24:27.341] error: slurm_set_addr: Unable to resolve "slurmctl02"
[2026-07-22T03:24:52.348] error: _xgetaddrinfo: getaddrinfo(slurmctl01:6817) failed: System error: Device or resource busy
[2026-07-22T03:24:52.348] error: slurm_set_addr: Unable to resolve "slurmctl01"
[2026-07-22T03:24:52.353] error: _xgetaddrinfo: getaddrinfo(slurmctl02:6817) failed: System error: Device or resource busy
[2026-07-22T03:24:52.353] error: slurm_set_addr: Unable to resolve "slurmctl02"
[2026-07-22T03:25:17.360] error: _xgetaddrinfo: getaddrinfo(slurmctl01:6817) failed: System error: Device or resource busy
[2026-07-22T03:25:17.360] error: slurm_set_addr: Unable to resolve "slurmctl01"
[2026-07-22T03:25:17.365] error: _xgetaddrinfo: getaddrinfo(slurmctl02:6817) failed: System error: Device or resource busy
[2026-07-22T03:25:17.365] error: slurm_set_addr: Unable to resolve "slurmctl02"
[2026-07-22T03:25:42.372] error: _xgetaddrinfo: getaddrinfo(slurmctl01:6817) failed: System error: Device or resource busy
[2026-07-22T03:25:42.372] error: slurm_set_addr: Unable to resolve "slurmctl01"
[2026-07-22T03:25:42.377] error: _xgetaddrinfo: getaddrinfo(slurmctl02:6817) failed: System error: Device or resource busy
[2026-07-22T03:25:42.377] error: slurm_set_addr: Unable to resolve "slurmctl02"
[2026-07-22T03:26:07.384] error: _xgetaddrinfo: getaddrinfo(slurmctl01:6817) failed: System error: Device or resource busy
[2026-07-22T03:26:07.385] error: slurm_set_addr: Unable to resolve "slurmctl01"
[2026-07-22T03:26:07.390] error: _xgetaddrinfo: getaddrinfo(slurmctl02:6817) failed: System error: Device or resource busy
[2026-07-22T03:26:07.390] error: slurm_set_addr: Unable to resolve "slurmctl02"
[2026-07-22T03:26:32.397] error: _xgetaddrinfo: getaddrinfo(slurmctl01:6817) failed: System error: Device or resource busy
[2026-07-22T03:26:32.397] error: slurm_set_addr: Unable to resolve "slurmctl01"
[2026-07-22T03:26:32.402] error: _xgetaddrinfo: getaddrinfo(slurmctl02:6817) failed: System error: Device or resource busy
[2026-07-22T03:26:32.402] error: slurm_set_addr: Unable to resolve "slurmctl02"
[2026-07-22T03:26:57.409] error: _xgetaddrinfo: getaddrinfo(slurmctl01:6817) failed: System error: Device or resource busy
[2026-07-22T03:26:57.409] error: slurm_set_addr: Unable to resolve "slurmctl01"
[2026-07-22T03:26:57.414] error: _xgetaddrinfo: getaddrinfo(slurmctl02:6817) failed: System error: Device or resource busy
[2026-07-22T03:26:57.414] error: slurm_set_addr: Unable to resolve "slurmctl02"
[2026-07-22T03:27:22.422] error: _xgetaddrinfo: getaddrinfo(slurmctl01:6817) failed: System error: Device or resource busy
[2026-07-22T03:27:22.422] error: slurm_set_addr: Unable to resolve "slurmctl01"
[2026-07-22T03:27:22.427] error: _xgetaddrinfo: getaddrinfo(slurmctl02:6817) failed: System error: Device or resource busy
[2026-07-22T03:27:22.427] error: slurm_set_addr: Unable to resolve "slurmctl02"
[2026-07-22T03:27:47.434] error: _xgetaddrinfo: getaddrinfo(slurmctl01:6817) failed: System error: Device or resource busy
[2026-07-22T03:27:47.434] error: slurm_set_addr: Unable to resolve "slurmctl01"
[2026-07-22T03:27:47.439] error: _xgetaddrinfo: getaddrinfo(slurmctl02:6817) failed: System error: Device or resource busy
[2026-07-22T03:27:47.439] error: slurm_set_addr: Unable to resolve "slurmctl02"
[2026-07-22T03:28:12.446] error: _xgetaddrinfo: getaddrinfo(slurmctl01:6817) failed: System error: Device or resource busy
[2026-07-22T03:28:12.447] error: slurm_set_addr: Unable to resolve "slurmctl01"
[2026-07-22T03:28:12.452] error: _xgetaddrinfo: getaddrinfo(slurmctl02:6817) failed: System error: Device or resource busy
[2026-07-22T03:28:12.452] error: slurm_set_addr: Unable to resolve "slurmctl02"
[2026-07-22T03:28:37.459] error: _xgetaddrinfo: getaddrinfo(slurmctl01:6817) failed: System error: Device or resource busy
[2026-07-22T03:28:37.459] error: slurm_set_addr: Unable to resolve "slurmctl01"
[2026-07-22T03:28:37.464] error: _xgetaddrinfo: getaddrinfo(slurmctl02:6817) failed: System error: Device or resource busy
[2026-07-22T03:28:37.464] error: slurm_set_addr: Unable to resolve "slurmctl02"
[2026-07-22T03:29:02.471] error: _xgetaddrinfo: getaddrinfo(slurmctl01:6817) failed: System error: Device or resource busy
[2026-07-22T03:29:02.472] error: slurm_set_addr: Unable to resolve "slurmctl01"
[2026-07-22T03:29:02.477] error: _xgetaddrinfo: getaddrinfo(slurmctl02:6817) failed: System error: Device or resource busy
[2026-07-22T03:29:02.477] error: slurm_set_addr: Unable to resolve "slurmctl02"
[2026-07-22T03:29:27.484] error: _xgetaddrinfo: getaddrinfo(slurmctl01:6817) failed: System error: Device or resource busy
[2026-07-22T03:29:27.484] error: slurm_set_addr: Unable to resolve "slurmctl01"
[2026-07-22T03:29:27.489] error: _xgetaddrinfo: getaddrinfo(slurmctl02:6817) failed: System error: Device or resource busy
[2026-07-22T03:29:27.489] error: slurm_set_addr: Unable to resolve "slurmctl02"
[2026-07-22T03:29:52.496] error: _xgetaddrinfo: getaddrinfo(slurmctl01:6817) failed: System error: Device or resource busy
[2026-07-22T03:29:52.496] error: slurm_set_addr: Unable to resolve "slurmctl01"
[2026-07-22T03:29:52.501] error: _xgetaddrinfo: getaddrinfo(slurmctl02:6817) failed: System error: Device or resource busy
[2026-07-22T03:29:52.501] error: slurm_set_addr: Unable to resolve "slurmctl02"
[2026-07-22T03:30:17.509] error: _xgetaddrinfo: getaddrinfo(slurmctl01:6817) failed: System error: Device or resource busy
[2026-07-22T03:30:17.509] error: slurm_set_addr: Unable to resolve "slurmctl01"
[2026-07-22T03:30:17.514] error: _xgetaddrinfo: getaddrinfo(slurmctl02:6817) failed: System error: Device or resource busy
[2026-07-22T03:30:17.514] error: slurm_set_addr: Unable to resolve "slurmctl02"
[2026-07-22T03:30:42.521] error: _xgetaddrinfo: getaddrinfo(slurmctl01:6817) failed: System error: Device or resource busy
[2026-07-22T03:30:42.521] error: slurm_set_addr: Unable to resolve "slurmctl01"
[2026-07-22T03:30:42.526] error: _xgetaddrinfo: getaddrinfo(slurmctl02:6817) failed: System error: Device or resource busy
[2026-07-22T03:30:42.527] error: slurm_set_addr: Unable to resolve "slurmctl02"
[2026-07-22T03:31:07.534] error: _xgetaddrinfo: getaddrinfo(slurmctl01:6817) failed: System error: Device or resource busy
[2026-07-22T03:31:07.534] error: slurm_set_addr: Unable to resolve "slurmctl01"
[2026-07-22T03:31:07.540] error: _xgetaddrinfo: getaddrinfo(slurmctl02:6817) failed: System error: Device or resource busy
[2026-07-22T03:31:07.540] error: slurm_set_addr: Unable to resolve "slurmctl02"
[2026-07-22T03:31:32.546] error: _xgetaddrinfo: getaddrinfo(slurmctl01:6817) failed: System error: Device or resource busy
[2026-07-22T03:31:32.547] error: slurm_set_addr: Unable to resolve "slurmctl01"
[2026-07-22T03:31:32.551] error: _xgetaddrinfo: getaddrinfo(slurmctl02:6817) failed: System error: Device or resource busy
[2026-07-22T03:31:32.551] error: slurm_set_addr: Unable to resolve "slurmctl02"
[2026-07-22T03:31:57.558] error: _xgetaddrinfo: getaddrinfo(slurmctl01:6817) failed: System error: Device or resource busy
[2026-07-22T03:31:57.559] error: slurm_set_addr: Unable to resolve "slurmctl01"
[2026-07-22T03:31:57.564] error: _xgetaddrinfo: getaddrinfo(slurmctl02:6817) failed: System error: Device or resource busy
[2026-07-22T03:31:57.564] error: slurm_set_addr: Unable to resolve "slurmctl02"
[2026-07-22T03:32:22.571] error: _xgetaddrinfo: getaddrinfo(slurmctl01:6817) failed: System error: Device or resource busy
[2026-07-22T03:32:22.571] error: slurm_set_addr: Unable to resolve "slurmctl01"
[2026-07-22T03:32:22.576] error: _xgetaddrinfo: getaddrinfo(slurmctl02:6817) failed: System error: Device or resource busy
[2026-07-22T03:32:22.576] error: slurm_set_addr: Unable to resolve "slurmctl02"
[2026-07-22T03:32:47.582] error: _xgetaddrinfo: getaddrinfo(slurmctl01:6817) failed: System error: Device or resource busy
[2026-07-22T03:32:47.582] error: slurm_set_addr: Unable to resolve "slurmctl01"
[2026-07-22T03:32:47.589] error: _xgetaddrinfo: getaddrinfo(slurmctl02:6817) failed: System error: Device or resource busy
[2026-07-22T03:32:47.589] error: slurm_set_addr: Unable to resolve "slurmctl02"
[2026-07-22T03:33:12.596] error: _xgetaddrinfo: getaddrinfo(slurmctl01:6817) failed: System error: Device or resource busy
[2026-07-22T03:33:12.596] error: slurm_set_addr: Unable to resolve "slurmctl01"
[2026-07-22T03:33:12.600] error: _xgetaddrinfo: getaddrinfo(slurmctl02:6817) failed: System error: Device or resource busy
[2026-07-22T03:33:12.600] error: slurm_set_addr: Unable to resolve "slurmctl02"
[2026-07-22T03:33:37.607] error: _xgetaddrinfo: getaddrinfo(slurmctl01:6817) failed: System error: Device or resource busy
[2026-07-22T03:33:37.608] error: slurm_set_addr: Unable to resolve "slurmctl01"
[2026-07-22T03:33:37.612] error: _xgetaddrinfo: getaddrinfo(slurmctl02:6817) failed: System error: Device or resource busy
[2026-07-22T03:33:37.612] error: slurm_set_addr: Unable to resolve "slurmctl02"
[2026-07-22T03:34:02.620] error: _xgetaddrinfo: getaddrinfo(slurmctl01:6817) failed: System error: Device or resource busy
[2026-07-22T03:34:02.620] error: slurm_set_addr: Unable to resolve "slurmctl01"
[2026-07-22T03:34:02.626] error: _xgetaddrinfo: getaddrinfo(slurmctl02:6817) failed: System error: Device or resource busy
[2026-07-22T03:34:02.626] error: slurm_set_addr: Unable to resolve "slurmctl02"
[2026-07-22T03:34:27.633] error: _xgetaddrinfo: getaddrinfo(slurmctl01:6817) failed: System error: Device or resource busy
[2026-07-22T03:34:27.633] error: slurm_set_addr: Unable to resolve "slurmctl01"
[2026-07-22T03:34:27.638] error: _xgetaddrinfo: getaddrinfo(slurmctl02:6817) failed: System error: Device or resource busy
[2026-07-22T03:34:27.638] error: slurm_set_addr: Unable to resolve "slurmctl02"
[2026-07-22T03:34:52.645] error: _xgetaddrinfo: getaddrinfo(slurmctl01:6817) failed: System error: Device or resource busy
[2026-07-22T03:34:52.645] error: slurm_set_addr: Unable to resolve "slurmctl01"
[2026-07-22T03:34:52.650] error: _xgetaddrinfo: getaddrinfo(slurmctl02:6817) failed: System error: Device or resource busy
[2026-07-22T03:34:52.650] error: slurm_set_addr: Unable to resolve "slurmctl02"
[2026-07-22T03:35:17.658] error: _xgetaddrinfo: getaddrinfo(slurmctl01:6817) failed: System error: Device or resource busy
[2026-07-22T03:35:17.658] error: slurm_set_addr: Unable to resolve "slurmctl01"
[2026-07-22T03:35:17.663] error: _xgetaddrinfo: getaddrinfo(slurmctl02:6817) failed: System error: Device or resource busy
[2026-07-22T03:35:17.663] error: slurm_set_addr: Unable to resolve "slurmctl02"
[2026-07-22T03:35:42.670] error: _xgetaddrinfo: getaddrinfo(slurmctl01:6817) failed: System error: Device or resource busy
[2026-07-22T03:35:42.670] error: slurm_set_addr: Unable to resolve "slurmctl01"
[2026-07-22T03:35:42.675] error: _xgetaddrinfo: getaddrinfo(slurmctl02:6817) failed: System error: Device or resource busy
[2026-07-22T03:35:42.675] error: slurm_set_addr: Unable to resolve "slurmctl02"
[2026-07-22T03:36:07.682] error: _xgetaddrinfo: getaddrinfo(slurmctl01:6817) failed: System error: Device or resource busy
[2026-07-22T03:36:07.683] error: slurm_set_addr: Unable to resolve "slurmctl01"
[2026-07-22T03:36:07.688] error: _xgetaddrinfo: getaddrinfo(slurmctl02:6817) failed: System error: Device or resource busy
[2026-07-22T03:36:07.688] error: slurm_set_addr: Unable to resolve "slurmctl02"
[2026-07-22T03:36:32.695] error: _xgetaddrinfo: getaddrinfo(slurmctl01:6817) failed: System error: Device or resource busy
[2026-07-22T03:36:32.695] error: slurm_set_addr: Unable to resolve "slurmctl01"
[2026-07-22T03:36:32.700] error: _xgetaddrinfo: getaddrinfo(slurmctl02:6817) failed: System error: Device or resource busy
[2026-07-22T03:36:32.700] error: slurm_set_addr: Unable to resolve "slurmctl02"
[2026-07-22T03:36:57.707] error: _xgetaddrinfo: getaddrinfo(slurmctl01:6817) failed: System error: Device or resource busy
[2026-07-22T03:36:57.707] error: slurm_set_addr: Unable to resolve "slurmctl01"
[2026-07-22T03:36:57.712] error: _xgetaddrinfo: getaddrinfo(slurmctl02:6817) failed: System error: Device or resource busy
[2026-07-22T03:36:57.712] error: slurm_set_addr: Unable to resolve "slurmctl02"
[2026-07-22T03:37:22.719] error: _xgetaddrinfo: getaddrinfo(slurmctl01:6817) failed: System error: Device or resource busy
[2026-07-22T03:37:22.719] error: slurm_set_addr: Unable to resolve "slurmctl01"
[2026-07-22T03:37:22.724] error: _xgetaddrinfo: getaddrinfo(slurmctl02:6817) failed: System error: Device or resource busy
[2026-07-22T03:37:22.724] error: slurm_set_addr: Unable to resolve "slurmctl02"
[2026-07-22T03:37:47.731] error: _xgetaddrinfo: getaddrinfo(slurmctl01:6817) failed: System error: Device or resource busy
[2026-07-22T03:37:47.732] error: slurm_set_addr: Unable to resolve "slurmctl01"
[2026-07-22T03:37:47.737] error: _xgetaddrinfo: getaddrinfo(slurmctl02:6817) failed: System error: Device or resource busy
[2026-07-22T03:37:47.737] error: slurm_set_addr: Unable to resolve "slurmctl02"
[2026-07-22T03:38:12.744] error: _xgetaddrinfo: getaddrinfo(slurmctl01:6817) failed: System error: Device or resource busy
[2026-07-22T03:38:12.744] error: slurm_set_addr: Unable to resolve "slurmctl01"
[2026-07-22T03:38:12.749] error: _xgetaddrinfo: getaddrinfo(slurmctl02:6817) failed: System error: Device or resource busy
[2026-07-22T03:38:12.749] error: slurm_set_addr: Unable to resolve "slurmctl02"
[2026-07-22T03:38:37.756] error: _xgetaddrinfo: getaddrinfo(slurmctl01:6817) failed: System error: Device or resource busy
[2026-07-22T03:38:37.756] error: slurm_set_addr: Unable to resolve "slurmctl01"
[2026-07-22T03:38:37.761] error: _xgetaddrinfo: getaddrinfo(slurmctl02:6817) failed: System error: Device or resource busy
[2026-07-22T03:38:37.761] error: slurm_set_addr: Unable to resolve "slurmctl02"
[2026-07-22T03:39:02.769] error: _xgetaddrinfo: getaddrinfo(slurmctl01:6817) failed: System error: Device or resource busy
[2026-07-22T03:39:02.769] error: slurm_set_addr: Unable to resolve "slurmctl01"
[2026-07-22T03:39:02.774] error: _xgetaddrinfo: getaddrinfo(slurmctl02:6817) failed: System error: Device or resource busy
[2026-07-22T03:39:02.774] error: slurm_set_addr: Unable to resolve "slurmctl02"
[2026-07-22T03:39:27.782] error: _xgetaddrinfo: getaddrinfo(slurmctl01:6817) failed: System error: Device or resource busy
[2026-07-22T03:39:27.782] error: slurm_set_addr: Unable to resolve "slurmctl01"
[2026-07-22T03:39:27.787] error: _xgetaddrinfo: getaddrinfo(slurmctl02:6817) failed: System error: Device or resource busy
[2026-07-22T03:39:27.787] error: slurm_set_addr: Unable to resolve "slurmctl02"
[2026-07-22T03:39:52.794] error: _xgetaddrinfo: getaddrinfo(slurmctl01:6817) failed: System error: Device or resource busy
[2026-07-22T03:39:52.794] error: slurm_set_addr: Unable to resolve "slurmctl01"
[2026-07-22T03:39:52.799] error: _xgetaddrinfo: getaddrinfo(slurmctl02:6817) failed: System error: Device or resource busy
[2026-07-22T03:39:52.799] error: slurm_set_addr: Unable to resolve "slurmctl02"
[2026-07-22T03:40:17.806] error: _xgetaddrinfo: getaddrinfo(slurmctl01:6817) failed: System error: Device or resource busy
[2026-07-22T03:40:17.806] error: slurm_set_addr: Unable to resolve "slurmctl01"
[2026-07-22T03:40:17.812] error: _xgetaddrinfo: getaddrinfo(slurmctl02:6817) failed: System error: Device or resource busy
[2026-07-22T03:40:17.812] error: slurm_set_addr: Unable to resolve "slurmctl02"
[2026-07-22T03:40:42.820] error: _xgetaddrinfo: getaddrinfo(slurmctl01:6817) failed: System error: Device or resource busy
[2026-07-22T03:40:42.820] error: slurm_set_addr: Unable to resolve "slurmctl01"
[2026-07-22T03:40:42.825] error: _xgetaddrinfo: getaddrinfo(slurmctl02:6817) failed: System error: Device or resource busy
[2026-07-22T03:40:42.825] error: slurm_set_addr: Unable to resolve "slurmctl02"
[2026-07-22T03:41:07.832] error: _xgetaddrinfo: getaddrinfo(slurmctl01:6817) failed: System error: Device or resource busy
[2026-07-22T03:41:07.832] error: slurm_set_addr: Unable to resolve "slurmctl01"
[2026-07-22T03:41:07.837] error: _xgetaddrinfo: getaddrinfo(slurmctl02:6817) failed: System error: Device or resource busy
[2026-07-22T03:41:07.837] error: slurm_set_addr: Unable to resolve "slurmctl02"
[2026-07-22T03:41:32.844] error: _xgetaddrinfo: getaddrinfo(slurmctl01:6817) failed: System error: Device or resource busy
[2026-07-22T03:41:32.844] error: slurm_set_addr: Unable to resolve "slurmctl01"
[2026-07-22T03:41:32.849] error: _xgetaddrinfo: getaddrinfo(slurmctl02:6817) failed: System error: Device or resource busy
[2026-07-22T03:41:32.849] error: slurm_set_addr: Unable to resolve "slurmctl02"
[2026-07-22T03:41:57.856] error: _xgetaddrinfo: getaddrinfo(slurmctl01:6817) failed: System error: Device or resource busy
[2026-07-22T03:41:57.856] error: slurm_set_addr: Unable to resolve "slurmctl01"
[2026-07-22T03:41:57.861] error: _xgetaddrinfo: getaddrinfo(slurmctl02:6817) failed: System error: Device or resource busy
[2026-07-22T03:41:57.861] error: slurm_set_addr: Unable to resolve "slurmctl02"
[2026-07-22T03:42:22.869] error: _xgetaddrinfo: getaddrinfo(slurmctl01:6817) failed: System error: Device or resource busy
[2026-07-22T03:42:22.869] error: slurm_set_addr: Unable to resolve "slurmctl01"
[2026-07-22T03:42:22.874] error: _xgetaddrinfo: getaddrinfo(slurmctl02:6817) failed: System error: Device or resource busy
[2026-07-22T03:42:22.874] error: slurm_set_addr: Unable to resolve "slurmctl02"
[2026-07-22T03:42:47.881] error: _xgetaddrinfo: getaddrinfo(slurmctl01:6817) failed: System error: Device or resource busy
[2026-07-22T03:42:47.881] error: slurm_set_addr: Unable to resolve "slurmctl01"
[2026-07-22T03:42:47.886] error: _xgetaddrinfo: getaddrinfo(slurmctl02:6817) failed: System error: Device or resource busy
[2026-07-22T03:42:47.886] error: slurm_set_addr: Unable to resolve "slurmctl02"
[2026-07-22T03:43:12.894] error: _xgetaddrinfo: getaddrinfo(slurmctl01:6817) failed: System error: Device or resource busy
[2026-07-22T03:43:12.894] error: slurm_set_addr: Unable to resolve "slurmctl01"
[2026-07-22T03:43:12.899] error: _xgetaddrinfo: getaddrinfo(slurmctl02:6817) failed: System error: Device or resource busy
[2026-07-22T03:43:12.899] error: slurm_set_addr: Unable to resolve "slurmctl02"
[2026-07-22T03:43:37.906] error: _xgetaddrinfo: getaddrinfo(slurmctl01:6817) failed: System error: Device or resource busy
[2026-07-22T03:43:37.906] error: slurm_set_addr: Unable to resolve "slurmctl01"
[2026-07-22T03:43:37.911] error: _xgetaddrinfo: getaddrinfo(slurmctl02:6817) failed: System error: Device or resource busy
[2026-07-22T03:43:37.911] error: slurm_set_addr: Unable to resolve "slurmctl02"
[2026-07-22T03:44:02.919] error: _xgetaddrinfo: getaddrinfo(slurmctl01:6817) failed: System error: Device or resource busy
[2026-07-22T03:44:02.919] error: slurm_set_addr: Unable to resolve "slurmctl01"
[2026-07-22T03:44:02.924] error: _xgetaddrinfo: getaddrinfo(slurmctl02:6817) failed: System error: Device or resource busy
[2026-07-22T03:44:02.924] error: slurm_set_addr: Unable to resolve "slurmctl02"
[2026-07-22T03:44:27.931] error: _xgetaddrinfo: getaddrinfo(slurmctl01:6817) failed: System error: Device or resource busy
[2026-07-22T03:44:27.931] error: slurm_set_addr: Unable to resolve "slurmctl01"
[2026-07-22T03:44:27.937] error: _xgetaddrinfo: getaddrinfo(slurmctl02:6817) failed: System error: Device or resource busy
[2026-07-22T03:44:27.937] error: slurm_set_addr: Unable to resolve "slurmctl02"
[2026-07-22T03:44:52.944] error: _xgetaddrinfo: getaddrinfo(slurmctl01:6817) failed: System error: Device or resource busy
[2026-07-22T03:44:52.944] error: slurm_set_addr: Unable to resolve "slurmctl01"
[2026-07-22T03:44:52.949] error: _xgetaddrinfo: getaddrinfo(slurmctl02:6817) failed: System error: Device or resource busy
[2026-07-22T03:44:52.949] error: slurm_set_addr: Unable to resolve "slurmctl02"
[2026-07-22T03:45:17.957] error: _xgetaddrinfo: getaddrinfo(slurmctl01:6817) failed: System error: Device or resource busy
[2026-07-22T03:45:17.957] error: slurm_set_addr: Unable to resolve "slurmctl01"
[2026-07-22T03:45:17.962] error: _xgetaddrinfo: getaddrinfo(slurmctl02:6817) failed: System error: Device or resource busy
[2026-07-22T03:45:17.962] error: slurm_set_addr: Unable to resolve "slurmctl02"
[2026-07-22T03:45:42.969] error: _xgetaddrinfo: getaddrinfo(slurmctl01:6817) failed: System error: Device or resource busy
[2026-07-22T03:45:42.969] error: slurm_set_addr: Unable to resolve "slurmctl01"
[2026-07-22T03:45:42.974] error: _xgetaddrinfo: getaddrinfo(slurmctl02:6817) failed: System error: Device or resource busy
[2026-07-22T03:45:42.974] error: slurm_set_addr: Unable to resolve "slurmctl02"
[2026-07-22T03:46:07.981] error: _xgetaddrinfo: getaddrinfo(slurmctl01:6817) failed: System error: Device or resource busy
[2026-07-22T03:46:07.981] error: slurm_set_addr: Unable to resolve "slurmctl01"
[2026-07-22T03:46:07.986] error: _xgetaddrinfo: getaddrinfo(slurmctl02:6817) failed: System error: Device or resource busy
[2026-07-22T03:46:07.986] error: slurm_set_addr: Unable to resolve "slurmctl02"
[2026-07-22T03:46:32.994] error: _xgetaddrinfo: getaddrinfo(slurmctl01:6817) failed: System error: Device or resource busy
[2026-07-22T03:46:32.994] error: slurm_set_addr: Unable to resolve "slurmctl01"
[2026-07-22T03:46:32.999] error: _xgetaddrinfo: getaddrinfo(slurmctl02:6817) failed: System error: Device or resource busy
[2026-07-22T03:46:32.999] error: slurm_set_addr: Unable to resolve "slurmctl02"
[2026-07-22T03:46:58.007] error: _xgetaddrinfo: getaddrinfo(slurmctl01:6817) failed: System error: Device or resource busy
[2026-07-22T03:46:58.007] error: slurm_set_addr: Unable to resolve "slurmctl01"
[2026-07-22T03:46:58.013] error: _xgetaddrinfo: getaddrinfo(slurmctl02:6817) failed: System error: Device or resource busy
[2026-07-22T03:46:58.013] error: slurm_set_addr: Unable to resolve "slurmctl02"
[2026-07-22T03:47:23.021] error: _xgetaddrinfo: getaddrinfo(slurmctl01:6817) failed: System error: Device or resource busy
[2026-07-22T03:47:23.022] error: slurm_set_addr: Unable to resolve "slurmctl01"
[2026-07-22T03:47:23.028] error: _xgetaddrinfo: getaddrinfo(slurmctl02:6817) failed: System error: Device or resource busy
[2026-07-22T03:47:23.028] error: slurm_set_addr: Unable to resolve "slurmctl02"
[2026-07-22T03:47:48.036] error: _xgetaddrinfo: getaddrinfo(slurmctl01:6817) failed: System error: Device or resource busy
[2026-07-22T03:47:48.036] error: slurm_set_addr: Unable to resolve "slurmctl01"
[2026-07-22T03:47:48.041] error: _xgetaddrinfo: getaddrinfo(slurmctl02:6817) failed: System error: Device or resource busy
[2026-07-22T03:47:48.041] error: slurm_set_addr: Unable to resolve "slurmctl02"
[2026-07-22T03:48:13.049] error: _xgetaddrinfo: getaddrinfo(slurmctl01:6817) failed: System error: Device or resource busy
[2026-07-22T03:48:13.049] error: slurm_set_addr: Unable to resolve "slurmctl01"
[2026-07-22T03:48:13.054] error: _xgetaddrinfo: getaddrinfo(slurmctl02:6817) failed: System error: Device or resource busy
[2026-07-22T03:48:13.054] error: slurm_set_addr: Unable to resolve "slurmctl02"
[2026-07-22T03:48:38.061] error: _xgetaddrinfo: getaddrinfo(slurmctl01:6817) failed: System error: Device or resource busy
[2026-07-22T03:48:38.061] error: slurm_set_addr: Unable to resolve "slurmctl01"
[2026-07-22T03:48:38.066] error: _xgetaddrinfo: getaddrinfo(slurmctl02:6817) failed: System error: Device or resource busy
[2026-07-22T03:48:38.066] error: slurm_set_addr: Unable to resolve "slurmctl02"
[2026-07-22T03:49:03.074] error: _xgetaddrinfo: getaddrinfo(slurmctl01:6817) failed: System error: Device or resource busy
[2026-07-22T03:49:03.075] error: slurm_set_addr: Unable to resolve "slurmctl01"
[2026-07-22T03:49:03.080] error: _xgetaddrinfo: getaddrinfo(slurmctl02:6817) failed: System error: Device or resource busy
[2026-07-22T03:49:03.080] error: slurm_set_addr: Unable to resolve "slurmctl02"
[2026-07-22T03:49:28.085] error: _xgetaddrinfo: getaddrinfo(slurmctl01:6817) failed: System error: Device or resource busy
[2026-07-22T03:49:28.085] error: slurm_set_addr: Unable to resolve "slurmctl01"
[2026-07-22T03:49:28.090] error: _xgetaddrinfo: getaddrinfo(slurmctl02:6817) failed: System error: Device or resource busy
[2026-07-22T03:49:28.090] error: slurm_set_addr: Unable to resolve "slurmctl02"
[2026-07-22T03:49:53.097] error: _xgetaddrinfo: getaddrinfo(slurmctl01:6817) failed: System error: Device or resource busy
[2026-07-22T03:49:53.097] error: slurm_set_addr: Unable to resolve "slurmctl01"
[2026-07-22T03:49:53.102] error: _xgetaddrinfo: getaddrinfo(slurmctl02:6817) failed: System error: Device or resource busy
[2026-07-22T03:49:53.102] error: slurm_set_addr: Unable to resolve "slurmctl02"
[2026-07-22T03:50:18.109] error: _xgetaddrinfo: getaddrinfo(slurmctl01:6817) failed: System error: Device or resource busy
[2026-07-22T03:50:18.109] error: slurm_set_addr: Unable to resolve "slurmctl01"
[2026-07-22T03:50:18.114] error: _xgetaddrinfo: getaddrinfo(slurmctl02:6817) failed: System error: Device or resource busy
[2026-07-22T03:50:18.114] error: slurm_set_addr: Unable to resolve "slurmctl02"
[2026-07-22T03:50:43.121] error: _xgetaddrinfo: getaddrinfo(slurmctl01:6817) failed: System error: Device or resource busy
[2026-07-22T03:50:43.121] error: slurm_set_addr: Unable to resolve "slurmctl01"
[2026-07-22T03:50:43.126] error: _xgetaddrinfo: getaddrinfo(slurmctl02:6817) failed: System error: Device or resource busy
[2026-07-22T03:50:43.126] error: slurm_set_addr: Unable to resolve "slurmctl02"
[2026-07-22T03:51:08.133] error: _xgetaddrinfo: getaddrinfo(slurmctl01:6817) failed: System error: Device or resource busy
[2026-07-22T03:51:08.133] error: slurm_set_addr: Unable to resolve "slurmctl01"
[2026-07-22T03:51:08.138] error: _xgetaddrinfo: getaddrinfo(slurmctl02:6817) failed: System error: Device or resource busy
[2026-07-22T03:51:08.138] error: slurm_set_addr: Unable to resolve "slurmctl02"
[2026-07-22T03:51:33.145] error: _xgetaddrinfo: getaddrinfo(slurmctl01:6817) failed: System error: Device or resource busy
[2026-07-22T03:51:33.146] error: slurm_set_addr: Unable to resolve "slurmctl01"
[2026-07-22T03:51:33.151] error: _xgetaddrinfo: getaddrinfo(slurmctl02:6817) failed: System error: Device or resource busy
[2026-07-22T03:51:33.151] error: slurm_set_addr: Unable to resolve "slurmctl02"
[2026-07-22T03:51:58.158] error: _xgetaddrinfo: getaddrinfo(slurmctl01:6817) failed: System error: Device or resource busy
[2026-07-22T03:51:58.158] error: slurm_set_addr: Unable to resolve "slurmctl01"
[2026-07-22T03:51:58.163] error: _xgetaddrinfo: getaddrinfo(slurmctl02:6817) failed: System error: Device or resource busy
[2026-07-22T03:51:58.163] error: slurm_set_addr: Unable to resolve "slurmctl02"
[2026-07-22T03:52:23.170] error: _xgetaddrinfo: getaddrinfo(slurmctl01:6817) failed: System error: Device or resource busy
[2026-07-22T03:52:23.171] error: slurm_set_addr: Unable to resolve "slurmctl01"
[2026-07-22T03:52:23.175] error: _xgetaddrinfo: getaddrinfo(slurmctl02:6817) failed: System error: Device or resource busy
[2026-07-22T03:52:23.175] error: slurm_set_addr: Unable to resolve "slurmctl02"
[2026-07-22T03:52:48.183] error: _xgetaddrinfo: getaddrinfo(slurmctl01:6817) failed: System error: Device or resource busy
[2026-07-22T03:52:48.183] error: slurm_set_addr: Unable to resolve "slurmctl01"
[2026-07-22T03:52:48.188] error: _xgetaddrinfo: getaddrinfo(slurmctl02:6817) failed: System error: Device or resource busy
[2026-07-22T03:52:48.188] error: slurm_set_addr: Unable to resolve "slurmctl02"
[2026-07-22T03:53:13.195] error: _xgetaddrinfo: getaddrinfo(slurmctl01:6817) failed: System error: Device or resource busy
[2026-07-22T03:53:13.195] error: slurm_set_addr: Unable to resolve "slurmctl01"
[2026-07-22T03:53:13.200] error: _xgetaddrinfo: getaddrinfo(slurmctl02:6817) failed: System error: Device or resource busy
[2026-07-22T03:53:13.200] error: slurm_set_addr: Unable to resolve "slurmctl02"
[2026-07-22T03:53:38.208] error: _xgetaddrinfo: getaddrinfo(slurmctl01:6817) failed: System error: Device or resource busy
[2026-07-22T03:53:38.208] error: slurm_set_addr: Unable to resolve "slurmctl01"
[2026-07-22T03:53:38.213] error: _xgetaddrinfo: getaddrinfo(slurmctl02:6817) failed: System error: Device or resource busy
[2026-07-22T03:53:38.213] error: slurm_set_addr: Unable to resolve "slurmctl02"
[2026-07-22T03:54:03.220] error: _xgetaddrinfo: getaddrinfo(slurmctl01:6817) failed: System error: Device or resource busy
[2026-07-22T03:54:03.221] error: slurm_set_addr: Unable to resolve "slurmctl01"
[2026-07-22T03:54:03.226] error: _xgetaddrinfo: getaddrinfo(slurmctl02:6817) failed: System error: Device or resource busy
[2026-07-22T03:54:03.226] error: slurm_set_addr: Unable to resolve "slurmctl02"
[2026-07-22T03:54:28.233] error: _xgetaddrinfo: getaddrinfo(slurmctl01:6817) failed: System error: Device or resource busy
[2026-07-22T03:54:28.233] error: slurm_set_addr: Unable to resolve "slurmctl01"
[2026-07-22T03:54:28.239] error: _xgetaddrinfo: getaddrinfo(slurmctl02:6817) failed: System error: Device or resource busy
[2026-07-22T03:54:28.239] error: slurm_set_addr: Unable to resolve "slurmctl02"
[2026-07-22T03:54:53.246] error: _xgetaddrinfo: getaddrinfo(slurmctl01:6817) failed: System error: Device or resource busy
[2026-07-22T03:54:53.246] error: slurm_set_addr: Unable to resolve "slurmctl01"
[2026-07-22T03:54:53.251] error: _xgetaddrinfo: getaddrinfo(slurmctl02:6817) failed: System error: Device or resource busy
[2026-07-22T03:54:53.251] error: slurm_set_addr: Unable to resolve "slurmctl02"
[2026-07-22T03:55:18.258] error: _xgetaddrinfo: getaddrinfo(slurmctl01:6817) failed: System error: Device or resource busy
[2026-07-22T03:55:18.258] error: slurm_set_addr: Unable to resolve "slurmctl01"
[2026-07-22T03:55:18.263] error: _xgetaddrinfo: getaddrinfo(slurmctl02:6817) failed: System error: Device or resource busy
[2026-07-22T03:55:18.263] error: slurm_set_addr: Unable to resolve "slurmctl02"
[2026-07-22T03:55:43.271] error: _xgetaddrinfo: getaddrinfo(slurmctl01:6817) failed: System error: Device or resource busy
[2026-07-22T03:55:43.271] error: slurm_set_addr: Unable to resolve "slurmctl01"
[2026-07-22T03:55:43.276] error: _xgetaddrinfo: getaddrinfo(slurmctl02:6817) failed: System error: Device or resource busy
[2026-07-22T03:55:43.276] error: slurm_set_addr: Unable to resolve "slurmctl02"
[2026-07-22T03:56:08.283] error: _xgetaddrinfo: getaddrinfo(slurmctl01:6817) failed: System error: Device or resource busy
[2026-07-22T03:56:08.283] error: slurm_set_addr: Unable to resolve "slurmctl01"
[2026-07-22T03:56:08.289] error: _xgetaddrinfo: getaddrinfo(slurmctl02:6817) failed: System error: Device or resource busy
[2026-07-22T03:56:08.289] error: slurm_set_addr: Unable to resolve "slurmctl02"
[2026-07-22T03:56:33.296] error: _xgetaddrinfo: getaddrinfo(slurmctl01:6817) failed: System error: Device or resource busy
[2026-07-22T03:56:33.296] error: slurm_set_addr: Unable to resolve "slurmctl01"
[2026-07-22T03:56:33.301] error: _xgetaddrinfo: getaddrinfo(slurmctl02:6817) failed: System error: Device or resource busy
[2026-07-22T03:56:33.302] error: slurm_set_addr: Unable to resolve "slurmctl02"
[2026-07-22T03:56:58.308] error: _xgetaddrinfo: getaddrinfo(slurmctl01:6817) failed: System error: Device or resource busy
[2026-07-22T03:56:58.309] error: slurm_set_addr: Unable to resolve "slurmctl01"
[2026-07-22T03:56:58.313] error: _xgetaddrinfo: getaddrinfo(slurmctl02:6817) failed: System error: Device or resource busy
[2026-07-22T03:56:58.313] error: slurm_set_addr: Unable to resolve "slurmctl02"
[2026-07-22T03:57:23.320] error: _xgetaddrinfo: getaddrinfo(slurmctl01:6817) failed: System error: Device or resource busy
[2026-07-22T03:57:23.321] error: slurm_set_addr: Unable to resolve "slurmctl01"
[2026-07-22T03:57:23.325] error: _xgetaddrinfo: getaddrinfo(slurmctl02:6817) failed: System error: Device or resource busy
[2026-07-22T03:57:23.325] error: slurm_set_addr: Unable to resolve "slurmctl02"
[2026-07-22T03:57:48.332] error: _xgetaddrinfo: getaddrinfo(slurmctl01:6817) failed: System error: Device or resource busy
[2026-07-22T03:57:48.333] error: slurm_set_addr: Unable to resolve "slurmctl01"
[2026-07-22T03:57:48.338] error: _xgetaddrinfo: getaddrinfo(slurmctl02:6817) failed: System error: Device or resource busy
[2026-07-22T03:57:48.338] error: slurm_set_addr: Unable to resolve "slurmctl02"
[2026-07-22T03:58:13.345] error: _xgetaddrinfo: getaddrinfo(slurmctl01:6817) failed: System error: Device or resource busy
[2026-07-22T03:58:13.345] error: slurm_set_addr: Unable to resolve "slurmctl01"
[2026-07-22T03:58:13.350] error: _xgetaddrinfo: getaddrinfo(slurmctl02:6817) failed: System error: Device or resource busy
[2026-07-22T03:58:13.350] error: slurm_set_addr: Unable to resolve "slurmctl02"
[2026-07-22T03:58:38.357] error: _xgetaddrinfo: getaddrinfo(slurmctl01:6817) failed: System error: Device or resource busy
[2026-07-22T03:58:38.357] error: slurm_set_addr: Unable to resolve "slurmctl01"
[2026-07-22T03:58:38.362] error: _xgetaddrinfo: getaddrinfo(slurmctl02:6817) failed: System error: Device or resource busy
[2026-07-22T03:58:38.362] error: slurm_set_addr: Unable to resolve "slurmctl02"
[2026-07-22T03:59:03.370] error: _xgetaddrinfo: getaddrinfo(slurmctl01:6817) failed: System error: Device or resource busy
[2026-07-22T03:59:03.370] error: slurm_set_addr: Unable to resolve "slurmctl01"
[2026-07-22T03:59:03.374] error: _xgetaddrinfo: getaddrinfo(slurmctl02:6817) failed: System error: Device or resource busy
[2026-07-22T03:59:03.375] error: slurm_set_addr: Unable to resolve "slurmctl02"
[2026-07-22T03:59:28.381] error: _xgetaddrinfo: getaddrinfo(slurmctl01:6817) failed: System error: Device or resource busy
[2026-07-22T03:59:28.381] error: slurm_set_addr: Unable to resolve "slurmctl01"
[2026-07-22T03:59:28.386] error: _xgetaddrinfo: getaddrinfo(slurmctl02:6817) failed: System error: Device or resource busy
[2026-07-22T03:59:28.386] error: slurm_set_addr: Unable to resolve "slurmctl02"
[2026-07-22T03:59:53.393] error: _xgetaddrinfo: getaddrinfo(slurmctl01:6817) failed: System error: Device or resource busy
[2026-07-22T03:59:53.394] error: slurm_set_addr: Unable to resolve "slurmctl01"
[2026-07-22T03:59:53.399] error: _xgetaddrinfo: getaddrinfo(slurmctl02:6817) failed: System error: Device or resource busy
[2026-07-22T03:59:53.399] error: slurm_set_addr: Unable to resolve "slurmctl02"
[2026-07-22T04:00:18.406] error: _xgetaddrinfo: getaddrinfo(slurmctl01:6817) failed: System error: Device or resource busy
[2026-07-22T04:00:18.406] error: slurm_set_addr: Unable to resolve "slurmctl01"
[2026-07-22T04:00:18.411] error: _xgetaddrinfo: getaddrinfo(slurmctl02:6817) failed: System error: Device or resource busy
[2026-07-22T04:00:18.411] error: slurm_set_addr: Unable to resolve "slurmctl02"
[2026-07-22T04:00:43.418] error: _xgetaddrinfo: getaddrinfo(slurmctl01:6817) failed: System error: Device or resource busy
[2026-07-22T04:00:43.418] error: slurm_set_addr: Unable to resolve "slurmctl01"
[2026-07-22T04:00:43.423] error: _xgetaddrinfo: getaddrinfo(slurmctl02:6817) failed: System error: Device or resource busy
[2026-07-22T04:00:43.423] error: slurm_set_addr: Unable to resolve "slurmctl02"
[2026-07-22T04:01:08.430] error: _xgetaddrinfo: getaddrinfo(slurmctl01:6817) failed: System error: Device or resource busy
[2026-07-22T04:01:08.430] error: slurm_set_addr: Unable to resolve "slurmctl01"
[2026-07-22T04:01:08.435] error: _xgetaddrinfo: getaddrinfo(slurmctl02:6817) failed: System error: Device or resource busy
[2026-07-22T04:01:08.435] error: slurm_set_addr: Unable to resolve "slurmctl02"
[2026-07-22T04:01:33.442] error: _xgetaddrinfo: getaddrinfo(slurmctl01:6817) failed: System error: Device or resource busy
[2026-07-22T04:01:33.442] error: slurm_set_addr: Unable to resolve "slurmctl01"
[2026-07-22T04:01:33.447] error: _xgetaddrinfo: getaddrinfo(slurmctl02:6817) failed: System error: Device or resource busy
[2026-07-22T04:01:33.447] error: slurm_set_addr: Unable to resolve "slurmctl02"
[2026-07-22T04:01:58.454] error: _xgetaddrinfo: getaddrinfo(slurmctl01:6817) failed: System error: Device or resource busy
[2026-07-22T04:01:58.454] error: slurm_set_addr: Unable to resolve "slurmctl01"
[2026-07-22T04:01:58.458] error: _xgetaddrinfo: getaddrinfo(slurmctl02:6817) failed: System error: Device or resource busy
[2026-07-22T04:01:58.458] error: slurm_set_addr: Unable to resolve "slurmctl02"
[2026-07-22T04:02:23.465] error: _xgetaddrinfo: getaddrinfo(slurmctl01:6817) failed: System error: Device or resource busy
[2026-07-22T04:02:23.465] error: slurm_set_addr: Unable to resolve "slurmctl01"
[2026-07-22T04:02:23.470] error: _xgetaddrinfo: getaddrinfo(slurmctl02:6817) failed: System error: Device or resource busy
[2026-07-22T04:02:23.470] error: slurm_set_addr: Unable to resolve "slurmctl02"
[2026-07-22T04:02:48.478] error: _xgetaddrinfo: getaddrinfo(slurmctl01:6817) failed: System error: Device or resource busy
[2026-07-22T04:02:48.478] error: slurm_set_addr: Unable to resolve "slurmctl01"
[2026-07-22T04:02:48.483] error: _xgetaddrinfo: getaddrinfo(slurmctl02:6817) failed: System error: Device or resource busy
[2026-07-22T04:02:48.483] error: slurm_set_addr: Unable to resolve "slurmctl02"
[2026-07-22T04:03:13.490] error: _xgetaddrinfo: getaddrinfo(slurmctl01:6817) failed: System error: Device or resource busy
[2026-07-22T04:03:13.490] error: slurm_set_addr: Unable to resolve "slurmctl01"
[2026-07-22T04:03:13.496] error: _xgetaddrinfo: getaddrinfo(slurmctl02:6817) failed: System error: Device or resource busy
[2026-07-22T04:03:13.496] error: slurm_set_addr: Unable to resolve "slurmctl02"
[2026-07-22T04:03:38.502] error: _xgetaddrinfo: getaddrinfo(slurmctl01:6817) failed: System error: Device or resource busy
[2026-07-22T04:03:38.502] error: slurm_set_addr: Unable to resolve "slurmctl01"
[2026-07-22T04:03:38.507] error: _xgetaddrinfo: getaddrinfo(slurmctl02:6817) failed: System error: Device or resource busy
[2026-07-22T04:03:38.507] error: slurm_set_addr: Unable to resolve "slurmctl02"
[2026-07-22T04:04:03.514] error: _xgetaddrinfo: getaddrinfo(slurmctl01:6817) failed: System error: Device or resource busy
[2026-07-22T04:04:03.514] error: slurm_set_addr: Unable to resolve "slurmctl01"
[2026-07-22T04:04:03.519] error: _xgetaddrinfo: getaddrinfo(slurmctl02:6817) failed: System error: Device or resource busy
[2026-07-22T04:04:03.519] error: slurm_set_addr: Unable to resolve "slurmctl02"
[2026-07-22T04:04:28.526] error: _xgetaddrinfo: getaddrinfo(slurmctl01:6817) failed: System error: Device or resource busy
[2026-07-22T04:04:28.526] error: slurm_set_addr: Unable to resolve "slurmctl01"
[2026-07-22T04:04:28.531] error: _xgetaddrinfo: getaddrinfo(slurmctl02:6817) failed: System error: Device or resource busy
[2026-07-22T04:04:28.531] error: slurm_set_addr: Unable to resolve "slurmctl02"
[2026-07-22T04:04:53.538] error: _xgetaddrinfo: getaddrinfo(slurmctl01:6817) failed: System error: Device or resource busy
[2026-07-22T04:04:53.538] error: slurm_set_addr: Unable to resolve "slurmctl01"
[2026-07-22T04:04:53.543] error: _xgetaddrinfo: getaddrinfo(slurmctl02:6817) failed: System error: Device or resource busy
[2026-07-22T04:04:53.543] error: slurm_set_addr: Unable to resolve "slurmctl02"
[2026-07-22T04:05:18.550] error: _xgetaddrinfo: getaddrinfo(slurmctl01:6817) failed: System error: Device or resource busy
[2026-07-22T04:05:18.550] error: slurm_set_addr: Unable to resolve "slurmctl01"
[2026-07-22T04:05:18.555] error: _xgetaddrinfo: getaddrinfo(slurmctl02:6817) failed: System error: Device or resource busy
[2026-07-22T04:05:18.555] error: slurm_set_addr: Unable to resolve "slurmctl02"
[2026-07-22T04:05:43.561] error: _xgetaddrinfo: getaddrinfo(slurmctl01:6817) failed: System error: Device or resource busy
[2026-07-22T04:05:43.561] error: slurm_set_addr: Unable to resolve "slurmctl01"
[2026-07-22T04:05:43.566] error: _xgetaddrinfo: getaddrinfo(slurmctl02:6817) failed: System error: Device or resource busy
[2026-07-22T04:05:43.566] error: slurm_set_addr: Unable to resolve "slurmctl02"
[2026-07-22T04:06:08.573] error: _xgetaddrinfo: getaddrinfo(slurmctl01:6817) failed: System error: Device or resource busy
[2026-07-22T04:06:08.573] error: slurm_set_addr: Unable to resolve "slurmctl01"
[2026-07-22T04:06:08.578] error: _xgetaddrinfo: getaddrinfo(slurmctl02:6817) failed: System error: Device or resource busy
[2026-07-22T04:06:08.578] error: slurm_set_addr: Unable to resolve "slurmctl02"
[2026-07-22T04:06:33.585] error: _xgetaddrinfo: getaddrinfo(slurmctl01:6817) failed: System error: Device or resource busy
[2026-07-22T04:06:33.585] error: slurm_set_addr: Unable to resolve "slurmctl01"
[2026-07-22T04:06:33.590] error: _xgetaddrinfo: getaddrinfo(slurmctl02:6817) failed: System error: Device or resource busy
[2026-07-22T04:06:33.590] error: slurm_set_addr: Unable to resolve "slurmctl02"
[2026-07-22T04:06:58.597] error: _xgetaddrinfo: getaddrinfo(slurmctl01:6817) failed: System error: Device or resource busy
[2026-07-22T04:06:58.597] error: slurm_set_addr: Unable to resolve "slurmctl01"
[2026-07-22T04:06:58.602] error: _xgetaddrinfo: getaddrinfo(slurmctl02:6817) failed: System error: Device or resource busy
[2026-07-22T04:06:58.602] error: slurm_set_addr: Unable to resolve "slurmctl02"
[2026-07-22T04:07:23.609] error: _xgetaddrinfo: getaddrinfo(slurmctl01:6817) failed: System error: Device or resource busy
[2026-07-22T04:07:23.609] error: slurm_set_addr: Unable to resolve "slurmctl01"
[2026-07-22T04:07:23.614] error: _xgetaddrinfo: getaddrinfo(slurmctl02:6817) failed: System error: Device or resource busy
[2026-07-22T04:07:23.614] error: slurm_set_addr: Unable to resolve "slurmctl02"
[2026-07-22T04:07:48.622] error: _xgetaddrinfo: getaddrinfo(slurmctl01:6817) failed: System error: Device or resource busy
[2026-07-22T04:07:48.622] error: slurm_set_addr: Unable to resolve "slurmctl01"
[2026-07-22T04:07:48.627] error: _xgetaddrinfo: getaddrinfo(slurmctl02:6817) failed: System error: Device or resource busy
[2026-07-22T04:07:48.627] error: slurm_set_addr: Unable to resolve "slurmctl02"
[2026-07-22T04:08:13.635] error: _xgetaddrinfo: getaddrinfo(slurmctl01:6817) failed: System error: Device or resource busy
[2026-07-22T04:08:13.635] error: slurm_set_addr: Unable to resolve "slurmctl01"
[2026-07-22T04:08:13.640] error: _xgetaddrinfo: getaddrinfo(slurmctl02:6817) failed: System error: Device or resource busy
[2026-07-22T04:08:13.640] error: slurm_set_addr: Unable to resolve "slurmctl02"
[2026-07-22T04:08:38.647] error: _xgetaddrinfo: getaddrinfo(slurmctl01:6817) failed: System error: Device or resource busy
[2026-07-22T04:08:38.647] error: slurm_set_addr: Unable to resolve "slurmctl01"
[2026-07-22T04:08:38.652] error: _xgetaddrinfo: getaddrinfo(slurmctl02:6817) failed: System error: Device or resource busy
[2026-07-22T04:08:38.652] error: slurm_set_addr: Unable to resolve "slurmctl02"
[2026-07-22T04:09:03.659] error: _xgetaddrinfo: getaddrinfo(slurmctl01:6817) failed: System error: Device or resource busy
[2026-07-22T04:09:03.659] error: slurm_set_addr: Unable to resolve "slurmctl01"
[2026-07-22T04:09:03.665] error: _xgetaddrinfo: getaddrinfo(slurmctl02:6817) failed: System error: Device or resource busy
[2026-07-22T04:09:03.665] error: slurm_set_addr: Unable to resolve "slurmctl02"
[2026-07-22T04:09:28.672] error: _xgetaddrinfo: getaddrinfo(slurmctl01:6817) failed: System error: Device or resource busy
[2026-07-22T04:09:28.672] error: slurm_set_addr: Unable to resolve "slurmctl01"
[2026-07-22T04:09:28.677] error: _xgetaddrinfo: getaddrinfo(slurmctl02:6817) failed: System error: Device or resource busy
[2026-07-22T04:09:28.677] error: slurm_set_addr: Unable to resolve "slurmctl02"
[2026-07-22T04:09:53.684] error: _xgetaddrinfo: getaddrinfo(slurmctl01:6817) failed: System error: Device or resource busy
[2026-07-22T04:09:53.684] error: slurm_set_addr: Unable to resolve "slurmctl01"
[2026-07-22T04:09:53.689] error: _xgetaddrinfo: getaddrinfo(slurmctl02:6817) failed: System error: Device or resource busy
[2026-07-22T04:09:53.689] error: slurm_set_addr: Unable to resolve "slurmctl02"
[2026-07-22T04:10:18.696] error: _xgetaddrinfo: getaddrinfo(slurmctl01:6817) failed: System error: Device or resource busy
[2026-07-22T04:10:18.696] error: slurm_set_addr: Unable to resolve "slurmctl01"
[2026-07-22T04:10:18.701] error: _xgetaddrinfo: getaddrinfo(slurmctl02:6817) failed: System error: Device or resource busy
[2026-07-22T04:10:18.701] error: slurm_set_addr: Unable to resolve "slurmctl02"
[2026-07-22T04:10:43.708] error: _xgetaddrinfo: getaddrinfo(slurmctl01:6817) failed: System error: Device or resource busy
[2026-07-22T04:10:43.708] error: slurm_set_addr: Unable to resolve "slurmctl01"
[2026-07-22T04:10:43.714] error: _xgetaddrinfo: getaddrinfo(slurmctl02:6817) failed: System error: Device or resource busy
[2026-07-22T04:10:43.714] error: slurm_set_addr: Unable to resolve "slurmctl02"
[2026-07-22T04:11:08.720] error: _xgetaddrinfo: getaddrinfo(slurmctl01:6817) failed: System error: Device or resource busy
[2026-07-22T04:11:08.720] error: slurm_set_addr: Unable to resolve "slurmctl01"
[2026-07-22T04:11:08.725] error: _xgetaddrinfo: getaddrinfo(slurmctl02:6817) failed: System error: Device or resource busy
[2026-07-22T04:11:08.725] error: slurm_set_addr: Unable to resolve "slurmctl02"
[2026-07-22T04:11:33.733] error: _xgetaddrinfo: getaddrinfo(slurmctl01:6817) failed: System error: Device or resource busy
[2026-07-22T04:11:33.733] error: slurm_set_addr: Unable to resolve "slurmctl01"
[2026-07-22T04:11:33.738] error: _xgetaddrinfo: getaddrinfo(slurmctl02:6817) failed: System error: Device or resource busy
[2026-07-22T04:11:33.738] error: slurm_set_addr: Unable to resolve "slurmctl02"
[2026-07-22T04:11:58.745] error: _xgetaddrinfo: getaddrinfo(slurmctl01:6817) failed: System error: Device or resource busy
[2026-07-22T04:11:58.745] error: slurm_set_addr: Unable to resolve "slurmctl01"
[2026-07-22T04:11:58.750] error: _xgetaddrinfo: getaddrinfo(slurmctl02:6817) failed: System error: Device or resource busy
[2026-07-22T04:11:58.750] error: slurm_set_addr: Unable to resolve "slurmctl02"
[2026-07-22T04:12:23.757] error: _xgetaddrinfo: getaddrinfo(slurmctl01:6817) failed: System error: Device or resource busy
[2026-07-22T04:12:23.757] error: slurm_set_addr: Unable to resolve "slurmctl01"
[2026-07-22T04:12:23.762] error: _xgetaddrinfo: getaddrinfo(slurmctl02:6817) failed: System error: Device or resource busy
[2026-07-22T04:12:23.762] error: slurm_set_addr: Unable to resolve "slurmctl02"
[2026-07-22T04:12:48.769] error: _xgetaddrinfo: getaddrinfo(slurmctl01:6817) failed: System error: Device or resource busy
[2026-07-22T04:12:48.769] error: slurm_set_addr: Unable to resolve "slurmctl01"
[2026-07-22T04:12:48.774] error: _xgetaddrinfo: getaddrinfo(slurmctl02:6817) failed: System error: Device or resource busy
[2026-07-22T04:12:48.774] error: slurm_set_addr: Unable to resolve "slurmctl02"
[2026-07-22T04:13:13.781] error: _xgetaddrinfo: getaddrinfo(slurmctl01:6817) failed: System error: Device or resource busy
[2026-07-22T04:13:13.781] error: slurm_set_addr: Unable to resolve "slurmctl01"
[2026-07-22T04:13:13.786] error: _xgetaddrinfo: getaddrinfo(slurmctl02:6817) failed: System error: Device or resource busy
[2026-07-22T04:13:13.786] error: slurm_set_addr: Unable to resolve "slurmctl02"
[2026-07-22T04:13:38.793] error: _xgetaddrinfo: getaddrinfo(slurmctl01:6817) failed: System error: Device or resource busy
[2026-07-22T04:13:38.793] error: slurm_set_addr: Unable to resolve "slurmctl01"
[2026-07-22T04:13:38.798] error: _xgetaddrinfo: getaddrinfo(slurmctl02:6817) failed: System error: Device or resource busy
[2026-07-22T04:13:38.798] error: slurm_set_addr: Unable to resolve "slurmctl02"
[2026-07-22T04:14:03.806] error: _xgetaddrinfo: getaddrinfo(slurmctl01:6817) failed: System error: Device or resource busy
[2026-07-22T04:14:03.806] error: slurm_set_addr: Unable to resolve "slurmctl01"
[2026-07-22T04:14:03.811] error: _xgetaddrinfo: getaddrinfo(slurmctl02:6817) failed: System error: Device or resource busy
[2026-07-22T04:14:03.811] error: slurm_set_addr: Unable to resolve "slurmctl02"
[2026-07-22T04:14:28.818] error: _xgetaddrinfo: getaddrinfo(slurmctl01:6817) failed: System error: Device or resource busy
[2026-07-22T04:14:28.818] error: slurm_set_addr: Unable to resolve "slurmctl01"
[2026-07-22T04:14:28.823] error: _xgetaddrinfo: getaddrinfo(slurmctl02:6817) failed: System error: Device or resource busy
[2026-07-22T04:14:28.823] error: slurm_set_addr: Unable to resolve "slurmctl02"
[2026-07-22T04:14:53.830] error: _xgetaddrinfo: getaddrinfo(slurmctl01:6817) failed: System error: Device or resource busy
[2026-07-22T04:14:53.830] error: slurm_set_addr: Unable to resolve "slurmctl01"
[2026-07-22T04:14:53.835] error: _xgetaddrinfo: getaddrinfo(slurmctl02:6817) failed: System error: Device or resource busy
[2026-07-22T04:14:53.835] error: slurm_set_addr: Unable to resolve "slurmctl02"
[2026-07-22T04:15:18.842] error: _xgetaddrinfo: getaddrinfo(slurmctl01:6817) failed: System error: Device or resource busy
[2026-07-22T04:15:18.842] error: slurm_set_addr: Unable to resolve "slurmctl01"
[2026-07-22T04:15:18.847] error: _xgetaddrinfo: getaddrinfo(slurmctl02:6817) failed: System error: Device or resource busy
[2026-07-22T04:15:18.847] error: slurm_set_addr: Unable to resolve "slurmctl02"
[2026-07-22T04:15:43.854] error: _xgetaddrinfo: getaddrinfo(slurmctl01:6817) failed: System error: Device or resource busy
[2026-07-22T04:15:43.854] error: slurm_set_addr: Unable to resolve "slurmctl01"
[2026-07-22T04:15:43.859] error: _xgetaddrinfo: getaddrinfo(slurmctl02:6817) failed: System error: Device or resource busy
[2026-07-22T04:15:43.859] error: slurm_set_addr: Unable to resolve "slurmctl02"
[2026-07-22T04:16:08.866] error: _xgetaddrinfo: getaddrinfo(slurmctl01:6817) failed: System error: Device or resource busy
[2026-07-22T04:16:08.867] error: slurm_set_addr: Unable to resolve "slurmctl01"
[2026-07-22T04:16:08.871] error: _xgetaddrinfo: getaddrinfo(slurmctl02:6817) failed: System error: Device or resource busy
[2026-07-22T04:16:08.871] error: slurm_set_addr: Unable to resolve "slurmctl02"
[2026-07-22T04:16:33.878] error: _xgetaddrinfo: getaddrinfo(slurmctl01:6817) failed: System error: Device or resource busy
[2026-07-22T04:16:33.878] error: slurm_set_addr: Unable to resolve "slurmctl01"
[2026-07-22T04:16:33.883] error: _xgetaddrinfo: getaddrinfo(slurmctl02:6817) failed: System error: Device or resource busy
[2026-07-22T04:16:33.883] error: slurm_set_addr: Unable to resolve "slurmctl02"
[2026-07-22T04:16:58.890] error: _xgetaddrinfo: getaddrinfo(slurmctl01:6817) failed: System error: Device or resource busy
[2026-07-22T04:16:58.890] error: slurm_set_addr: Unable to resolve "slurmctl01"
[2026-07-22T04:16:58.894] error: _xgetaddrinfo: getaddrinfo(slurmctl02:6817) failed: System error: Device or resource busy
[2026-07-22T04:16:58.894] error: slurm_set_addr: Unable to resolve "slurmctl02"
[2026-07-22T04:17:23.901] error: _xgetaddrinfo: getaddrinfo(slurmctl01:6817) failed: System error: Device or resource busy
[2026-07-22T04:17:23.901] error: slurm_set_addr: Unable to resolve "slurmctl01"
[2026-07-22T04:17:23.906] error: _xgetaddrinfo: getaddrinfo(slurmctl02:6817) failed: System error: Device or resource busy
[2026-07-22T04:17:23.906] error: slurm_set_addr: Unable to resolve "slurmctl02"
[2026-07-22T04:17:48.913] error: _xgetaddrinfo: getaddrinfo(slurmctl01:6817) failed: System error: Device or resource busy
[2026-07-22T04:17:48.913] error: slurm_set_addr: Unable to resolve "slurmctl01"
[2026-07-22T04:17:48.919] error: _xgetaddrinfo: getaddrinfo(slurmctl02:6817) failed: System error: Device or resource busy
[2026-07-22T04:17:48.919] error: slurm_set_addr: Unable to resolve "slurmctl02"
[2026-07-22T04:18:13.926] error: _xgetaddrinfo: getaddrinfo(slurmctl01:6817) failed: System error: Device or resource busy
[2026-07-22T04:18:13.926] error: slurm_set_addr: Unable to resolve "slurmctl01"
[2026-07-22T04:18:13.931] error: _xgetaddrinfo: getaddrinfo(slurmctl02:6817) failed: System error: Device or resource busy
[2026-07-22T04:18:13.931] error: slurm_set_addr: Unable to resolve "slurmctl02"
[2026-07-22T04:18:38.938] error: _xgetaddrinfo: getaddrinfo(slurmctl01:6817) failed: System error: Device or resource busy
[2026-07-22T04:18:38.939] error: slurm_set_addr: Unable to resolve "slurmctl01"
[2026-07-22T04:18:38.943] error: _xgetaddrinfo: getaddrinfo(slurmctl02:6817) failed: System error: Device or resource busy
[2026-07-22T04:18:38.943] error: slurm_set_addr: Unable to resolve "slurmctl02"
[2026-07-22T04:19:03.951] error: _xgetaddrinfo: getaddrinfo(slurmctl01:6817) failed: System error: Device or resource busy
[2026-07-22T04:19:03.951] error: slurm_set_addr: Unable to resolve "slurmctl01"
[2026-07-22T04:19:03.956] error: _xgetaddrinfo: getaddrinfo(slurmctl02:6817) failed: System error: Device or resource busy
[2026-07-22T04:19:03.956] error: slurm_set_addr: Unable to resolve "slurmctl02"
[2026-07-22T04:19:28.964] error: _xgetaddrinfo: getaddrinfo(slurmctl01:6817) failed: System error: Device or resource busy
[2026-07-22T04:19:28.964] error: slurm_set_addr: Unable to resolve "slurmctl01"
[2026-07-22T04:19:28.969] error: _xgetaddrinfo: getaddrinfo(slurmctl02:6817) failed: System error: Device or resource busy
[2026-07-22T04:19:28.969] error: slurm_set_addr: Unable to resolve "slurmctl02"
[2026-07-22T04:19:53.976] error: _xgetaddrinfo: getaddrinfo(slurmctl01:6817) failed: System error: Device or resource busy
[2026-07-22T04:19:53.977] error: slurm_set_addr: Unable to resolve "slurmctl01"
[2026-07-22T04:19:53.981] error: _xgetaddrinfo: getaddrinfo(slurmctl02:6817) failed: System error: Device or resource busy
[2026-07-22T04:19:53.981] error: slurm_set_addr: Unable to resolve "slurmctl02"
[2026-07-22T04:20:18.988] error: _xgetaddrinfo: getaddrinfo(slurmctl01:6817) failed: System error: Device or resource busy
[2026-07-22T04:20:18.988] error: slurm_set_addr: Unable to resolve "slurmctl01"
[2026-07-22T04:20:18.993] error: _xgetaddrinfo: getaddrinfo(slurmctl02:6817) failed: System error: Device or resource busy
[2026-07-22T04:20:18.993] error: slurm_set_addr: Unable to resolve "slurmctl02"
[2026-07-22T04:20:44.000] error: _xgetaddrinfo: getaddrinfo(slurmctl01:6817) failed: System error: Device or resource busy
[2026-07-22T04:20:44.000] error: slurm_set_addr: Unable to resolve "slurmctl01"
[2026-07-22T04:20:44.005] error: _xgetaddrinfo: getaddrinfo(slurmctl02:6817) failed: System error: Device or resource busy
[2026-07-22T04:20:44.005] error: slurm_set_addr: Unable to resolve "slurmctl02"
[2026-07-22T04:21:09.012] error: _xgetaddrinfo: getaddrinfo(slurmctl01:6817) failed: System error: Device or resource busy
[2026-07-22T04:21:09.012] error: slurm_set_addr: Unable to resolve "slurmctl01"
[2026-07-22T04:21:09.017] error: _xgetaddrinfo: getaddrinfo(slurmctl02:6817) failed: System error: Device or resource busy
[2026-07-22T04:21:09.017] error: slurm_set_addr: Unable to resolve "slurmctl02"
[2026-07-22T04:21:34.025] error: _xgetaddrinfo: getaddrinfo(slurmctl01:6817) failed: System error: Device or resource busy
[2026-07-22T04:21:34.025] error: slurm_set_addr: Unable to resolve "slurmctl01"
[2026-07-22T04:21:34.031] error: _xgetaddrinfo: getaddrinfo(slurmctl02:6817) failed: System error: Device or resource busy
[2026-07-22T04:21:34.031] error: slurm_set_addr: Unable to resolve "slurmctl02"
[2026-07-22T04:21:59.038] error: _xgetaddrinfo: getaddrinfo(slurmctl01:6817) failed: System error: Device or resource busy
[2026-07-22T04:21:59.038] error: slurm_set_addr: Unable to resolve "slurmctl01"
[2026-07-22T04:21:59.044] error: _xgetaddrinfo: getaddrinfo(slurmctl02:6817) failed: System error: Device or resource busy
[2026-07-22T04:21:59.044] error: slurm_set_addr: Unable to resolve "slurmctl02"
[2026-07-22T04:22:24.051] error: _xgetaddrinfo: getaddrinfo(slurmctl01:6817) failed: System error: Device or resource busy
[2026-07-22T04:22:24.051] error: slurm_set_addr: Unable to resolve "slurmctl01"
[2026-07-22T04:22:24.056] error: _xgetaddrinfo: getaddrinfo(slurmctl02:6817) failed: System error: Device or resource busy
[2026-07-22T04:22:24.056] error: slurm_set_addr: Unable to resolve "slurmctl02"
[2026-07-22T04:22:49.063] error: _xgetaddrinfo: getaddrinfo(slurmctl01:6817) failed: System error: Device or resource busy
[2026-07-22T04:22:49.063] error: slurm_set_addr: Unable to resolve "slurmctl01"
[2026-07-22T04:22:49.069] error: _xgetaddrinfo: getaddrinfo(slurmctl02:6817) failed: System error: Device or resource busy
[2026-07-22T04:22:49.069] error: slurm_set_addr: Unable to resolve "slurmctl02"
[2026-07-22T04:23:14.076] error: _xgetaddrinfo: getaddrinfo(slurmctl01:6817) failed: System error: Device or resource busy
[2026-07-22T04:23:14.076] error: slurm_set_addr: Unable to resolve "slurmctl01"
[2026-07-22T04:23:14.081] error: _xgetaddrinfo: getaddrinfo(slurmctl02:6817) failed: System error: Device or resource busy
[2026-07-22T04:23:14.081] error: slurm_set_addr: Unable to resolve "slurmctl02"
[2026-07-22T04:23:39.088] error: _xgetaddrinfo: getaddrinfo(slurmctl01:6817) failed: System error: Device or resource busy
[2026-07-22T04:23:39.088] error: slurm_set_addr: Unable to resolve "slurmctl01"
[2026-07-22T04:23:39.094] error: _xgetaddrinfo: getaddrinfo(slurmctl02:6817) failed: System error: Device or resource busy
[2026-07-22T04:23:39.094] error: slurm_set_addr: Unable to resolve "slurmctl02"
[2026-07-22T04:24:04.101] error: _xgetaddrinfo: getaddrinfo(slurmctl01:6817) failed: System error: Device or resource busy
[2026-07-22T04:24:04.101] error: slurm_set_addr: Unable to resolve "slurmctl01"
[2026-07-22T04:24:04.106] error: _xgetaddrinfo: getaddrinfo(slurmctl02:6817) failed: System error: Device or resource busy
[2026-07-22T04:24:04.107] error: slurm_set_addr: Unable to resolve "slurmctl02"
[2026-07-22T04:24:29.114] error: _xgetaddrinfo: getaddrinfo(slurmctl01:6817) failed: System error: Device or resource busy
[2026-07-22T04:24:29.114] error: slurm_set_addr: Unable to resolve "slurmctl01"
[2026-07-22T04:24:29.119] error: _xgetaddrinfo: getaddrinfo(slurmctl02:6817) failed: System error: Device or resource busy
[2026-07-22T04:24:29.119] error: slurm_set_addr: Unable to resolve "slurmctl02"
[2026-07-22T04:24:54.126] error: _xgetaddrinfo: getaddrinfo(slurmctl01:6817) failed: System error: Device or resource busy
[2026-07-22T04:24:54.126] error: slurm_set_addr: Unable to resolve "slurmctl01"
[2026-07-22T04:24:54.131] error: _xgetaddrinfo: getaddrinfo(slurmctl02:6817) failed: System error: Device or resource busy
[2026-07-22T04:24:54.131] error: slurm_set_addr: Unable to resolve "slurmctl02"
[2026-07-22T04:25:19.138] error: _xgetaddrinfo: getaddrinfo(slurmctl01:6817) failed: System error: Device or resource busy
[2026-07-22T04:25:19.139] error: slurm_set_addr: Unable to resolve "slurmctl01"
[2026-07-22T04:25:19.143] error: _xgetaddrinfo: getaddrinfo(slurmctl02:6817) failed: System error: Device or resource busy
[2026-07-22T04:25:19.143] error: slurm_set_addr: Unable to resolve "slurmctl02"
[2026-07-22T04:25:44.151] error: _xgetaddrinfo: getaddrinfo(slurmctl01:6817) failed: System error: Device or resource busy
[2026-07-22T04:25:44.151] error: slurm_set_addr: Unable to resolve "slurmctl01"
[2026-07-22T04:25:44.156] error: _xgetaddrinfo: getaddrinfo(slurmctl02:6817) failed: System error: Device or resource busy
[2026-07-22T04:25:44.156] error: slurm_set_addr: Unable to resolve "slurmctl02"
[2026-07-22T04:26:09.163] error: _xgetaddrinfo: getaddrinfo(slurmctl01:6817) failed: System error: Device or resource busy
[2026-07-22T04:26:09.163] error: slurm_set_addr: Unable to resolve "slurmctl01"
[2026-07-22T04:26:09.168] error: _xgetaddrinfo: getaddrinfo(slurmctl02:6817) failed: System error: Device or resource busy
[2026-07-22T04:26:09.168] error: slurm_set_addr: Unable to resolve "slurmctl02"
[2026-07-22T04:26:34.175] error: _xgetaddrinfo: getaddrinfo(slurmctl01:6817) failed: System error: Device or resource busy
[2026-07-22T04:26:34.175] error: slurm_set_addr: Unable to resolve "slurmctl01"
[2026-07-22T04:26:34.180] error: _xgetaddrinfo: getaddrinfo(slurmctl02:6817) failed: System error: Device or resource busy
[2026-07-22T04:26:34.180] error: slurm_set_addr: Unable to resolve "slurmctl02"
[2026-07-22T04:26:59.188] error: _xgetaddrinfo: getaddrinfo(slurmctl01:6817) failed: System error: Device or resource busy
[2026-07-22T04:26:59.188] error: slurm_set_addr: Unable to resolve "slurmctl01"
[2026-07-22T04:26:59.193] error: _xgetaddrinfo: getaddrinfo(slurmctl02:6817) failed: System error: Device or resource busy
[2026-07-22T04:26:59.193] error: slurm_set_addr: Unable to resolve "slurmctl02"
[2026-07-22T04:27:24.200] error: _xgetaddrinfo: getaddrinfo(slurmctl01:6817) failed: System error: Device or resource busy
[2026-07-22T04:27:24.200] error: slurm_set_addr: Unable to resolve "slurmctl01"
[2026-07-22T04:27:24.205] error: _xgetaddrinfo: getaddrinfo(slurmctl02:6817) failed: System error: Device or resource busy
[2026-07-22T04:27:24.205] error: slurm_set_addr: Unable to resolve "slurmctl02"
[2026-07-22T04:27:49.212] error: _xgetaddrinfo: getaddrinfo(slurmctl01:6817) failed: System error: Device or resource busy
[2026-07-22T04:27:49.212] error: slurm_set_addr: Unable to resolve "slurmctl01"
[2026-07-22T04:27:49.217] error: _xgetaddrinfo: getaddrinfo(slurmctl02:6817) failed: System error: Device or resource busy
[2026-07-22T04:27:49.217] error: slurm_set_addr: Unable to resolve "slurmctl02"
[2026-07-22T04:28:14.225] error: _xgetaddrinfo: getaddrinfo(slurmctl01:6817) failed: System error: Device or resource busy
[2026-07-22T04:28:14.225] error: slurm_set_addr: Unable to resolve "slurmctl01"
[2026-07-22T04:28:14.229] error: _xgetaddrinfo: getaddrinfo(slurmctl02:6817) failed: System error: Device or resource busy
[2026-07-22T04:28:14.230] error: slurm_set_addr: Unable to resolve "slurmctl02"
[2026-07-22T04:28:39.237] error: _xgetaddrinfo: getaddrinfo(slurmctl01:6817) failed: System error: Device or resource busy
[2026-07-22T04:28:39.237] error: slurm_set_addr: Unable to resolve "slurmctl01"
[2026-07-22T04:28:39.242] error: _xgetaddrinfo: getaddrinfo(slurmctl02:6817) failed: System error: Device or resource busy
[2026-07-22T04:28:39.242] error: slurm_set_addr: Unable to resolve "slurmctl02"
[2026-07-22T04:29:04.249] error: _xgetaddrinfo: getaddrinfo(slurmctl01:6817) failed: System error: Device or resource busy
[2026-07-22T04:29:04.249] error: slurm_set_addr: Unable to resolve "slurmctl01"
[2026-07-22T04:29:04.254] error: _xgetaddrinfo: getaddrinfo(slurmctl02:6817) failed: System error: Device or resource busy
[2026-07-22T04:29:04.254] error: slurm_set_addr: Unable to resolve "slurmctl02"
[2026-07-22T04:29:29.262] error: _xgetaddrinfo: getaddrinfo(slurmctl01:6817) failed: System error: Device or resource busy
[2026-07-22T04:29:29.262] error: slurm_set_addr: Unable to resolve "slurmctl01"
[2026-07-22T04:29:29.267] error: _xgetaddrinfo: getaddrinfo(slurmctl02:6817) failed: System error: Device or resource busy
[2026-07-22T04:29:29.267] error: slurm_set_addr: Unable to resolve "slurmctl02"
[2026-07-22T04:29:54.274] error: _xgetaddrinfo: getaddrinfo(slurmctl01:6817) failed: System error: Device or resource busy
[2026-07-22T04:29:54.275] error: slurm_set_addr: Unable to resolve "slurmctl01"
[2026-07-22T04:29:54.279] error: _xgetaddrinfo: getaddrinfo(slurmctl02:6817) failed: System error: Device or resource busy
[2026-07-22T04:29:54.279] error: slurm_set_addr: Unable to resolve "slurmctl02"
[2026-07-22T04:30:19.287] error: _xgetaddrinfo: getaddrinfo(slurmctl01:6817) failed: System error: Device or resource busy
[2026-07-22T04:30:19.287] error: slurm_set_addr: Unable to resolve "slurmctl01"
[2026-07-22T04:30:19.292] error: _xgetaddrinfo: getaddrinfo(slurmctl02:6817) failed: System error: Device or resource busy
[2026-07-22T04:30:19.292] error: slurm_set_addr: Unable to resolve "slurmctl02"
[2026-07-22T04:30:44.299] error: _xgetaddrinfo: getaddrinfo(slurmctl01:6817) failed: System error: Device or resource busy
[2026-07-22T04:30:44.299] error: slurm_set_addr: Unable to resolve "slurmctl01"
[2026-07-22T04:30:44.304] error: _xgetaddrinfo: getaddrinfo(slurmctl02:6817) failed: System error: Device or resource busy
[2026-07-22T04:30:44.304] error: slurm_set_addr: Unable to resolve "slurmctl02"
[2026-07-22T04:31:09.311] error: _xgetaddrinfo: getaddrinfo(slurmctl01:6817) failed: System error: Device or resource busy
[2026-07-22T04:31:09.311] error: slurm_set_addr: Unable to resolve "slurmctl01"
[2026-07-22T04:31:09.316] error: _xgetaddrinfo: getaddrinfo(slurmctl02:6817) failed: System error: Device or resource busy
[2026-07-22T04:31:09.316] error: slurm_set_addr: Unable to resolve "slurmctl02"
[2026-07-22T04:31:34.324] error: _xgetaddrinfo: getaddrinfo(slurmctl01:6817) failed: System error: Device or resource busy
[2026-07-22T04:31:34.324] error: slurm_set_addr: Unable to resolve "slurmctl01"
[2026-07-22T04:31:34.329] error: _xgetaddrinfo: getaddrinfo(slurmctl02:6817) failed: System error: Device or resource busy
[2026-07-22T04:31:34.329] error: slurm_set_addr: Unable to resolve "slurmctl02"
[2026-07-22T04:31:59.336] error: _xgetaddrinfo: getaddrinfo(slurmctl01:6817) failed: System error: Device or resource busy
[2026-07-22T04:31:59.336] error: slurm_set_addr: Unable to resolve "slurmctl01"
[2026-07-22T04:31:59.341] error: _xgetaddrinfo: getaddrinfo(slurmctl02:6817) failed: System error: Device or resource busy
[2026-07-22T04:31:59.341] error: slurm_set_addr: Unable to resolve "slurmctl02"
[2026-07-22T04:32:24.348] error: _xgetaddrinfo: getaddrinfo(slurmctl01:6817) failed: System error: Device or resource busy
[2026-07-22T04:32:24.349] error: slurm_set_addr: Unable to resolve "slurmctl01"
[2026-07-22T04:32:24.353] error: _xgetaddrinfo: getaddrinfo(slurmctl02:6817) failed: System error: Device or resource busy
[2026-07-22T04:32:24.353] error: slurm_set_addr: Unable to resolve "slurmctl02"
[2026-07-22T04:32:49.361] error: _xgetaddrinfo: getaddrinfo(slurmctl01:6817) failed: System error: Device or resource busy
[2026-07-22T04:32:49.361] error: slurm_set_addr: Unable to resolve "slurmctl01"
[2026-07-22T04:32:49.366] error: _xgetaddrinfo: getaddrinfo(slurmctl02:6817) failed: System error: Device or resource busy
[2026-07-22T04:32:49.366] error: slurm_set_addr: Unable to resolve "slurmctl02"
[2026-07-22T04:33:14.373] error: _xgetaddrinfo: getaddrinfo(slurmctl01:6817) failed: System error: Device or resource busy
[2026-07-22T04:33:14.373] error: slurm_set_addr: Unable to resolve "slurmctl01"
[2026-07-22T04:33:14.378] error: _xgetaddrinfo: getaddrinfo(slurmctl02:6817) failed: System error: Device or resource busy
[2026-07-22T04:33:14.378] error: slurm_set_addr: Unable to resolve "slurmctl02"
[2026-07-22T04:33:39.385] error: _xgetaddrinfo: getaddrinfo(slurmctl01:6817) failed: System error: Device or resource busy
[2026-07-22T04:33:39.385] error: slurm_set_addr: Unable to resolve "slurmctl01"
[2026-07-22T04:33:39.389] error: _xgetaddrinfo: getaddrinfo(slurmctl02:6817) failed: System error: Device or resource busy
[2026-07-22T04:33:39.389] error: slurm_set_addr: Unable to resolve "slurmctl02"
[2026-07-22T04:34:04.397] error: _xgetaddrinfo: getaddrinfo(slurmctl01:6817) failed: System error: Device or resource busy
[2026-07-22T04:34:04.397] error: slurm_set_addr: Unable to resolve "slurmctl01"
[2026-07-22T04:34:04.402] error: _xgetaddrinfo: getaddrinfo(slurmctl02:6817) failed: System error: Device or resource busy
[2026-07-22T04:34:04.402] error: slurm_set_addr: Unable to resolve "slurmctl02"
[2026-07-22T04:34:29.409] error: _xgetaddrinfo: getaddrinfo(slurmctl01:6817) failed: System error: Device or resource busy
[2026-07-22T04:34:29.409] error: slurm_set_addr: Unable to resolve "slurmctl01"
[2026-07-22T04:34:29.414] error: _xgetaddrinfo: getaddrinfo(slurmctl02:6817) failed: System error: Device or resource busy
[2026-07-22T04:34:29.414] error: slurm_set_addr: Unable to resolve "slurmctl02"
[2026-07-22T04:34:54.420] error: _xgetaddrinfo: getaddrinfo(slurmctl01:6817) failed: System error: Device or resource busy
[2026-07-22T04:34:54.421] error: slurm_set_addr: Unable to resolve "slurmctl01"
[2026-07-22T04:34:54.426] error: _xgetaddrinfo: getaddrinfo(slurmctl02:6817) failed: System error: Device or resource busy
[2026-07-22T04:34:54.426] error: slurm_set_addr: Unable to resolve "slurmctl02"
[2026-07-22T04:35:19.432] error: _xgetaddrinfo: getaddrinfo(slurmctl01:6817) failed: System error: Device or resource busy
[2026-07-22T04:35:19.433] error: slurm_set_addr: Unable to resolve "slurmctl01"
[2026-07-22T04:35:19.438] error: _xgetaddrinfo: getaddrinfo(slurmctl02:6817) failed: System error: Device or resource busy
[2026-07-22T04:35:19.438] error: slurm_set_addr: Unable to resolve "slurmctl02"
[2026-07-22T04:35:44.445] error: _xgetaddrinfo: getaddrinfo(slurmctl01:6817) failed: System error: Device or resource busy
[2026-07-22T04:35:44.445] error: slurm_set_addr: Unable to resolve "slurmctl01"
[2026-07-22T04:35:44.450] error: _xgetaddrinfo: getaddrinfo(slurmctl02:6817) failed: System error: Device or resource busy
[2026-07-22T04:35:44.450] error: slurm_set_addr: Unable to resolve "slurmctl02"
[2026-07-22T04:36:09.457] error: _xgetaddrinfo: getaddrinfo(slurmctl01:6817) failed: System error: Device or resource busy
[2026-07-22T04:36:09.457] error: slurm_set_addr: Unable to resolve "slurmctl01"
[2026-07-22T04:36:09.462] error: _xgetaddrinfo: getaddrinfo(slurmctl02:6817) failed: System error: Device or resource busy
[2026-07-22T04:36:09.462] error: slurm_set_addr: Unable to resolve "slurmctl02"
[2026-07-22T04:36:34.470] error: _xgetaddrinfo: getaddrinfo(slurmctl01:6817) failed: System error: Device or resource busy
[2026-07-22T04:36:34.470] error: slurm_set_addr: Unable to resolve "slurmctl01"
[2026-07-22T04:36:34.475] error: _xgetaddrinfo: getaddrinfo(slurmctl02:6817) failed: System error: Device or resource busy
[2026-07-22T04:36:34.475] error: slurm_set_addr: Unable to resolve "slurmctl02"
[2026-07-22T04:36:59.482] error: _xgetaddrinfo: getaddrinfo(slurmctl01:6817) failed: System error: Device or resource busy
[2026-07-22T04:36:59.482] error: slurm_set_addr: Unable to resolve "slurmctl01"
[2026-07-22T04:36:59.487] error: _xgetaddrinfo: getaddrinfo(slurmctl02:6817) failed: System error: Device or resource busy
[2026-07-22T04:36:59.487] error: slurm_set_addr: Unable to resolve "slurmctl02"
[2026-07-22T04:37:24.494] error: _xgetaddrinfo: getaddrinfo(slurmctl01:6817) failed: System error: Device or resource busy
[2026-07-22T04:37:24.494] error: slurm_set_addr: Unable to resolve "slurmctl01"
[2026-07-22T04:37:24.499] error: _xgetaddrinfo: getaddrinfo(slurmctl02:6817) failed: System error: Device or resource busy
[2026-07-22T04:37:24.499] error: slurm_set_addr: Unable to resolve "slurmctl02"
[2026-07-22T04:37:49.507] error: _xgetaddrinfo: getaddrinfo(slurmctl01:6817) failed: System error: Device or resource busy
[2026-07-22T04:37:49.507] error: slurm_set_addr: Unable to resolve "slurmctl01"
[2026-07-22T04:37:49.512] error: _xgetaddrinfo: getaddrinfo(slurmctl02:6817) failed: System error: Device or resource busy
[2026-07-22T04:37:49.512] error: slurm_set_addr: Unable to resolve "slurmctl02"
[2026-07-22T04:38:14.518] error: _xgetaddrinfo: getaddrinfo(slurmctl01:6817) failed: System error: Device or resource busy
[2026-07-22T04:38:14.519] error: slurm_set_addr: Unable to resolve "slurmctl01"
[2026-07-22T04:38:14.523] error: _xgetaddrinfo: getaddrinfo(slurmctl02:6817) failed: System error: Device or resource busy
[2026-07-22T04:38:14.523] error: slurm_set_addr: Unable to resolve "slurmctl02"
[2026-07-22T04:38:39.531] error: _xgetaddrinfo: getaddrinfo(slurmctl01:6817) failed: System error: Device or resource busy
[2026-07-22T04:38:39.531] error: slurm_set_addr: Unable to resolve "slurmctl01"
[2026-07-22T04:38:39.536] error: _xgetaddrinfo: getaddrinfo(slurmctl02:6817) failed: System error: Device or resource busy
[2026-07-22T04:38:39.536] error: slurm_set_addr: Unable to resolve "slurmctl02"
[2026-07-22T04:39:04.543] error: _xgetaddrinfo: getaddrinfo(slurmctl01:6817) failed: System error: Device or resource busy
[2026-07-22T04:39:04.543] error: slurm_set_addr: Unable to resolve "slurmctl01"
[2026-07-22T04:39:04.548] error: _xgetaddrinfo: getaddrinfo(slurmctl02:6817) failed: System error: Device or resource busy
[2026-07-22T04:39:04.548] error: slurm_set_addr: Unable to resolve "slurmctl02"
[2026-07-22T04:39:29.556] error: _xgetaddrinfo: getaddrinfo(slurmctl01:6817) failed: System error: Device or resource busy
[2026-07-22T04:39:29.556] error: slurm_set_addr: Unable to resolve "slurmctl01"
[2026-07-22T04:39:29.561] error: _xgetaddrinfo: getaddrinfo(slurmctl02:6817) failed: System error: Device or resource busy
[2026-07-22T04:39:29.561] error: slurm_set_addr: Unable to resolve "slurmctl02"
[2026-07-22T04:39:54.568] error: _xgetaddrinfo: getaddrinfo(slurmctl01:6817) failed: System error: Device or resource busy
[2026-07-22T04:39:54.568] error: slurm_set_addr: Unable to resolve "slurmctl01"
[2026-07-22T04:39:54.573] error: _xgetaddrinfo: getaddrinfo(slurmctl02:6817) failed: System error: Device or resource busy
[2026-07-22T04:39:54.573] error: slurm_set_addr: Unable to resolve "slurmctl02"
[2026-07-22T04:40:19.581] error: _xgetaddrinfo: getaddrinfo(slurmctl01:6817) failed: System error: Device or resource busy
[2026-07-22T04:40:19.581] error: slurm_set_addr: Unable to resolve "slurmctl01"
[2026-07-22T04:40:19.586] error: _xgetaddrinfo: getaddrinfo(slurmctl02:6817) failed: System error: Device or resource busy
[2026-07-22T04:40:19.586] error: slurm_set_addr: Unable to resolve "slurmctl02"
[2026-07-22T04:40:44.593] error: _xgetaddrinfo: getaddrinfo(slurmctl01:6817) failed: System error: Device or resource busy
[2026-07-22T04:40:44.594] error: slurm_set_addr: Unable to resolve "slurmctl01"
[2026-07-22T04:40:44.599] error: _xgetaddrinfo: getaddrinfo(slurmctl02:6817) failed: System error: Device or resource busy
[2026-07-22T04:40:44.599] error: slurm_set_addr: Unable to resolve "slurmctl02"
[2026-07-22T04:41:09.606] error: _xgetaddrinfo: getaddrinfo(slurmctl01:6817) failed: System error: Device or resource busy
[2026-07-22T04:41:09.606] error: slurm_set_addr: Unable to resolve "slurmctl01"
[2026-07-22T04:41:09.611] error: _xgetaddrinfo: getaddrinfo(slurmctl02:6817) failed: System error: Device or resource busy
[2026-07-22T04:41:09.611] error: slurm_set_addr: Unable to resolve "slurmctl02"
[2026-07-22T04:41:34.618] error: _xgetaddrinfo: getaddrinfo(slurmctl01:6817) failed: System error: Device or resource busy
[2026-07-22T04:41:34.618] error: slurm_set_addr: Unable to resolve "slurmctl01"
[2026-07-22T04:41:34.623] error: _xgetaddrinfo: getaddrinfo(slurmctl02:6817) failed: System error: Device or resource busy
[2026-07-22T04:41:34.623] error: slurm_set_addr: Unable to resolve "slurmctl02"
[2026-07-22T04:41:59.631] error: _xgetaddrinfo: getaddrinfo(slurmctl01:6817) failed: System error: Device or resource busy
[2026-07-22T04:41:59.631] error: slurm_set_addr: Unable to resolve "slurmctl01"
[2026-07-22T04:41:59.636] error: _xgetaddrinfo: getaddrinfo(slurmctl02:6817) failed: System error: Device or resource busy
[2026-07-22T04:41:59.636] error: slurm_set_addr: Unable to resolve "slurmctl02"
[2026-07-22T04:42:24.643] error: _xgetaddrinfo: getaddrinfo(slurmctl01:6817) failed: System error: Device or resource busy
[2026-07-22T04:42:24.643] error: slurm_set_addr: Unable to resolve "slurmctl01"
[2026-07-22T04:42:24.648] error: _xgetaddrinfo: getaddrinfo(slurmctl02:6817) failed: System error: Device or resource busy
[2026-07-22T04:42:24.648] error: slurm_set_addr: Unable to resolve "slurmctl02"
[2026-07-22T04:42:49.655] error: _xgetaddrinfo: getaddrinfo(slurmctl01:6817) failed: System error: Device or resource busy
[2026-07-22T04:42:49.655] error: slurm_set_addr: Unable to resolve "slurmctl01"
[2026-07-22T04:42:49.660] error: _xgetaddrinfo: getaddrinfo(slurmctl02:6817) failed: System error: Device or resource busy
[2026-07-22T04:42:49.660] error: slurm_set_addr: Unable to resolve "slurmctl02"
[2026-07-22T04:43:14.667] error: _xgetaddrinfo: getaddrinfo(slurmctl01:6817) failed: System error: Device or resource busy
[2026-07-22T04:43:14.667] error: slurm_set_addr: Unable to resolve "slurmctl01"
[2026-07-22T04:43:14.672] error: _xgetaddrinfo: getaddrinfo(slurmctl02:6817) failed: System error: Device or resource busy
[2026-07-22T04:43:14.672] error: slurm_set_addr: Unable to resolve "slurmctl02"
[2026-07-22T04:43:39.679] error: _xgetaddrinfo: getaddrinfo(slurmctl01:6817) failed: System error: Device or resource busy
[2026-07-22T04:43:39.679] error: slurm_set_addr: Unable to resolve "slurmctl01"
[2026-07-22T04:43:39.684] error: _xgetaddrinfo: getaddrinfo(slurmctl02:6817) failed: System error: Device or resource busy
[2026-07-22T04:43:39.684] error: slurm_set_addr: Unable to resolve "slurmctl02"
[2026-07-22T04:44:04.692] error: _xgetaddrinfo: getaddrinfo(slurmctl01:6817) failed: System error: Device or resource busy
[2026-07-22T04:44:04.692] error: slurm_set_addr: Unable to resolve "slurmctl01"
[2026-07-22T04:44:04.697] error: _xgetaddrinfo: getaddrinfo(slurmctl02:6817) failed: System error: Device or resource busy
[2026-07-22T04:44:04.697] error: slurm_set_addr: Unable to resolve "slurmctl02"
[2026-07-22T04:44:29.704] error: _xgetaddrinfo: getaddrinfo(slurmctl01:6817) failed: System error: Device or resource busy
[2026-07-22T04:44:29.705] error: slurm_set_addr: Unable to resolve "slurmctl01"
[2026-07-22T04:44:29.710] error: _xgetaddrinfo: getaddrinfo(slurmctl02:6817) failed: System error: Device or resource busy
[2026-07-22T04:44:29.710] error: slurm_set_addr: Unable to resolve "slurmctl02"
[2026-07-22T04:44:54.717] error: _xgetaddrinfo: getaddrinfo(slurmctl01:6817) failed: System error: Device or resource busy
[2026-07-22T04:44:54.717] error: slurm_set_addr: Unable to resolve "slurmctl01"
[2026-07-22T04:44:54.722] error: _xgetaddrinfo: getaddrinfo(slurmctl02:6817) failed: System error: Device or resource busy
[2026-07-22T04:44:54.722] error: slurm_set_addr: Unable to resolve "slurmctl02"
[2026-07-22T04:45:19.730] error: _xgetaddrinfo: getaddrinfo(slurmctl01:6817) failed: System error: Device or resource busy
[2026-07-22T04:45:19.730] error: slurm_set_addr: Unable to resolve "slurmctl01"
[2026-07-22T04:45:19.735] error: _xgetaddrinfo: getaddrinfo(slurmctl02:6817) failed: System error: Device or resource busy
[2026-07-22T04:45:19.735] error: slurm_set_addr: Unable to resolve "slurmctl02"
[2026-07-22T04:45:44.742] error: _xgetaddrinfo: getaddrinfo(slurmctl01:6817) failed: System error: Device or resource busy
[2026-07-22T04:45:44.742] error: slurm_set_addr: Unable to resolve "slurmctl01"
[2026-07-22T04:45:44.746] error: _xgetaddrinfo: getaddrinfo(slurmctl02:6817) failed: System error: Device or resource busy
[2026-07-22T04:45:44.746] error: slurm_set_addr: Unable to resolve "slurmctl02"
[2026-07-22T04:46:09.754] error: _xgetaddrinfo: getaddrinfo(slurmctl01:6817) failed: System error: Device or resource busy
[2026-07-22T04:46:09.754] error: slurm_set_addr: Unable to resolve "slurmctl01"
[2026-07-22T04:46:09.759] error: _xgetaddrinfo: getaddrinfo(slurmctl02:6817) failed: System error: Device or resource busy
[2026-07-22T04:46:09.759] error: slurm_set_addr: Unable to resolve "slurmctl02"
[2026-07-22T04:46:34.766] error: _xgetaddrinfo: getaddrinfo(slurmctl01:6817) failed: System error: Device or resource busy
[2026-07-22T04:46:34.766] error: slurm_set_addr: Unable to resolve "slurmctl01"
[2026-07-22T04:46:34.771] error: _xgetaddrinfo: getaddrinfo(slurmctl02:6817) failed: System error: Device or resource busy
[2026-07-22T04:46:34.771] error: slurm_set_addr: Unable to resolve "slurmctl02"
[2026-07-22T04:46:59.778] error: _xgetaddrinfo: getaddrinfo(slurmctl01:6817) failed: System error: Device or resource busy
[2026-07-22T04:46:59.779] error: slurm_set_addr: Unable to resolve "slurmctl01"
[2026-07-22T04:46:59.784] error: _xgetaddrinfo: getaddrinfo(slurmctl02:6817) failed: System error: Device or resource busy
[2026-07-22T04:46:59.784] error: slurm_set_addr: Unable to resolve "slurmctl02"
[2026-07-22T04:47:24.791] error: _xgetaddrinfo: getaddrinfo(slurmctl01:6817) failed: System error: Device or resource busy
[2026-07-22T04:47:24.791] error: slurm_set_addr: Unable to resolve "slurmctl01"
[2026-07-22T04:47:24.796] error: _xgetaddrinfo: getaddrinfo(slurmctl02:6817) failed: System error: Device or resource busy
[2026-07-22T04:47:24.796] error: slurm_set_addr: Unable to resolve "slurmctl02"
[2026-07-22T04:47:49.804] error: _xgetaddrinfo: getaddrinfo(slurmctl01:6817) failed: System error: Device or resource busy
[2026-07-22T04:47:49.804] error: slurm_set_addr: Unable to resolve "slurmctl01"
[2026-07-22T04:47:49.809] error: _xgetaddrinfo: getaddrinfo(slurmctl02:6817) failed: System error: Device or resource busy
[2026-07-22T04:47:49.809] error: slurm_set_addr: Unable to resolve "slurmctl02"
[2026-07-22T04:48:14.816] error: _xgetaddrinfo: getaddrinfo(slurmctl01:6817) failed: System error: Device or resource busy
[2026-07-22T04:48:14.816] error: slurm_set_addr: Unable to resolve "slurmctl01"
[2026-07-22T04:48:14.821] error: _xgetaddrinfo: getaddrinfo(slurmctl02:6817) failed: System error: Device or resource busy
[2026-07-22T04:48:14.821] error: slurm_set_addr: Unable to resolve "slurmctl02"
[2026-07-22T04:48:39.829] error: _xgetaddrinfo: getaddrinfo(slurmctl01:6817) failed: System error: Device or resource busy
[2026-07-22T04:48:39.829] error: slurm_set_addr: Unable to resolve "slurmctl01"
[2026-07-22T04:48:39.834] error: _xgetaddrinfo: getaddrinfo(slurmctl02:6817) failed: System error: Device or resource busy
[2026-07-22T04:48:39.834] error: slurm_set_addr: Unable to resolve "slurmctl02"
[2026-07-22T04:49:04.841] error: _xgetaddrinfo: getaddrinfo(slurmctl01:6817) failed: System error: Device or resource busy
[2026-07-22T04:49:04.841] error: slurm_set_addr: Unable to resolve "slurmctl01"
[2026-07-22T04:49:04.846] error: _xgetaddrinfo: getaddrinfo(slurmctl02:6817) failed: System error: Device or resource busy
[2026-07-22T04:49:04.847] error: slurm_set_addr: Unable to resolve "slurmctl02"
[2026-07-22T04:49:29.853] error: _xgetaddrinfo: getaddrinfo(slurmctl01:6817) failed: System error: Device or resource busy
[2026-07-22T04:49:29.853] error: slurm_set_addr: Unable to resolve "slurmctl01"
[2026-07-22T04:49:29.858] error: _xgetaddrinfo: getaddrinfo(slurmctl02:6817) failed: System error: Device or resource busy
[2026-07-22T04:49:29.858] error: slurm_set_addr: Unable to resolve "slurmctl02"
[2026-07-22T04:49:54.866] error: _xgetaddrinfo: getaddrinfo(slurmctl01:6817) failed: System error: Device or resource busy
[2026-07-22T04:49:54.866] error: slurm_set_addr: Unable to resolve "slurmctl01"
[2026-07-22T04:49:54.871] error: _xgetaddrinfo: getaddrinfo(slurmctl02:6817) failed: System error: Device or resource busy
[2026-07-22T04:49:54.871] error: slurm_set_addr: Unable to resolve "slurmctl02"
[2026-07-22T04:50:19.879] error: _xgetaddrinfo: getaddrinfo(slurmctl01:6817) failed: System error: Device or resource busy
[2026-07-22T04:50:19.879] error: slurm_set_addr: Unable to resolve "slurmctl01"
[2026-07-22T04:50:19.884] error: _xgetaddrinfo: getaddrinfo(slurmctl02:6817) failed: System error: Device or resource busy
[2026-07-22T04:50:19.884] error: slurm_set_addr: Unable to resolve "slurmctl02"
[2026-07-22T04:50:44.891] error: _xgetaddrinfo: getaddrinfo(slurmctl01:6817) failed: System error: Device or resource busy
[2026-07-22T04:50:44.892] error: slurm_set_addr: Unable to resolve "slurmctl01"
[2026-07-22T04:50:44.896] error: _xgetaddrinfo: getaddrinfo(slurmctl02:6817) failed: System error: Device or resource busy
[2026-07-22T04:50:44.897] error: slurm_set_addr: Unable to resolve "slurmctl02"
[2026-07-22T04:51:09.904] error: _xgetaddrinfo: getaddrinfo(slurmctl01:6817) failed: System error: Device or resource busy
[2026-07-22T04:51:09.904] error: slurm_set_addr: Unable to resolve "slurmctl01"
[2026-07-22T04:51:09.909] error: _xgetaddrinfo: getaddrinfo(slurmctl02:6817) failed: System error: Device or resource busy
[2026-07-22T04:51:09.909] error: slurm_set_addr: Unable to resolve "slurmctl02"
[2026-07-22T04:51:34.917] error: _xgetaddrinfo: getaddrinfo(slurmctl01:6817) failed: System error: Device or resource busy
[2026-07-22T04:51:34.917] error: slurm_set_addr: Unable to resolve "slurmctl01"
[2026-07-22T04:51:34.922] error: _xgetaddrinfo: getaddrinfo(slurmctl02:6817) failed: System error: Device or resource busy
[2026-07-22T04:51:34.922] error: slurm_set_addr: Unable to resolve "slurmctl02"
[2026-07-22T04:51:59.929] error: _xgetaddrinfo: getaddrinfo(slurmctl01:6817) failed: System error: Device or resource busy
[2026-07-22T04:51:59.929] error: slurm_set_addr: Unable to resolve "slurmctl01"
[2026-07-22T04:51:59.934] error: _xgetaddrinfo: getaddrinfo(slurmctl02:6817) failed: System error: Device or resource busy
[2026-07-22T04:51:59.934] error: slurm_set_addr: Unable to resolve "slurmctl02"
[2026-07-22T04:52:24.942] error: _xgetaddrinfo: getaddrinfo(slurmctl01:6817) failed: System error: Device or resource busy
[2026-07-22T04:52:24.942] error: slurm_set_addr: Unable to resolve "slurmctl01"
[2026-07-22T04:52:24.947] error: _xgetaddrinfo: getaddrinfo(slurmctl02:6817) failed: System error: Device or resource busy
[2026-07-22T04:52:24.947] error: slurm_set_addr: Unable to resolve "slurmctl02"
[2026-07-22T04:52:49.954] error: _xgetaddrinfo: getaddrinfo(slurmctl01:6817) failed: System error: Device or resource busy
[2026-07-22T04:52:49.954] error: slurm_set_addr: Unable to resolve "slurmctl01"
[2026-07-22T04:52:49.960] error: _xgetaddrinfo: getaddrinfo(slurmctl02:6817) failed: System error: Device or resource busy
[2026-07-22T04:52:49.960] error: slurm_set_addr: Unable to resolve "slurmctl02"
[2026-07-22T04:53:14.967] error: _xgetaddrinfo: getaddrinfo(slurmctl01:6817) failed: System error: Device or resource busy
[2026-07-22T04:53:14.967] error: slurm_set_addr: Unable to resolve "slurmctl01"
[2026-07-22T04:53:14.972] error: _xgetaddrinfo: getaddrinfo(slurmctl02:6817) failed: System error: Device or resource busy
[2026-07-22T04:53:14.972] error: slurm_set_addr: Unable to resolve "slurmctl02"
[2026-07-22T04:53:39.979] error: _xgetaddrinfo: getaddrinfo(slurmctl01:6817) failed: System error: Device or resource busy
[2026-07-22T04:53:39.979] error: slurm_set_addr: Unable to resolve "slurmctl01"
[2026-07-22T04:53:39.984] error: _xgetaddrinfo: getaddrinfo(slurmctl02:6817) failed: System error: Device or resource busy
[2026-07-22T04:53:39.984] error: slurm_set_addr: Unable to resolve "slurmctl02"
[2026-07-22T04:54:04.992] error: _xgetaddrinfo: getaddrinfo(slurmctl01:6817) failed: System error: Device or resource busy
[2026-07-22T04:54:04.992] error: slurm_set_addr: Unable to resolve "slurmctl01"
[2026-07-22T04:54:04.997] error: _xgetaddrinfo: getaddrinfo(slurmctl02:6817) failed: System error: Device or resource busy
[2026-07-22T04:54:04.997] error: slurm_set_addr: Unable to resolve "slurmctl02"
[2026-07-22T04:54:30.004] error: _xgetaddrinfo: getaddrinfo(slurmctl01:6817) failed: System error: Device or resource busy
[2026-07-22T04:54:30.004] error: slurm_set_addr: Unable to resolve "slurmctl01"
[2026-07-22T04:54:30.009] error: _xgetaddrinfo: getaddrinfo(slurmctl02:6817) failed: System error: Device or resource busy
[2026-07-22T04:54:30.009] error: slurm_set_addr: Unable to resolve "slurmctl02"
[2026-07-22T04:54:55.017] error: _xgetaddrinfo: getaddrinfo(slurmctl01:6817) failed: System error: Device or resource busy
[2026-07-22T04:54:55.017] error: slurm_set_addr: Unable to resolve "slurmctl01"
[2026-07-22T04:54:55.022] error: _xgetaddrinfo: getaddrinfo(slurmctl02:6817) failed: System error: Device or resource busy
[2026-07-22T04:54:55.022] error: slurm_set_addr: Unable to resolve "slurmctl02"
[2026-07-22T04:55:20.029] error: _xgetaddrinfo: getaddrinfo(slurmctl01:6817) failed: System error: Device or resource busy
[2026-07-22T04:55:20.029] error: slurm_set_addr: Unable to resolve "slurmctl01"
[2026-07-22T04:55:20.034] error: _xgetaddrinfo: getaddrinfo(slurmctl02:6817) failed: System error: Device or resource busy
[2026-07-22T04:55:20.034] error: slurm_set_addr: Unable to resolve "slurmctl02"
[2026-07-22T04:55:45.041] error: _xgetaddrinfo: getaddrinfo(slurmctl01:6817) failed: System error: Device or resource busy
[2026-07-22T04:55:45.041] error: slurm_set_addr: Unable to resolve "slurmctl01"
[2026-07-22T04:55:45.046] error: _xgetaddrinfo: getaddrinfo(slurmctl02:6817) failed: System error: Device or resource busy
[2026-07-22T04:55:45.046] error: slurm_set_addr: Unable to resolve "slurmctl02"
[2026-07-22T04:56:10.054] error: _xgetaddrinfo: getaddrinfo(slurmctl01:6817) failed: System error: Device or resource busy
[2026-07-22T04:56:10.054] error: slurm_set_addr: Unable to resolve "slurmctl01"
[2026-07-22T04:56:10.059] error: _xgetaddrinfo: getaddrinfo(slurmctl02:6817) failed: System error: Device or resource busy
[2026-07-22T04:56:10.059] error: slurm_set_addr: Unable to resolve "slurmctl02"
[2026-07-22T04:56:35.066] error: _xgetaddrinfo: getaddrinfo(slurmctl01:6817) failed: System error: Device or resource busy
[2026-07-22T04:56:35.066] error: slurm_set_addr: Unable to resolve "slurmctl01"
[2026-07-22T04:56:35.071] error: _xgetaddrinfo: getaddrinfo(slurmctl02:6817) failed: System error: Device or resource busy
[2026-07-22T04:56:35.071] error: slurm_set_addr: Unable to resolve "slurmctl02"
[2026-07-22T04:57:00.079] error: _xgetaddrinfo: getaddrinfo(slurmctl01:6817) failed: System error: Device or resource busy
[2026-07-22T04:57:00.079] error: slurm_set_addr: Unable to resolve "slurmctl01"
[2026-07-22T04:57:00.084] error: _xgetaddrinfo: getaddrinfo(slurmctl02:6817) failed: System error: Device or resource busy
[2026-07-22T04:57:00.084] error: slurm_set_addr: Unable to resolve "slurmctl02"
[2026-07-22T04:57:25.091] error: _xgetaddrinfo: getaddrinfo(slurmctl01:6817) failed: System error: Device or resource busy
[2026-07-22T04:57:25.092] error: slurm_set_addr: Unable to resolve "slurmctl01"
[2026-07-22T04:57:25.097] error: _xgetaddrinfo: getaddrinfo(slurmctl02:6817) failed: System error: Device or resource busy
[2026-07-22T04:57:25.097] error: slurm_set_addr: Unable to resolve "slurmctl02"
[2026-07-22T04:57:50.104] error: _xgetaddrinfo: getaddrinfo(slurmctl01:6817) failed: System error: Device or resource busy
[2026-07-22T04:57:50.104] error: slurm_set_addr: Unable to resolve "slurmctl01"
[2026-07-22T04:57:50.109] error: _xgetaddrinfo: getaddrinfo(slurmctl02:6817) failed: System error: Device or resource busy
[2026-07-22T04:57:50.109] error: slurm_set_addr: Unable to resolve "slurmctl02"
[2026-07-22T04:58:15.116] error: _xgetaddrinfo: getaddrinfo(slurmctl01:6817) failed: System error: Device or resource busy
[2026-07-22T04:58:15.116] error: slurm_set_addr: Unable to resolve "slurmctl01"
[2026-07-22T04:58:15.121] error: _xgetaddrinfo: getaddrinfo(slurmctl02:6817) failed: System error: Device or resource busy
[2026-07-22T04:58:15.121] error: slurm_set_addr: Unable to resolve "slurmctl02"
[2026-07-22T04:58:40.128] error: _xgetaddrinfo: getaddrinfo(slurmctl01:6817) failed: System error: Device or resource busy
[2026-07-22T04:58:40.128] error: slurm_set_addr: Unable to resolve "slurmctl01"
[2026-07-22T04:58:40.133] error: _xgetaddrinfo: getaddrinfo(slurmctl02:6817) failed: System error: Device or resource busy
[2026-07-22T04:58:40.133] error: slurm_set_addr: Unable to resolve "slurmctl02"
[2026-07-22T04:59:05.140] error: _xgetaddrinfo: getaddrinfo(slurmctl01:6817) failed: System error: Device or resource busy
[2026-07-22T04:59:05.140] error: slurm_set_addr: Unable to resolve "slurmctl01"
[2026-07-22T04:59:05.145] error: _xgetaddrinfo: getaddrinfo(slurmctl02:6817) failed: System error: Device or resource busy
[2026-07-22T04:59:05.145] error: slurm_set_addr: Unable to resolve "slurmctl02"
[2026-07-22T04:59:30.153] error: _xgetaddrinfo: getaddrinfo(slurmctl01:6817) failed: System error: Device or resource busy
[2026-07-22T04:59:30.153] error: slurm_set_addr: Unable to resolve "slurmctl01"
[2026-07-22T04:59:30.158] error: _xgetaddrinfo: getaddrinfo(slurmctl02:6817) failed: System error: Device or resource busy
[2026-07-22T04:59:30.158] error: slurm_set_addr: Unable to resolve "slurmctl02"
[2026-07-22T04:59:55.165] error: _xgetaddrinfo: getaddrinfo(slurmctl01:6817) failed: System error: Device or resource busy
[2026-07-22T04:59:55.166] error: slurm_set_addr: Unable to resolve "slurmctl01"
[2026-07-22T04:59:55.170] error: _xgetaddrinfo: getaddrinfo(slurmctl02:6817) failed: System error: Device or resource busy
[2026-07-22T04:59:55.170] error: slurm_set_addr: Unable to resolve "slurmctl02"
[2026-07-22T05:00:20.177] error: _xgetaddrinfo: getaddrinfo(slurmctl01:6817) failed: System error: Device or resource busy
[2026-07-22T05:00:20.178] error: slurm_set_addr: Unable to resolve "slurmctl01"
[2026-07-22T05:00:20.182] error: _xgetaddrinfo: getaddrinfo(slurmctl02:6817) failed: System error: Device or resource busy
[2026-07-22T05:00:20.183] error: slurm_set_addr: Unable to resolve "slurmctl02"
[2026-07-22T05:00:45.190] error: _xgetaddrinfo: getaddrinfo(slurmctl01:6817) failed: System error: Device or resource busy
[2026-07-22T05:00:45.190] error: slurm_set_addr: Unable to resolve "slurmctl01"
[2026-07-22T05:00:45.195] error: _xgetaddrinfo: getaddrinfo(slurmctl02:6817) failed: System error: Device or resource busy
[2026-07-22T05:00:45.195] error: slurm_set_addr: Unable to resolve "slurmctl02"
[2026-07-22T05:01:10.203] error: _xgetaddrinfo: getaddrinfo(slurmctl01:6817) failed: System error: Device or resource busy
[2026-07-22T05:01:10.203] error: slurm_set_addr: Unable to resolve "slurmctl01"
[2026-07-22T05:01:10.208] error: _xgetaddrinfo: getaddrinfo(slurmctl02:6817) failed: System error: Device or resource busy
[2026-07-22T05:01:10.208] error: slurm_set_addr: Unable to resolve "slurmctl02"
[2026-07-22T05:01:35.215] error: _xgetaddrinfo: getaddrinfo(slurmctl01:6817) failed: System error: Device or resource busy
[2026-07-22T05:01:35.216] error: slurm_set_addr: Unable to resolve "slurmctl01"
[2026-07-22T05:01:35.220] error: _xgetaddrinfo: getaddrinfo(slurmctl02:6817) failed: System error: Device or resource busy
[2026-07-22T05:01:35.220] error: slurm_set_addr: Unable to resolve "slurmctl02"
[2026-07-22T05:02:00.227] error: _xgetaddrinfo: getaddrinfo(slurmctl01:6817) failed: System error: Device or resource busy
[2026-07-22T05:02:00.227] error: slurm_set_addr: Unable to resolve "slurmctl01"
[2026-07-22T05:02:00.232] error: _xgetaddrinfo: getaddrinfo(slurmctl02:6817) failed: System error: Device or resource busy
[2026-07-22T05:02:00.232] error: slurm_set_addr: Unable to resolve "slurmctl02"
[2026-07-22T05:02:25.239] error: _xgetaddrinfo: getaddrinfo(slurmctl01:6817) failed: System error: Device or resource busy
[2026-07-22T05:02:25.240] error: slurm_set_addr: Unable to resolve "slurmctl01"
[2026-07-22T05:02:25.245] error: _xgetaddrinfo: getaddrinfo(slurmctl02:6817) failed: System error: Device or resource busy
[2026-07-22T05:02:25.245] error: slurm_set_addr: Unable to resolve "slurmctl02"
[2026-07-22T05:02:50.252] error: _xgetaddrinfo: getaddrinfo(slurmctl01:6817) failed: System error: Device or resource busy
[2026-07-22T05:02:50.252] error: slurm_set_addr: Unable to resolve "slurmctl01"
[2026-07-22T05:02:50.257] error: _xgetaddrinfo: getaddrinfo(slurmctl02:6817) failed: System error: Device or resource busy
[2026-07-22T05:02:50.257] error: slurm_set_addr: Unable to resolve "slurmctl02"
[2026-07-22T05:03:15.265] error: _xgetaddrinfo: getaddrinfo(slurmctl01:6817) failed: System error: Device or resource busy
[2026-07-22T05:03:15.265] error: slurm_set_addr: Unable to resolve "slurmctl01"
[2026-07-22T05:03:15.271] error: _xgetaddrinfo: getaddrinfo(slurmctl02:6817) failed: System error: Device or resource busy
[2026-07-22T05:03:15.271] error: slurm_set_addr: Unable to resolve "slurmctl02"
[2026-07-22T05:03:40.278] error: _xgetaddrinfo: getaddrinfo(slurmctl01:6817) failed: System error: Device or resource busy
[2026-07-22T05:03:40.278] error: slurm_set_addr: Unable to resolve "slurmctl01"
[2026-07-22T05:03:40.283] error: _xgetaddrinfo: getaddrinfo(slurmctl02:6817) failed: System error: Device or resource busy
[2026-07-22T05:03:40.283] error: slurm_set_addr: Unable to resolve "slurmctl02"
[2026-07-22T05:04:05.290] error: _xgetaddrinfo: getaddrinfo(slurmctl01:6817) failed: System error: Device or resource busy
[2026-07-22T05:04:05.291] error: slurm_set_addr: Unable to resolve "slurmctl01"
[2026-07-22T05:04:05.295] error: _xgetaddrinfo: getaddrinfo(slurmctl02:6817) failed: System error: Device or resource busy
[2026-07-22T05:04:05.295] error: slurm_set_addr: Unable to resolve "slurmctl02"
[2026-07-22T05:04:30.303] error: _xgetaddrinfo: getaddrinfo(slurmctl01:6817) failed: System error: Device or resource busy
[2026-07-22T05:04:30.303] error: slurm_set_addr: Unable to resolve "slurmctl01"
[2026-07-22T05:04:30.308] error: _xgetaddrinfo: getaddrinfo(slurmctl02:6817) failed: System error: Device or resource busy
[2026-07-22T05:04:30.308] error: slurm_set_addr: Unable to resolve "slurmctl02"
[2026-07-22T05:04:55.316] error: _xgetaddrinfo: getaddrinfo(slurmctl01:6817) failed: System error: Device or resource busy
[2026-07-22T05:04:55.316] error: slurm_set_addr: Unable to resolve "slurmctl01"
[2026-07-22T05:04:55.320] error: _xgetaddrinfo: getaddrinfo(slurmctl02:6817) failed: System error: Device or resource busy
[2026-07-22T05:04:55.320] error: slurm_set_addr: Unable to resolve "slurmctl02"
[2026-07-22T05:05:20.328] error: _xgetaddrinfo: getaddrinfo(slurmctl01:6817) failed: System error: Device or resource busy
[2026-07-22T05:05:20.328] error: slurm_set_addr: Unable to resolve "slurmctl01"
[2026-07-22T05:05:20.333] error: _xgetaddrinfo: getaddrinfo(slurmctl02:6817) failed: System error: Device or resource busy
[2026-07-22T05:05:20.333] error: slurm_set_addr: Unable to resolve "slurmctl02"
[2026-07-22T05:05:45.340] error: _xgetaddrinfo: getaddrinfo(slurmctl01:6817) failed: System error: Device or resource busy
[2026-07-22T05:05:45.340] error: slurm_set_addr: Unable to resolve "slurmctl01"
[2026-07-22T05:05:45.345] error: _xgetaddrinfo: getaddrinfo(slurmctl02:6817) failed: System error: Device or resource busy
[2026-07-22T05:05:45.345] error: slurm_set_addr: Unable to resolve "slurmctl02"
[2026-07-22T05:06:10.352] error: _xgetaddrinfo: getaddrinfo(slurmctl01:6817) failed: System error: Device or resource busy
[2026-07-22T05:06:10.352] error: slurm_set_addr: Unable to resolve "slurmctl01"
[2026-07-22T05:06:10.357] error: _xgetaddrinfo: getaddrinfo(slurmctl02:6817) failed: System error: Device or resource busy
[2026-07-22T05:06:10.357] error: slurm_set_addr: Unable to resolve "slurmctl02"
[2026-07-22T05:06:35.364] error: _xgetaddrinfo: getaddrinfo(slurmctl01:6817) failed: System error: Device or resource busy
[2026-07-22T05:06:35.364] error: slurm_set_addr: Unable to resolve "slurmctl01"
[2026-07-22T05:06:35.369] error: _xgetaddrinfo: getaddrinfo(slurmctl02:6817) failed: System error: Device or resource busy
[2026-07-22T05:06:35.369] error: slurm_set_addr: Unable to resolve "slurmctl02"
[2026-07-22T05:07:00.376] error: _xgetaddrinfo: getaddrinfo(slurmctl01:6817) failed: System error: Device or resource busy
[2026-07-22T05:07:00.376] error: slurm_set_addr: Unable to resolve "slurmctl01"
[2026-07-22T05:07:00.381] error: _xgetaddrinfo: getaddrinfo(slurmctl02:6817) failed: System error: Device or resource busy
[2026-07-22T05:07:00.381] error: slurm_set_addr: Unable to resolve "slurmctl02"
[2026-07-22T05:07:25.389] error: _xgetaddrinfo: getaddrinfo(slurmctl01:6817) failed: System error: Device or resource busy
[2026-07-22T05:07:25.389] error: slurm_set_addr: Unable to resolve "slurmctl01"
[2026-07-22T05:07:25.394] error: _xgetaddrinfo: getaddrinfo(slurmctl02:6817) failed: System error: Device or resource busy
[2026-07-22T05:07:25.394] error: slurm_set_addr: Unable to resolve "slurmctl02"
[2026-07-22T05:07:50.401] error: _xgetaddrinfo: getaddrinfo(slurmctl01:6817) failed: System error: Device or resource busy
[2026-07-22T05:07:50.401] error: slurm_set_addr: Unable to resolve "slurmctl01"
[2026-07-22T05:07:50.406] error: _xgetaddrinfo: getaddrinfo(slurmctl02:6817) failed: System error: Device or resource busy
[2026-07-22T05:07:50.406] error: slurm_set_addr: Unable to resolve "slurmctl02"
[2026-07-22T05:08:15.413] error: _xgetaddrinfo: getaddrinfo(slurmctl01:6817) failed: System error: Device or resource busy
[2026-07-22T05:08:15.413] error: slurm_set_addr: Unable to resolve "slurmctl01"
[2026-07-22T05:08:15.418] error: _xgetaddrinfo: getaddrinfo(slurmctl02:6817) failed: System error: Device or resource busy
[2026-07-22T05:08:15.418] error: slurm_set_addr: Unable to resolve "slurmctl02"
[2026-07-22T05:08:40.425] error: _xgetaddrinfo: getaddrinfo(slurmctl01:6817) failed: System error: Device or resource busy
[2026-07-22T05:08:40.425] error: slurm_set_addr: Unable to resolve "slurmctl01"
[2026-07-22T05:08:40.430] error: _xgetaddrinfo: getaddrinfo(slurmctl02:6817) failed: System error: Device or resource busy
[2026-07-22T05:08:40.430] error: slurm_set_addr: Unable to resolve "slurmctl02"
[2026-07-22T05:09:05.438] error: _xgetaddrinfo: getaddrinfo(slurmctl01:6817) failed: System error: Device or resource busy
[2026-07-22T05:09:05.438] error: slurm_set_addr: Unable to resolve "slurmctl01"
[2026-07-22T05:09:05.443] error: _xgetaddrinfo: getaddrinfo(slurmctl02:6817) failed: System error: Device or resource busy
[2026-07-22T05:09:05.443] error: slurm_set_addr: Unable to resolve "slurmctl02"
[2026-07-22T05:09:30.450] error: _xgetaddrinfo: getaddrinfo(slurmctl01:6817) failed: System error: Device or resource busy
[2026-07-22T05:09:30.451] error: slurm_set_addr: Unable to resolve "slurmctl01"
[2026-07-22T05:09:30.456] error: _xgetaddrinfo: getaddrinfo(slurmctl02:6817) failed: System error: Device or resource busy
[2026-07-22T05:09:30.456] error: slurm_set_addr: Unable to resolve "slurmctl02"
[2026-07-22T05:09:55.463] error: _xgetaddrinfo: getaddrinfo(slurmctl01:6817) failed: System error: Device or resource busy
[2026-07-22T05:09:55.463] error: slurm_set_addr: Unable to resolve "slurmctl01"
[2026-07-22T05:09:55.468] error: _xgetaddrinfo: getaddrinfo(slurmctl02:6817) failed: System error: Device or resource busy
[2026-07-22T05:09:55.468] error: slurm_set_addr: Unable to resolve "slurmctl02"
[2026-07-22T05:10:20.475] error: _xgetaddrinfo: getaddrinfo(slurmctl01:6817) failed: System error: Device or resource busy
[2026-07-22T05:10:20.475] error: slurm_set_addr: Unable to resolve "slurmctl01"
[2026-07-22T05:10:20.481] error: _xgetaddrinfo: getaddrinfo(slurmctl02:6817) failed: System error: Device or resource busy
[2026-07-22T05:10:20.481] error: slurm_set_addr: Unable to resolve "slurmctl02"
[2026-07-22T05:10:45.488] error: _xgetaddrinfo: getaddrinfo(slurmctl01:6817) failed: System error: Device or resource busy
[2026-07-22T05:10:45.488] error: slurm_set_addr: Unable to resolve "slurmctl01"
[2026-07-22T05:10:45.493] error: _xgetaddrinfo: getaddrinfo(slurmctl02:6817) failed: System error: Device or resource busy
[2026-07-22T05:10:45.493] error: slurm_set_addr: Unable to resolve "slurmctl02"
[2026-07-22T05:11:10.500] error: _xgetaddrinfo: getaddrinfo(slurmctl01:6817) failed: System error: Device or resource busy
[2026-07-22T05:11:10.500] error: slurm_set_addr: Unable to resolve "slurmctl01"
[2026-07-22T05:11:10.505] error: _xgetaddrinfo: getaddrinfo(slurmctl02:6817) failed: System error: Device or resource busy
[2026-07-22T05:11:10.505] error: slurm_set_addr: Unable to resolve "slurmctl02"
[2026-07-22T05:11:35.512] error: _xgetaddrinfo: getaddrinfo(slurmctl01:6817) failed: System error: Device or resource busy
[2026-07-22T05:11:35.512] error: slurm_set_addr: Unable to resolve "slurmctl01"
[2026-07-22T05:11:35.517] error: _xgetaddrinfo: getaddrinfo(slurmctl02:6817) failed: System error: Device or resource busy
[2026-07-22T05:11:35.517] error: slurm_set_addr: Unable to resolve "slurmctl02"
[2026-07-22T05:12:00.524] error: _xgetaddrinfo: getaddrinfo(slurmctl01:6817) failed: System error: Device or resource busy
[2026-07-22T05:12:00.524] error: slurm_set_addr: Unable to resolve "slurmctl01"
[2026-07-22T05:12:00.529] error: _xgetaddrinfo: getaddrinfo(slurmctl02:6817) failed: System error: Device or resource busy
[2026-07-22T05:12:00.529] error: slurm_set_addr: Unable to resolve "slurmctl02"
[2026-07-22T05:12:25.536] error: _xgetaddrinfo: getaddrinfo(slurmctl01:6817) failed: System error: Device or resource busy
[2026-07-22T05:12:25.537] error: slurm_set_addr: Unable to resolve "slurmctl01"
[2026-07-22T05:12:25.541] error: _xgetaddrinfo: getaddrinfo(slurmctl02:6817) failed: System error: Device or resource busy
[2026-07-22T05:12:25.541] error: slurm_set_addr: Unable to resolve "slurmctl02"
[2026-07-22T05:12:50.548] error: _xgetaddrinfo: getaddrinfo(slurmctl01:6817) failed: System error: Device or resource busy
[2026-07-22T05:12:50.548] error: slurm_set_addr: Unable to resolve "slurmctl01"
[2026-07-22T05:12:50.553] error: _xgetaddrinfo: getaddrinfo(slurmctl02:6817) failed: System error: Device or resource busy
[2026-07-22T05:12:50.553] error: slurm_set_addr: Unable to resolve "slurmctl02"
[2026-07-22T05:13:15.560] error: _xgetaddrinfo: getaddrinfo(slurmctl01:6817) failed: System error: Device or resource busy
[2026-07-22T05:13:15.560] error: slurm_set_addr: Unable to resolve "slurmctl01"
[2026-07-22T05:13:15.565] error: _xgetaddrinfo: getaddrinfo(slurmctl02:6817) failed: System error: Device or resource busy
[2026-07-22T05:13:15.565] error: slurm_set_addr: Unable to resolve "slurmctl02"
[2026-07-22T05:13:40.572] error: _xgetaddrinfo: getaddrinfo(slurmctl01:6817) failed: System error: Device or resource busy
[2026-07-22T05:13:40.573] error: slurm_set_addr: Unable to resolve "slurmctl01"
[2026-07-22T05:13:40.577] error: _xgetaddrinfo: getaddrinfo(slurmctl02:6817) failed: System error: Device or resource busy
[2026-07-22T05:13:40.577] error: slurm_set_addr: Unable to resolve "slurmctl02"
[2026-07-22T05:14:05.585] error: _xgetaddrinfo: getaddrinfo(slurmctl01:6817) failed: System error: Device or resource busy
[2026-07-22T05:14:05.585] error: slurm_set_addr: Unable to resolve "slurmctl01"
[2026-07-22T05:14:05.590] error: _xgetaddrinfo: getaddrinfo(slurmctl02:6817) failed: System error: Device or resource busy
[2026-07-22T05:14:05.590] error: slurm_set_addr: Unable to resolve "slurmctl02"
[2026-07-22T05:14:30.598] error: _xgetaddrinfo: getaddrinfo(slurmctl01:6817) failed: System error: Device or resource busy
[2026-07-22T05:14:30.598] error: slurm_set_addr: Unable to resolve "slurmctl01"
[2026-07-22T05:14:30.603] error: _xgetaddrinfo: getaddrinfo(slurmctl02:6817) failed: System error: Device or resource busy
[2026-07-22T05:14:30.603] error: slurm_set_addr: Unable to resolve "slurmctl02"
[2026-07-22T05:14:55.610] error: _xgetaddrinfo: getaddrinfo(slurmctl01:6817) failed: System error: Device or resource busy
[2026-07-22T05:14:55.610] error: slurm_set_addr: Unable to resolve "slurmctl01"
[2026-07-22T05:14:55.615] error: _xgetaddrinfo: getaddrinfo(slurmctl02:6817) failed: System error: Device or resource busy
[2026-07-22T05:14:55.615] error: slurm_set_addr: Unable to resolve "slurmctl02"
[2026-07-22T05:15:20.621] error: _xgetaddrinfo: getaddrinfo(slurmctl01:6817) failed: System error: Device or resource busy
[2026-07-22T05:15:20.622] error: slurm_set_addr: Unable to resolve "slurmctl01"
[2026-07-22T05:15:20.626] error: _xgetaddrinfo: getaddrinfo(slurmctl02:6817) failed: System error: Device or resource busy
[2026-07-22T05:15:20.626] error: slurm_set_addr: Unable to resolve "slurmctl02"
[2026-07-22T05:15:45.633] error: _xgetaddrinfo: getaddrinfo(slurmctl01:6817) failed: System error: Device or resource busy
[2026-07-22T05:15:45.633] error: slurm_set_addr: Unable to resolve "slurmctl01"
[2026-07-22T05:15:45.638] error: _xgetaddrinfo: getaddrinfo(slurmctl02:6817) failed: System error: Device or resource busy
[2026-07-22T05:15:45.638] error: slurm_set_addr: Unable to resolve "slurmctl02"
[2026-07-22T05:16:10.645] error: _xgetaddrinfo: getaddrinfo(slurmctl01:6817) failed: System error: Device or resource busy
[2026-07-22T05:16:10.645] error: slurm_set_addr: Unable to resolve "slurmctl01"
[2026-07-22T05:16:10.650] error: _xgetaddrinfo: getaddrinfo(slurmctl02:6817) failed: System error: Device or resource busy
[2026-07-22T05:16:10.650] error: slurm_set_addr: Unable to resolve "slurmctl02"
[2026-07-22T05:16:35.657] error: _xgetaddrinfo: getaddrinfo(slurmctl01:6817) failed: System error: Device or resource busy
[2026-07-22T05:16:35.657] error: slurm_set_addr: Unable to resolve "slurmctl01"
[2026-07-22T05:16:35.662] error: _xgetaddrinfo: getaddrinfo(slurmctl02:6817) failed: System error: Device or resource busy
[2026-07-22T05:16:35.662] error: slurm_set_addr: Unable to resolve "slurmctl02"
[2026-07-22T05:17:00.669] error: _xgetaddrinfo: getaddrinfo(slurmctl01:6817) failed: System error: Device or resource busy
[2026-07-22T05:17:00.669] error: slurm_set_addr: Unable to resolve "slurmctl01"
[2026-07-22T05:17:00.674] error: _xgetaddrinfo: getaddrinfo(slurmctl02:6817) failed: System error: Device or resource busy
[2026-07-22T05:17:00.674] error: slurm_set_addr: Unable to resolve "slurmctl02"
[2026-07-22T05:17:25.681] error: _xgetaddrinfo: getaddrinfo(slurmctl01:6817) failed: System error: Device or resource busy
[2026-07-22T05:17:25.681] error: slurm_set_addr: Unable to resolve "slurmctl01"
[2026-07-22T05:17:25.686] error: _xgetaddrinfo: getaddrinfo(slurmctl02:6817) failed: System error: Device or resource busy
[2026-07-22T05:17:25.686] error: slurm_set_addr: Unable to resolve "slurmctl02"
[2026-07-22T05:17:50.693] error: _xgetaddrinfo: getaddrinfo(slurmctl01:6817) failed: System error: Device or resource busy
[2026-07-22T05:17:50.693] error: slurm_set_addr: Unable to resolve "slurmctl01"
[2026-07-22T05:17:50.698] error: _xgetaddrinfo: getaddrinfo(slurmctl02:6817) failed: System error: Device or resource busy
[2026-07-22T05:17:50.698] error: slurm_set_addr: Unable to resolve "slurmctl02"
[2026-07-22T05:18:15.705] error: _xgetaddrinfo: getaddrinfo(slurmctl01:6817) failed: System error: Device or resource busy
[2026-07-22T05:18:15.705] error: slurm_set_addr: Unable to resolve "slurmctl01"
[2026-07-22T05:18:15.711] error: _xgetaddrinfo: getaddrinfo(slurmctl02:6817) failed: System error: Device or resource busy
[2026-07-22T05:18:15.711] error: slurm_set_addr: Unable to resolve "slurmctl02"
[2026-07-22T05:18:40.718] error: _xgetaddrinfo: getaddrinfo(slurmctl01:6817) failed: System error: Device or resource busy
[2026-07-22T05:18:40.718] error: slurm_set_addr: Unable to resolve "slurmctl01"
[2026-07-22T05:18:40.723] error: _xgetaddrinfo: getaddrinfo(slurmctl02:6817) failed: System error: Device or resource busy
[2026-07-22T05:18:40.723] error: slurm_set_addr: Unable to resolve "slurmctl02"
[2026-07-22T05:19:05.730] error: _xgetaddrinfo: getaddrinfo(slurmctl01:6817) failed: System error: Device or resource busy
[2026-07-22T05:19:05.730] error: slurm_set_addr: Unable to resolve "slurmctl01"
[2026-07-22T05:19:05.734] error: _xgetaddrinfo: getaddrinfo(slurmctl02:6817) failed: System error: Device or resource busy
[2026-07-22T05:19:05.735] error: slurm_set_addr: Unable to resolve "slurmctl02"
[2026-07-22T05:19:30.742] error: _xgetaddrinfo: getaddrinfo(slurmctl01:6817) failed: System error: Device or resource busy
[2026-07-22T05:19:30.742] error: slurm_set_addr: Unable to resolve "slurmctl01"
[2026-07-22T05:19:30.747] error: _xgetaddrinfo: getaddrinfo(slurmctl02:6817) failed: System error: Device or resource busy
[2026-07-22T05:19:30.747] error: slurm_set_addr: Unable to resolve "slurmctl02"
[2026-07-22T05:19:55.754] error: _xgetaddrinfo: getaddrinfo(slurmctl01:6817) failed: System error: Device or resource busy
[2026-07-22T05:19:55.754] error: slurm_set_addr: Unable to resolve "slurmctl01"
[2026-07-22T05:19:55.759] error: _xgetaddrinfo: getaddrinfo(slurmctl02:6817) failed: System error: Device or resource busy
[2026-07-22T05:19:55.759] error: slurm_set_addr: Unable to resolve "slurmctl02"
[2026-07-22T05:20:20.765] error: _xgetaddrinfo: getaddrinfo(slurmctl01:6817) failed: System error: Device or resource busy
[2026-07-22T05:20:20.765] error: slurm_set_addr: Unable to resolve "slurmctl01"
[2026-07-22T05:20:20.770] error: _xgetaddrinfo: getaddrinfo(slurmctl02:6817) failed: System error: Device or resource busy
[2026-07-22T05:20:20.770] error: slurm_set_addr: Unable to resolve "slurmctl02"
[2026-07-22T05:20:45.777] error: _xgetaddrinfo: getaddrinfo(slurmctl01:6817) failed: System error: Device or resource busy
[2026-07-22T05:20:45.777] error: slurm_set_addr: Unable to resolve "slurmctl01"
[2026-07-22T05:20:45.782] error: _xgetaddrinfo: getaddrinfo(slurmctl02:6817) failed: System error: Device or resource busy
[2026-07-22T05:20:45.783] error: slurm_set_addr: Unable to resolve "slurmctl02"
[2026-07-22T05:21:10.790] error: _xgetaddrinfo: getaddrinfo(slurmctl01:6817) failed: System error: Device or resource busy
[2026-07-22T05:21:10.790] error: slurm_set_addr: Unable to resolve "slurmctl01"
[2026-07-22T05:21:10.795] error: _xgetaddrinfo: getaddrinfo(slurmctl02:6817) failed: System error: Device or resource busy
[2026-07-22T05:21:10.795] error: slurm_set_addr: Unable to resolve "slurmctl02"
[2026-07-22T05:21:35.802] error: _xgetaddrinfo: getaddrinfo(slurmctl01:6817) failed: System error: Device or resource busy
[2026-07-22T05:21:35.802] error: slurm_set_addr: Unable to resolve "slurmctl01"
[2026-07-22T05:21:35.807] error: _xgetaddrinfo: getaddrinfo(slurmctl02:6817) failed: System error: Device or resource busy
[2026-07-22T05:21:35.807] error: slurm_set_addr: Unable to resolve "slurmctl02"
[2026-07-22T05:22:00.814] error: _xgetaddrinfo: getaddrinfo(slurmctl01:6817) failed: System error: Device or resource busy
[2026-07-22T05:22:00.814] error: slurm_set_addr: Unable to resolve "slurmctl01"
[2026-07-22T05:22:00.819] error: _xgetaddrinfo: getaddrinfo(slurmctl02:6817) failed: System error: Device or resource busy
[2026-07-22T05:22:00.819] error: slurm_set_addr: Unable to resolve "slurmctl02"
[2026-07-22T05:22:25.826] error: _xgetaddrinfo: getaddrinfo(slurmctl01:6817) failed: System error: Device or resource busy
[2026-07-22T05:22:25.826] error: slurm_set_addr: Unable to resolve "slurmctl01"
[2026-07-22T05:22:25.830] error: _xgetaddrinfo: getaddrinfo(slurmctl02:6817) failed: System error: Device or resource busy
[2026-07-22T05:22:25.831] error: slurm_set_addr: Unable to resolve "slurmctl02"
[2026-07-22T05:22:50.837] error: _xgetaddrinfo: getaddrinfo(slurmctl01:6817) failed: System error: Device or resource busy
[2026-07-22T05:22:50.837] error: slurm_set_addr: Unable to resolve "slurmctl01"
[2026-07-22T05:22:50.842] error: _xgetaddrinfo: getaddrinfo(slurmctl02:6817) failed: System error: Device or resource busy
[2026-07-22T05:22:50.843] error: slurm_set_addr: Unable to resolve "slurmctl02"
[2026-07-22T05:23:15.849] error: _xgetaddrinfo: getaddrinfo(slurmctl01:6817) failed: System error: Device or resource busy
[2026-07-22T05:23:15.849] error: slurm_set_addr: Unable to resolve "slurmctl01"
[2026-07-22T05:23:15.854] error: _xgetaddrinfo: getaddrinfo(slurmctl02:6817) failed: System error: Device or resource busy
[2026-07-22T05:23:15.854] error: slurm_set_addr: Unable to resolve "slurmctl02"
[2026-07-22T05:23:40.861] error: _xgetaddrinfo: getaddrinfo(slurmctl01:6817) failed: System error: Device or resource busy
[2026-07-22T05:23:40.861] error: slurm_set_addr: Unable to resolve "slurmctl01"
[2026-07-22T05:23:40.866] error: _xgetaddrinfo: getaddrinfo(slurmctl02:6817) failed: System error: Device or resource busy
[2026-07-22T05:23:40.866] error: slurm_set_addr: Unable to resolve "slurmctl02"
[2026-07-22T05:24:05.874] error: _xgetaddrinfo: getaddrinfo(slurmctl01:6817) failed: System error: Device or resource busy
[2026-07-22T05:24:05.874] error: slurm_set_addr: Unable to resolve "slurmctl01"
[2026-07-22T05:24:05.879] error: _xgetaddrinfo: getaddrinfo(slurmctl02:6817) failed: System error: Device or resource busy
[2026-07-22T05:24:05.879] error: slurm_set_addr: Unable to resolve "slurmctl02"
[2026-07-22T05:24:30.886] error: _xgetaddrinfo: getaddrinfo(slurmctl01:6817) failed: System error: Device or resource busy
[2026-07-22T05:24:30.886] error: slurm_set_addr: Unable to resolve "slurmctl01"
[2026-07-22T05:24:30.891] error: _xgetaddrinfo: getaddrinfo(slurmctl02:6817) failed: System error: Device or resource busy
[2026-07-22T05:24:30.891] error: slurm_set_addr: Unable to resolve "slurmctl02"
[2026-07-22T05:24:55.898] error: _xgetaddrinfo: getaddrinfo(slurmctl01:6817) failed: System error: Device or resource busy
[2026-07-22T05:24:55.898] error: slurm_set_addr: Unable to resolve "slurmctl01"
[2026-07-22T05:24:55.903] error: _xgetaddrinfo: getaddrinfo(slurmctl02:6817) failed: System error: Device or resource busy
[2026-07-22T05:24:55.903] error: slurm_set_addr: Unable to resolve "slurmctl02"
[2026-07-22T05:25:20.910] error: _xgetaddrinfo: getaddrinfo(slurmctl01:6817) failed: System error: Device or resource busy
[2026-07-22T05:25:20.910] error: slurm_set_addr: Unable to resolve "slurmctl01"
[2026-07-22T05:25:20.915] error: _xgetaddrinfo: getaddrinfo(slurmctl02:6817) failed: System error: Device or resource busy
[2026-07-22T05:25:20.915] error: slurm_set_addr: Unable to resolve "slurmctl02"
[2026-07-22T05:25:45.922] error: _xgetaddrinfo: getaddrinfo(slurmctl01:6817) failed: System error: Device or resource busy
[2026-07-22T05:25:45.922] error: slurm_set_addr: Unable to resolve "slurmctl01"
[2026-07-22T05:25:45.927] error: _xgetaddrinfo: getaddrinfo(slurmctl02:6817) failed: System error: Device or resource busy
[2026-07-22T05:25:45.927] error: slurm_set_addr: Unable to resolve "slurmctl02"
[2026-07-22T05:26:17.294] error: _xgetaddrinfo: getaddrinfo(slurmctl01:6817) failed: System error: Device or resource busy
[2026-07-22T05:26:17.294] error: slurm_set_addr: Unable to resolve "slurmctl01"
[2026-07-22T05:26:22.301] error: _xgetaddrinfo: getaddrinfo(slurmctl02:6817) failed: System error: Device or resource busy
[2026-07-22T05:26:22.301] error: slurm_set_addr: Unable to resolve "slurmctl02"
[2026-07-22T05:26:52.310] error: _xgetaddrinfo: getaddrinfo(slurmctl01:6817) failed: System error: Device or resource busy
[2026-07-22T05:26:52.310] error: slurm_set_addr: Unable to resolve "slurmctl01"
[2026-07-22T05:26:57.348] error: _xgetaddrinfo: getaddrinfo(slurmctl02:6817) failed: System error: Device or resource busy
[2026-07-22T05:26:57.348] error: slurm_set_addr: Unable to resolve "slurmctl02"
[2026-07-22T05:27:22.356] error: _xgetaddrinfo: getaddrinfo(slurmctl01:6817) failed: System error: Device or resource busy
[2026-07-22T05:27:22.356] error: slurm_set_addr: Unable to resolve "slurmctl01"
[2026-07-22T05:27:22.362] error: _xgetaddrinfo: getaddrinfo(slurmctl02:6817) failed: System error: Device or resource busy
[2026-07-22T05:27:22.362] error: slurm_set_addr: Unable to resolve "slurmctl02"
[2026-07-22T05:27:47.370] error: _xgetaddrinfo: getaddrinfo(slurmctl01:6817) failed: System error: Device or resource busy
[2026-07-22T05:27:47.370] error: slurm_set_addr: Unable to resolve "slurmctl01"
[2026-07-22T05:27:47.375] error: _xgetaddrinfo: getaddrinfo(slurmctl02:6817) failed: System error: Device or resource busy
[2026-07-22T05:27:47.375] error: slurm_set_addr: Unable to resolve "slurmctl02"
[2026-07-22T05:28:12.383] error: _xgetaddrinfo: getaddrinfo(slurmctl01:6817) failed: System error: Device or resource busy
[2026-07-22T05:28:12.383] error: slurm_set_addr: Unable to resolve "slurmctl01"
[2026-07-22T05:28:12.389] error: _xgetaddrinfo: getaddrinfo(slurmctl02:6817) failed: System error: Device or resource busy
[2026-07-22T05:28:12.389] error: slurm_set_addr: Unable to resolve "slurmctl02"
[2026-07-22T05:28:37.397] error: _xgetaddrinfo: getaddrinfo(slurmctl01:6817) failed: System error: Device or resource busy
[2026-07-22T05:28:37.397] error: slurm_set_addr: Unable to resolve "slurmctl01"
[2026-07-22T05:28:37.402] error: _xgetaddrinfo: getaddrinfo(slurmctl02:6817) failed: System error: Device or resource busy
[2026-07-22T05:28:37.402] error: slurm_set_addr: Unable to resolve "slurmctl02"
[2026-07-22T05:29:02.410] error: _xgetaddrinfo: getaddrinfo(slurmctl01:6817) failed: System error: Device or resource busy
[2026-07-22T05:29:02.411] error: slurm_set_addr: Unable to resolve "slurmctl01"
[2026-07-22T05:29:02.429] error: _xgetaddrinfo: getaddrinfo(slurmctl02:6817) failed: System error: Device or resource busy
[2026-07-22T05:29:02.429] error: slurm_set_addr: Unable to resolve "slurmctl02"
[2026-07-22T05:29:27.436] error: _xgetaddrinfo: getaddrinfo(slurmctl01:6817) failed: System error: Device or resource busy
[2026-07-22T05:29:27.436] error: slurm_set_addr: Unable to resolve "slurmctl01"
[2026-07-22T05:29:27.442] error: _xgetaddrinfo: getaddrinfo(slurmctl02:6817) failed: System error: Device or resource busy
[2026-07-22T05:29:27.442] error: slurm_set_addr: Unable to resolve "slurmctl02"
[2026-07-22T05:29:52.449] error: _xgetaddrinfo: getaddrinfo(slurmctl01:6817) failed: System error: Device or resource busy
[2026-07-22T05:29:52.449] error: slurm_set_addr: Unable to resolve "slurmctl01"
[2026-07-22T05:29:52.455] error: _xgetaddrinfo: getaddrinfo(slurmctl02:6817) failed: System error: Device or resource busy
[2026-07-22T05:29:52.455] error: slurm_set_addr: Unable to resolve "slurmctl02"
[2026-07-22T05:30:17.463] error: _xgetaddrinfo: getaddrinfo(slurmctl01:6817) failed: System error: Device or resource busy
[2026-07-22T05:30:17.463] error: slurm_set_addr: Unable to resolve "slurmctl01"
[2026-07-22T05:30:17.469] error: _xgetaddrinfo: getaddrinfo(slurmctl02:6817) failed: System error: Device or resource busy
[2026-07-22T05:30:17.469] error: slurm_set_addr: Unable to resolve "slurmctl02"
[2026-07-22T05:30:42.477] error: _xgetaddrinfo: getaddrinfo(slurmctl01:6817) failed: System error: Device or resource busy
[2026-07-22T05:30:42.477] error: slurm_set_addr: Unable to resolve "slurmctl01"
[2026-07-22T05:30:42.483] error: _xgetaddrinfo: getaddrinfo(slurmctl02:6817) failed: System error: Device or resource busy
[2026-07-22T05:30:42.483] error: slurm_set_addr: Unable to resolve "slurmctl02"
[2026-07-22T05:31:07.491] error: _xgetaddrinfo: getaddrinfo(slurmctl01:6817) failed: System error: Device or resource busy
[2026-07-22T05:31:07.491] error: slurm_set_addr: Unable to resolve "slurmctl01"
[2026-07-22T05:31:07.497] error: _xgetaddrinfo: getaddrinfo(slurmctl02:6817) failed: System error: Device or resource busy
[2026-07-22T05:31:07.497] error: slurm_set_addr: Unable to resolve "slurmctl02"
[2026-07-22T05:31:32.504] error: _xgetaddrinfo: getaddrinfo(slurmctl01:6817) failed: System error: Device or resource busy
[2026-07-22T05:31:32.504] error: slurm_set_addr: Unable to resolve "slurmctl01"
[2026-07-22T05:31:32.509] error: _xgetaddrinfo: getaddrinfo(slurmctl02:6817) failed: System error: Device or resource busy
[2026-07-22T05:31:32.509] error: slurm_set_addr: Unable to resolve "slurmctl02"
[2026-07-22T05:31:57.517] error: _xgetaddrinfo: getaddrinfo(slurmctl01:6817) failed: System error: Device or resource busy
[2026-07-22T05:31:57.517] error: slurm_set_addr: Unable to resolve "slurmctl01"
[2026-07-22T05:31:57.522] error: _xgetaddrinfo: getaddrinfo(slurmctl02:6817) failed: System error: Device or resource busy
[2026-07-22T05:31:57.523] error: slurm_set_addr: Unable to resolve "slurmctl02"
[2026-07-22T05:32:22.531] error: _xgetaddrinfo: getaddrinfo(slurmctl01:6817) failed: System error: Device or resource busy
[2026-07-22T05:32:22.531] error: slurm_set_addr: Unable to resolve "slurmctl01"
[2026-07-22T05:32:22.537] error: _xgetaddrinfo: getaddrinfo(slurmctl02:6817) failed: System error: Device or resource busy
[2026-07-22T05:32:22.537] error: slurm_set_addr: Unable to resolve "slurmctl02"
[2026-07-22T05:32:47.545] error: _xgetaddrinfo: getaddrinfo(slurmctl01:6817) failed: System error: Device or resource busy
[2026-07-22T05:32:47.545] error: slurm_set_addr: Unable to resolve "slurmctl01"
[2026-07-22T05:32:47.551] error: _xgetaddrinfo: getaddrinfo(slurmctl02:6817) failed: System error: Device or resource busy
[2026-07-22T05:32:47.551] error: slurm_set_addr: Unable to resolve "slurmctl02"
[2026-07-22T05:33:12.559] error: _xgetaddrinfo: getaddrinfo(slurmctl01:6817) failed: System error: Device or resource busy
[2026-07-22T05:33:12.560] error: slurm_set_addr: Unable to resolve "slurmctl01"
[2026-07-22T05:33:12.565] error: _xgetaddrinfo: getaddrinfo(slurmctl02:6817) failed: System error: Device or resource busy
[2026-07-22T05:33:12.565] error: slurm_set_addr: Unable to resolve "slurmctl02"
[2026-07-22T05:33:37.573] error: _xgetaddrinfo: getaddrinfo(slurmctl01:6817) failed: System error: Device or resource busy
[2026-07-22T05:33:37.574] error: slurm_set_addr: Unable to resolve "slurmctl01"
[2026-07-22T05:33:37.579] error: _xgetaddrinfo: getaddrinfo(slurmctl02:6817) failed: System error: Device or resource busy
[2026-07-22T05:33:37.579] error: slurm_set_addr: Unable to resolve "slurmctl02"
[2026-07-22T05:34:02.587] error: _xgetaddrinfo: getaddrinfo(slurmctl01:6817) failed: System error: Device or resource busy
[2026-07-22T05:34:02.587] error: slurm_set_addr: Unable to resolve "slurmctl01"
[2026-07-22T05:34:02.592] error: _xgetaddrinfo: getaddrinfo(slurmctl02:6817) failed: System error: Device or resource busy
[2026-07-22T05:34:02.592] error: slurm_set_addr: Unable to resolve "slurmctl02"
[2026-07-22T05:34:27.600] error: _xgetaddrinfo: getaddrinfo(slurmctl01:6817) failed: System error: Device or resource busy
[2026-07-22T05:34:27.600] error: slurm_set_addr: Unable to resolve "slurmctl01"
[2026-07-22T05:34:27.606] error: _xgetaddrinfo: getaddrinfo(slurmctl02:6817) failed: System error: Device or resource busy
[2026-07-22T05:34:27.606] error: slurm_set_addr: Unable to resolve "slurmctl02"
[2026-07-22T05:34:52.613] error: _xgetaddrinfo: getaddrinfo(slurmctl01:6817) failed: System error: Device or resource busy
[2026-07-22T05:34:52.613] error: slurm_set_addr: Unable to resolve "slurmctl01"
[2026-07-22T05:34:52.619] error: _xgetaddrinfo: getaddrinfo(slurmctl02:6817) failed: System error: Device or resource busy
[2026-07-22T05:34:52.619] error: slurm_set_addr: Unable to resolve "slurmctl02"
[2026-07-22T05:35:17.627] error: _xgetaddrinfo: getaddrinfo(slurmctl01:6817) failed: System error: Device or resource busy
[2026-07-22T05:35:17.627] error: slurm_set_addr: Unable to resolve "slurmctl01"
[2026-07-22T05:35:17.632] error: _xgetaddrinfo: getaddrinfo(slurmctl02:6817) failed: System error: Device or resource busy
[2026-07-22T05:35:17.633] error: slurm_set_addr: Unable to resolve "slurmctl02"
[2026-07-22T05:35:42.640] error: _xgetaddrinfo: getaddrinfo(slurmctl01:6817) failed: System error: Device or resource busy
[2026-07-22T05:35:42.641] error: slurm_set_addr: Unable to resolve "slurmctl01"
[2026-07-22T05:35:42.646] error: _xgetaddrinfo: getaddrinfo(slurmctl02:6817) failed: System error: Device or resource busy
[2026-07-22T05:35:42.646] error: slurm_set_addr: Unable to resolve "slurmctl02"
[2026-07-22T05:36:07.655] error: _xgetaddrinfo: getaddrinfo(slurmctl01:6817) failed: System error: Device or resource busy
[2026-07-22T05:36:07.655] error: slurm_set_addr: Unable to resolve "slurmctl01"
[2026-07-22T05:36:07.660] error: _xgetaddrinfo: getaddrinfo(slurmctl02:6817) failed: System error: Device or resource busy
[2026-07-22T05:36:07.660] error: slurm_set_addr: Unable to resolve "slurmctl02"
[2026-07-22T05:36:32.668] error: _xgetaddrinfo: getaddrinfo(slurmctl01:6817) failed: System error: Device or resource busy
[2026-07-22T05:36:32.668] error: slurm_set_addr: Unable to resolve "slurmctl01"
[2026-07-22T05:36:32.674] error: _xgetaddrinfo: getaddrinfo(slurmctl02:6817) failed: System error: Device or resource busy
[2026-07-22T05:36:32.674] error: slurm_set_addr: Unable to resolve "slurmctl02"
[2026-07-22T05:36:57.681] error: _xgetaddrinfo: getaddrinfo(slurmctl01:6817) failed: System error: Device or resource busy
[2026-07-22T05:36:57.682] error: slurm_set_addr: Unable to resolve "slurmctl01"
[2026-07-22T05:36:57.688] error: _xgetaddrinfo: getaddrinfo(slurmctl02:6817) failed: System error: Device or resource busy
[2026-07-22T05:36:57.688] error: slurm_set_addr: Unable to resolve "slurmctl02"
[2026-07-22T05:37:22.696] error: _xgetaddrinfo: getaddrinfo(slurmctl01:6817) failed: System error: Device or resource busy
[2026-07-22T05:37:22.697] error: slurm_set_addr: Unable to resolve "slurmctl01"
[2026-07-22T05:37:22.702] error: _xgetaddrinfo: getaddrinfo(slurmctl02:6817) failed: System error: Device or resource busy
[2026-07-22T05:37:22.702] error: slurm_set_addr: Unable to resolve "slurmctl02"
[2026-07-22T05:37:47.710] error: _xgetaddrinfo: getaddrinfo(slurmctl01:6817) failed: System error: Device or resource busy
[2026-07-22T05:37:47.710] error: slurm_set_addr: Unable to resolve "slurmctl01"
[2026-07-22T05:37:47.716] error: _xgetaddrinfo: getaddrinfo(slurmctl02:6817) failed: System error: Device or resource busy
[2026-07-22T05:37:47.716] error: slurm_set_addr: Unable to resolve "slurmctl02"
[2026-07-22T05:38:12.724] error: _xgetaddrinfo: getaddrinfo(slurmctl01:6817) failed: System error: Device or resource busy
[2026-07-22T05:38:12.724] error: slurm_set_addr: Unable to resolve "slurmctl01"
[2026-07-22T05:38:12.730] error: _xgetaddrinfo: getaddrinfo(slurmctl02:6817) failed: System error: Device or resource busy
[2026-07-22T05:38:12.730] error: slurm_set_addr: Unable to resolve "slurmctl02"
[2026-07-22T05:38:37.738] error: _xgetaddrinfo: getaddrinfo(slurmctl01:6817) failed: System error: Device or resource busy
[2026-07-22T05:38:37.738] error: slurm_set_addr: Unable to resolve "slurmctl01"
[2026-07-22T05:38:37.744] error: _xgetaddrinfo: getaddrinfo(slurmctl02:6817) failed: System error: Device or resource busy
[2026-07-22T05:38:37.744] error: slurm_set_addr: Unable to resolve "slurmctl02"
[2026-07-22T05:39:02.753] error: _xgetaddrinfo: getaddrinfo(slurmctl01:6817) failed: System error: Device or resource busy
[2026-07-22T05:39:02.753] error: slurm_set_addr: Unable to resolve "slurmctl01"
[2026-07-22T05:39:02.759] error: _xgetaddrinfo: getaddrinfo(slurmctl02:6817) failed: System error: Device or resource busy
[2026-07-22T05:39:02.759] error: slurm_set_addr: Unable to resolve "slurmctl02"
[2026-07-22T05:39:27.767] error: _xgetaddrinfo: getaddrinfo(slurmctl01:6817) failed: System error: Device or resource busy
[2026-07-22T05:39:27.767] error: slurm_set_addr: Unable to resolve "slurmctl01"
[2026-07-22T05:39:27.772] error: _xgetaddrinfo: getaddrinfo(slurmctl02:6817) failed: System error: Device or resource busy
[2026-07-22T05:39:27.772] error: slurm_set_addr: Unable to resolve "slurmctl02"
[2026-07-22T05:39:52.780] error: _xgetaddrinfo: getaddrinfo(slurmctl01:6817) failed: System error: Device or resource busy
[2026-07-22T05:39:52.780] error: slurm_set_addr: Unable to resolve "slurmctl01"
[2026-07-22T05:39:52.786] error: _xgetaddrinfo: getaddrinfo(slurmctl02:6817) failed: System error: Device or resource busy
[2026-07-22T05:39:52.786] error: slurm_set_addr: Unable to resolve "slurmctl02"
[2026-07-22T05:40:17.795] error: _xgetaddrinfo: getaddrinfo(slurmctl01:6817) failed: System error: Device or resource busy
[2026-07-22T05:40:17.795] error: slurm_set_addr: Unable to resolve "slurmctl01"
[2026-07-22T05:40:17.801] error: _xgetaddrinfo: getaddrinfo(slurmctl02:6817) failed: System error: Device or resource busy
[2026-07-22T05:40:17.801] error: slurm_set_addr: Unable to resolve "slurmctl02"
[2026-07-22T05:40:42.809] error: _xgetaddrinfo: getaddrinfo(slurmctl01:6817) failed: System error: Device or resource busy
[2026-07-22T05:40:42.809] error: slurm_set_addr: Unable to resolve "slurmctl01"
[2026-07-22T05:40:42.815] error: _xgetaddrinfo: getaddrinfo(slurmctl02:6817) failed: System error: Device or resource busy
[2026-07-22T05:40:42.815] error: slurm_set_addr: Unable to resolve "slurmctl02"
[2026-07-22T05:41:07.823] error: _xgetaddrinfo: getaddrinfo(slurmctl01:6817) failed: System error: Device or resource busy
[2026-07-22T05:41:07.823] error: slurm_set_addr: Unable to resolve "slurmctl01"
[2026-07-22T05:41:07.829] error: _xgetaddrinfo: getaddrinfo(slurmctl02:6817) failed: System error: Device or resource busy
[2026-07-22T05:41:07.829] error: slurm_set_addr: Unable to resolve "slurmctl02"
[2026-07-22T05:41:32.837] error: _xgetaddrinfo: getaddrinfo(slurmctl01:6817) failed: System error: Device or resource busy
[2026-07-22T05:41:32.837] error: slurm_set_addr: Unable to resolve "slurmctl01"
[2026-07-22T05:41:32.842] error: _xgetaddrinfo: getaddrinfo(slurmctl02:6817) failed: System error: Device or resource busy
[2026-07-22T05:41:32.842] error: slurm_set_addr: Unable to resolve "slurmctl02"
[2026-07-22T05:41:57.850] error: _xgetaddrinfo: getaddrinfo(slurmctl01:6817) failed: System error: Device or resource busy
[2026-07-22T05:41:57.850] error: slurm_set_addr: Unable to resolve "slurmctl01"
[2026-07-22T05:41:57.855] error: _xgetaddrinfo: getaddrinfo(slurmctl02:6817) failed: System error: Device or resource busy
[2026-07-22T05:41:57.855] error: slurm_set_addr: Unable to resolve "slurmctl02"
[2026-07-22T05:42:22.863] error: _xgetaddrinfo: getaddrinfo(slurmctl01:6817) failed: System error: Device or resource busy
[2026-07-22T05:42:22.863] error: slurm_set_addr: Unable to resolve "slurmctl01"
[2026-07-22T05:42:22.868] error: _xgetaddrinfo: getaddrinfo(slurmctl02:6817) failed: System error: Device or resource busy
[2026-07-22T05:42:22.868] error: slurm_set_addr: Unable to resolve "slurmctl02"
[2026-07-22T05:42:47.876] error: _xgetaddrinfo: getaddrinfo(slurmctl01:6817) failed: System error: Device or resource busy
[2026-07-22T05:42:47.876] error: slurm_set_addr: Unable to resolve "slurmctl01"
[2026-07-22T05:42:47.882] error: _xgetaddrinfo: getaddrinfo(slurmctl02:6817) failed: System error: Device or resource busy
[2026-07-22T05:42:47.882] error: slurm_set_addr: Unable to resolve "slurmctl02"
[2026-07-22T05:43:12.889] error: _xgetaddrinfo: getaddrinfo(slurmctl01:6817) failed: System error: Device or resource busy
[2026-07-22T05:43:12.890] error: slurm_set_addr: Unable to resolve "slurmctl01"
[2026-07-22T05:43:12.895] error: _xgetaddrinfo: getaddrinfo(slurmctl02:6817) failed: System error: Device or resource busy
[2026-07-22T05:43:12.895] error: slurm_set_addr: Unable to resolve "slurmctl02"
[2026-07-22T05:43:37.903] error: _xgetaddrinfo: getaddrinfo(slurmctl01:6817) failed: System error: Device or resource busy
[2026-07-22T05:43:37.903] error: slurm_set_addr: Unable to resolve "slurmctl01"
[2026-07-22T05:43:37.909] error: _xgetaddrinfo: getaddrinfo(slurmctl02:6817) failed: System error: Device or resource busy
[2026-07-22T05:43:37.909] error: slurm_set_addr: Unable to resolve "slurmctl02"
[2026-07-22T05:44:02.918] error: _xgetaddrinfo: getaddrinfo(slurmctl01:6817) failed: System error: Device or resource busy
[2026-07-22T05:44:02.918] error: slurm_set_addr: Unable to resolve "slurmctl01"
[2026-07-22T05:44:02.924] error: _xgetaddrinfo: getaddrinfo(slurmctl02:6817) failed: System error: Device or resource busy
[2026-07-22T05:44:02.924] error: slurm_set_addr: Unable to resolve "slurmctl02"
[2026-07-22T05:44:27.932] error: _xgetaddrinfo: getaddrinfo(slurmctl01:6817) failed: System error: Device or resource busy
[2026-07-22T05:44:27.932] error: slurm_set_addr: Unable to resolve "slurmctl01"
[2026-07-22T05:44:27.938] error: _xgetaddrinfo: getaddrinfo(slurmctl02:6817) failed: System error: Device or resource busy
[2026-07-22T05:44:27.938] error: slurm_set_addr: Unable to resolve "slurmctl02"
[2026-07-22T05:44:52.947] error: _xgetaddrinfo: getaddrinfo(slurmctl01:6817) failed: System error: Device or resource busy
[2026-07-22T05:44:52.947] error: slurm_set_addr: Unable to resolve "slurmctl01"
[2026-07-22T05:44:52.953] error: _xgetaddrinfo: getaddrinfo(slurmctl02:6817) failed: System error: Device or resource busy
[2026-07-22T05:44:52.953] error: slurm_set_addr: Unable to resolve "slurmctl02"
[2026-07-22T05:45:17.961] error: _xgetaddrinfo: getaddrinfo(slurmctl01:6817) failed: System error: Device or resource busy
[2026-07-22T05:45:17.961] error: slurm_set_addr: Unable to resolve "slurmctl01"
[2026-07-22T05:45:17.966] error: _xgetaddrinfo: getaddrinfo(slurmctl02:6817) failed: System error: Device or resource busy
[2026-07-22T05:45:17.967] error: slurm_set_addr: Unable to resolve "slurmctl02"
[2026-07-22T05:45:42.974] error: _xgetaddrinfo: getaddrinfo(slurmctl01:6817) failed: System error: Device or resource busy
[2026-07-22T05:45:42.974] error: slurm_set_addr: Unable to resolve "slurmctl01"
[2026-07-22T05:45:42.979] error: _xgetaddrinfo: getaddrinfo(slurmctl02:6817) failed: System error: Device or resource busy
[2026-07-22T05:45:42.979] error: slurm_set_addr: Unable to resolve "slurmctl02"
[2026-07-22T05:46:07.987] error: _xgetaddrinfo: getaddrinfo(slurmctl01:6817) failed: System error: Device or resource busy
[2026-07-22T05:46:07.988] error: slurm_set_addr: Unable to resolve "slurmctl01"
[2026-07-22T05:46:07.993] error: _xgetaddrinfo: getaddrinfo(slurmctl02:6817) failed: System error: Device or resource busy
[2026-07-22T05:46:07.993] error: slurm_set_addr: Unable to resolve "slurmctl02"
[2026-07-22T05:46:33.001] error: _xgetaddrinfo: getaddrinfo(slurmctl01:6817) failed: System error: Device or resource busy
[2026-07-22T05:46:33.001] error: slurm_set_addr: Unable to resolve "slurmctl01"
[2026-07-22T05:46:33.007] error: _xgetaddrinfo: getaddrinfo(slurmctl02:6817) failed: System error: Device or resource busy
[2026-07-22T05:46:33.007] error: slurm_set_addr: Unable to resolve "slurmctl02"
[2026-07-22T05:46:58.015] error: _xgetaddrinfo: getaddrinfo(slurmctl01:6817) failed: System error: Device or resource busy
[2026-07-22T05:46:58.016] error: slurm_set_addr: Unable to resolve "slurmctl01"
[2026-07-22T05:46:58.021] error: _xgetaddrinfo: getaddrinfo(slurmctl02:6817) failed: System error: Device or resource busy
[2026-07-22T05:46:58.021] error: slurm_set_addr: Unable to resolve "slurmctl02"
[2026-07-22T05:47:23.029] error: _xgetaddrinfo: getaddrinfo(slurmctl01:6817) failed: System error: Device or resource busy
[2026-07-22T05:47:23.029] error: slurm_set_addr: Unable to resolve "slurmctl01"
[2026-07-22T05:47:23.036] error: _xgetaddrinfo: getaddrinfo(slurmctl02:6817) failed: System error: Device or resource busy
[2026-07-22T05:47:23.036] error: slurm_set_addr: Unable to resolve "slurmctl02"
[2026-07-22T05:47:48.048] error: _xgetaddrinfo: getaddrinfo(slurmctl01:6817) failed: System error: Device or resource busy
[2026-07-22T05:47:48.048] error: slurm_set_addr: Unable to resolve "slurmctl01"
[2026-07-22T05:47:48.053] error: _xgetaddrinfo: getaddrinfo(slurmctl02:6817) failed: System error: Device or resource busy
[2026-07-22T05:47:48.053] error: slurm_set_addr: Unable to resolve "slurmctl02"
[2026-07-22T05:48:13.061] error: _xgetaddrinfo: getaddrinfo(slurmctl01:6817) failed: System error: Device or resource busy
[2026-07-22T05:48:13.062] error: slurm_set_addr: Unable to resolve "slurmctl01"
[2026-07-22T05:48:13.067] error: _xgetaddrinfo: getaddrinfo(slurmctl02:6817) failed: System error: Device or resource busy
[2026-07-22T05:48:13.067] error: slurm_set_addr: Unable to resolve "slurmctl02"
[2026-07-22T05:48:38.075] error: _xgetaddrinfo: getaddrinfo(slurmctl01:6817) failed: System error: Device or resource busy
[2026-07-22T05:48:38.075] error: slurm_set_addr: Unable to resolve "slurmctl01"
[2026-07-22T05:48:38.080] error: _xgetaddrinfo: getaddrinfo(slurmctl02:6817) failed: System error: Device or resource busy
[2026-07-22T05:48:38.080] error: slurm_set_addr: Unable to resolve "slurmctl02"
[2026-07-22T05:49:03.089] error: _xgetaddrinfo: getaddrinfo(slurmctl01:6817) failed: System error: Device or resource busy
[2026-07-22T05:49:03.089] error: slurm_set_addr: Unable to resolve "slurmctl01"
[2026-07-22T05:49:03.095] error: _xgetaddrinfo: getaddrinfo(slurmctl02:6817) failed: System error: Device or resource busy
[2026-07-22T05:49:03.095] error: slurm_set_addr: Unable to resolve "slurmctl02"
[2026-07-22T05:49:28.106] error: _xgetaddrinfo: getaddrinfo(slurmctl01:6817) failed: System error: Device or resource busy
[2026-07-22T05:49:28.106] error: slurm_set_addr: Unable to resolve "slurmctl01"
[2026-07-22T05:49:28.113] error: _xgetaddrinfo: getaddrinfo(slurmctl02:6817) failed: System error: Device or resource busy
[2026-07-22T05:49:28.113] error: slurm_set_addr: Unable to resolve "slurmctl02"
[2026-07-22T05:49:53.120] error: _xgetaddrinfo: getaddrinfo(slurmctl01:6817) failed: System error: Device or resource busy
[2026-07-22T05:49:53.121] error: slurm_set_addr: Unable to resolve "slurmctl01"
[2026-07-22T05:49:53.126] error: _xgetaddrinfo: getaddrinfo(slurmctl02:6817) failed: System error: Device or resource busy
[2026-07-22T05:49:53.126] error: slurm_set_addr: Unable to resolve "slurmctl02"
[2026-07-22T05:50:18.135] error: _xgetaddrinfo: getaddrinfo(slurmctl01:6817) failed: System error: Device or resource busy
[2026-07-22T05:50:18.135] error: slurm_set_addr: Unable to resolve "slurmctl01"
[2026-07-22T05:50:18.140] error: _xgetaddrinfo: getaddrinfo(slurmctl02:6817) failed: System error: Device or resource busy
[2026-07-22T05:50:18.141] error: slurm_set_addr: Unable to resolve "slurmctl02"
[2026-07-22T05:50:43.149] error: _xgetaddrinfo: getaddrinfo(slurmctl01:6817) failed: System error: Device or resource busy
[2026-07-22T05:50:43.149] error: slurm_set_addr: Unable to resolve "slurmctl01"
[2026-07-22T05:50:43.154] error: _xgetaddrinfo: getaddrinfo(slurmctl02:6817) failed: System error: Device or resource busy
[2026-07-22T05:50:43.154] error: slurm_set_addr: Unable to resolve "slurmctl02"
[2026-07-22T05:51:08.162] error: _xgetaddrinfo: getaddrinfo(slurmctl01:6817) failed: System error: Device or resource busy
[2026-07-22T05:51:08.162] error: slurm_set_addr: Unable to resolve "slurmctl01"
[2026-07-22T05:51:08.169] error: _xgetaddrinfo: getaddrinfo(slurmctl02:6817) failed: System error: Device or resource busy
[2026-07-22T05:51:08.169] error: slurm_set_addr: Unable to resolve "slurmctl02"
[2026-07-22T05:51:33.177] error: _xgetaddrinfo: getaddrinfo(slurmctl01:6817) failed: System error: Device or resource busy
[2026-07-22T05:51:33.177] error: slurm_set_addr: Unable to resolve "slurmctl01"
[2026-07-22T05:51:33.183] error: _xgetaddrinfo: getaddrinfo(slurmctl02:6817) failed: System error: Device or resource busy
[2026-07-22T05:51:33.183] error: slurm_set_addr: Unable to resolve "slurmctl02"
[2026-07-22T05:51:58.192] error: _xgetaddrinfo: getaddrinfo(slurmctl01:6817) failed: System error: Device or resource busy
[2026-07-22T05:51:58.192] error: slurm_set_addr: Unable to resolve "slurmctl01"
[2026-07-22T05:51:58.198] error: _xgetaddrinfo: getaddrinfo(slurmctl02:6817) failed: System error: Device or resource busy
[2026-07-22T05:51:58.198] error: slurm_set_addr: Unable to resolve "slurmctl02"
[2026-07-22T05:52:23.205] error: _xgetaddrinfo: getaddrinfo(slurmctl01:6817) failed: System error: Device or resource busy
[2026-07-22T05:52:23.205] error: slurm_set_addr: Unable to resolve "slurmctl01"
[2026-07-22T05:52:23.211] error: _xgetaddrinfo: getaddrinfo(slurmctl02:6817) failed: System error: Device or resource busy
[2026-07-22T05:52:23.211] error: slurm_set_addr: Unable to resolve "slurmctl02"
[2026-07-22T05:52:48.219] error: _xgetaddrinfo: getaddrinfo(slurmctl01:6817) failed: System error: Device or resource busy
[2026-07-22T05:52:48.219] error: slurm_set_addr: Unable to resolve "slurmctl01"
[2026-07-22T05:52:48.225] error: _xgetaddrinfo: getaddrinfo(slurmctl02:6817) failed: System error: Device or resource busy
[2026-07-22T05:52:48.225] error: slurm_set_addr: Unable to resolve "slurmctl02"
[2026-07-22T05:53:13.233] error: _xgetaddrinfo: getaddrinfo(slurmctl01:6817) failed: System error: Device or resource busy
[2026-07-22T05:53:13.233] error: slurm_set_addr: Unable to resolve "slurmctl01"
[2026-07-22T05:53:13.239] error: _xgetaddrinfo: getaddrinfo(slurmctl02:6817) failed: System error: Device or resource busy
[2026-07-22T05:53:13.239] error: slurm_set_addr: Unable to resolve "slurmctl02"
[2026-07-22T05:53:38.247] error: _xgetaddrinfo: getaddrinfo(slurmctl01:6817) failed: System error: Device or resource busy
[2026-07-22T05:53:38.247] error: slurm_set_addr: Unable to resolve "slurmctl01"
[2026-07-22T05:53:38.253] error: _xgetaddrinfo: getaddrinfo(slurmctl02:6817) failed: System error: Device or resource busy
[2026-07-22T05:53:38.253] error: slurm_set_addr: Unable to resolve "slurmctl02"
[2026-07-22T05:54:03.261] error: _xgetaddrinfo: getaddrinfo(slurmctl01:6817) failed: System error: Device or resource busy
[2026-07-22T05:54:03.261] error: slurm_set_addr: Unable to resolve "slurmctl01"
[2026-07-22T05:54:03.267] error: _xgetaddrinfo: getaddrinfo(slurmctl02:6817) failed: System error: Device or resource busy
[2026-07-22T05:54:03.268] error: slurm_set_addr: Unable to resolve "slurmctl02"
[2026-07-22T05:54:28.275] error: _xgetaddrinfo: getaddrinfo(slurmctl01:6817) failed: System error: Device or resource busy
[2026-07-22T05:54:28.275] error: slurm_set_addr: Unable to resolve "slurmctl01"
[2026-07-22T05:54:28.280] error: _xgetaddrinfo: getaddrinfo(slurmctl02:6817) failed: System error: Device or resource busy
[2026-07-22T05:54:28.280] error: slurm_set_addr: Unable to resolve "slurmctl02"
[2026-07-22T05:54:53.288] error: _xgetaddrinfo: getaddrinfo(slurmctl01:6817) failed: System error: Device or resource busy
[2026-07-22T05:54:53.288] error: slurm_set_addr: Unable to resolve "slurmctl01"
[2026-07-22T05:54:53.294] error: _xgetaddrinfo: getaddrinfo(slurmctl02:6817) failed: System error: Device or resource busy
[2026-07-22T05:54:53.294] error: slurm_set_addr: Unable to resolve "slurmctl02"
[2026-07-22T05:55:18.302] error: _xgetaddrinfo: getaddrinfo(slurmctl01:6817) failed: System error: Device or resource busy
[2026-07-22T05:55:18.302] error: slurm_set_addr: Unable to resolve "slurmctl01"
[2026-07-22T05:55:18.308] error: _xgetaddrinfo: getaddrinfo(slurmctl02:6817) failed: System error: Device or resource busy
[2026-07-22T05:55:18.308] error: slurm_set_addr: Unable to resolve "slurmctl02"
[2026-07-22T05:55:43.315] error: _xgetaddrinfo: getaddrinfo(slurmctl01:6817) failed: System error: Device or resource busy
[2026-07-22T05:55:43.316] error: slurm_set_addr: Unable to resolve "slurmctl01"
[2026-07-22T05:55:43.321] error: _xgetaddrinfo: getaddrinfo(slurmctl02:6817) failed: System error: Device or resource busy
[2026-07-22T05:55:43.322] error: slurm_set_addr: Unable to resolve "slurmctl02"
[2026-07-22T05:56:08.330] error: _xgetaddrinfo: getaddrinfo(slurmctl01:6817) failed: System error: Device or resource busy
[2026-07-22T05:56:08.330] error: slurm_set_addr: Unable to resolve "slurmctl01"
[2026-07-22T05:56:08.336] error: _xgetaddrinfo: getaddrinfo(slurmctl02:6817) failed: System error: Device or resource busy
[2026-07-22T05:56:08.336] error: slurm_set_addr: Unable to resolve "slurmctl02"
[2026-07-22T05:56:33.344] error: _xgetaddrinfo: getaddrinfo(slurmctl01:6817) failed: System error: Device or resource busy
[2026-07-22T05:56:33.344] error: slurm_set_addr: Unable to resolve "slurmctl01"
[2026-07-22T05:56:33.350] error: _xgetaddrinfo: getaddrinfo(slurmctl02:6817) failed: System error: Device or resource busy
[2026-07-22T05:56:33.350] error: slurm_set_addr: Unable to resolve "slurmctl02"
[2026-07-22T05:56:58.358] error: _xgetaddrinfo: getaddrinfo(slurmctl01:6817) failed: System error: Device or resource busy
[2026-07-22T05:56:58.358] error: slurm_set_addr: Unable to resolve "slurmctl01"
[2026-07-22T05:56:58.363] error: _xgetaddrinfo: getaddrinfo(slurmctl02:6817) failed: System error: Device or resource busy
[2026-07-22T05:56:58.363] error: slurm_set_addr: Unable to resolve "slurmctl02"
[2026-07-22T05:57:23.371] error: _xgetaddrinfo: getaddrinfo(slurmctl01:6817) failed: System error: Device or resource busy
[2026-07-22T05:57:23.371] error: slurm_set_addr: Unable to resolve "slurmctl01"
[2026-07-22T05:57:23.377] error: _xgetaddrinfo: getaddrinfo(slurmctl02:6817) failed: System error: Device or resource busy
[2026-07-22T05:57:23.377] error: slurm_set_addr: Unable to resolve "slurmctl02"
[2026-07-22T05:57:48.384] error: _xgetaddrinfo: getaddrinfo(slurmctl01:6817) failed: System error: Device or resource busy
[2026-07-22T05:57:48.385] error: slurm_set_addr: Unable to resolve "slurmctl01"
[2026-07-22T05:57:48.390] error: _xgetaddrinfo: getaddrinfo(slurmctl02:6817) failed: System error: Device or resource busy
[2026-07-22T05:57:48.390] error: slurm_set_addr: Unable to resolve "slurmctl02"
[2026-07-22T05:58:13.398] error: _xgetaddrinfo: getaddrinfo(slurmctl01:6817) failed: System error: Device or resource busy
[2026-07-22T05:58:13.398] error: slurm_set_addr: Unable to resolve "slurmctl01"
[2026-07-22T05:58:13.403] error: _xgetaddrinfo: getaddrinfo(slurmctl02:6817) failed: System error: Device or resource busy
[2026-07-22T05:58:13.403] error: slurm_set_addr: Unable to resolve "slurmctl02"
[2026-07-22T05:58:38.413] error: _xgetaddrinfo: getaddrinfo(slurmctl01:6817) failed: System error: Device or resource busy
[2026-07-22T05:58:38.413] error: slurm_set_addr: Unable to resolve "slurmctl01"
[2026-07-22T05:58:38.419] error: _xgetaddrinfo: getaddrinfo(slurmctl02:6817) failed: System error: Device or resource busy
[2026-07-22T05:58:38.419] error: slurm_set_addr: Unable to resolve "slurmctl02"
[2026-07-22T05:59:03.427] error: _xgetaddrinfo: getaddrinfo(slurmctl01:6817) failed: System error: Device or resource busy
[2026-07-22T05:59:03.427] error: slurm_set_addr: Unable to resolve "slurmctl01"
[2026-07-22T05:59:03.433] error: _xgetaddrinfo: getaddrinfo(slurmctl02:6817) failed: System error: Device or resource busy
[2026-07-22T05:59:03.433] error: slurm_set_addr: Unable to resolve "slurmctl02"
[2026-07-22T05:59:28.441] error: _xgetaddrinfo: getaddrinfo(slurmctl01:6817) failed: System error: Device or resource busy
[2026-07-22T05:59:28.441] error: slurm_set_addr: Unable to resolve "slurmctl01"
[2026-07-22T05:59:28.447] error: _xgetaddrinfo: getaddrinfo(slurmctl02:6817) failed: System error: Device or resource busy
[2026-07-22T05:59:28.447] error: slurm_set_addr: Unable to resolve "slurmctl02"
[2026-07-22T05:59:53.455] error: _xgetaddrinfo: getaddrinfo(slurmctl01:6817) failed: System error: Device or resource busy
[2026-07-22T05:59:53.455] error: slurm_set_addr: Unable to resolve "slurmctl01"
[2026-07-22T05:59:53.461] error: _xgetaddrinfo: getaddrinfo(slurmctl02:6817) failed: System error: Device or resource busy
[2026-07-22T05:59:53.461] error: slurm_set_addr: Unable to resolve "slurmctl02"
[2026-07-22T06:00:18.469] error: _xgetaddrinfo: getaddrinfo(slurmctl01:6817) failed: System error: Device or resource busy
[2026-07-22T06:00:18.469] error: slurm_set_addr: Unable to resolve "slurmctl01"
[2026-07-22T06:00:18.475] error: _xgetaddrinfo: getaddrinfo(slurmctl02:6817) failed: System error: Device or resource busy
[2026-07-22T06:00:18.475] error: slurm_set_addr: Unable to resolve "slurmctl02"
[2026-07-22T06:00:43.483] error: _xgetaddrinfo: getaddrinfo(slurmctl01:6817) failed: System error: Device or resource busy
[2026-07-22T06:00:43.483] error: slurm_set_addr: Unable to resolve "slurmctl01"
[2026-07-22T06:00:43.488] error: _xgetaddrinfo: getaddrinfo(slurmctl02:6817) failed: System error: Device or resource busy
[2026-07-22T06:00:43.488] error: slurm_set_addr: Unable to resolve "slurmctl02"
[2026-07-22T06:01:08.496] error: _xgetaddrinfo: getaddrinfo(slurmctl01:6817) failed: System error: Device or resource busy
[2026-07-22T06:01:08.496] error: slurm_set_addr: Unable to resolve "slurmctl01"
[2026-07-22T06:01:08.502] error: _xgetaddrinfo: getaddrinfo(slurmctl02:6817) failed: System error: Device or resource busy
[2026-07-22T06:01:08.503] error: slurm_set_addr: Unable to resolve "slurmctl02"
[2026-07-22T06:01:33.511] error: _xgetaddrinfo: getaddrinfo(slurmctl01:6817) failed: System error: Device or resource busy
[2026-07-22T06:01:33.511] error: slurm_set_addr: Unable to resolve "slurmctl01"
[2026-07-22T06:01:33.517] error: _xgetaddrinfo: getaddrinfo(slurmctl02:6817) failed: System error: Device or resource busy
[2026-07-22T06:01:33.517] error: slurm_set_addr: Unable to resolve "slurmctl02"
[2026-07-22T06:01:58.525] error: _xgetaddrinfo: getaddrinfo(slurmctl01:6817) failed: System error: Device or resource busy
[2026-07-22T06:01:58.525] error: slurm_set_addr: Unable to resolve "slurmctl01"
[2026-07-22T06:01:58.531] error: _xgetaddrinfo: getaddrinfo(slurmctl02:6817) failed: System error: Device or resource busy
[2026-07-22T06:01:58.531] error: slurm_set_addr: Unable to resolve "slurmctl02"
[2026-07-22T06:02:23.539] error: _xgetaddrinfo: getaddrinfo(slurmctl01:6817) failed: System error: Device or resource busy
[2026-07-22T06:02:23.539] error: slurm_set_addr: Unable to resolve "slurmctl01"
[2026-07-22T06:02:23.544] error: _xgetaddrinfo: getaddrinfo(slurmctl02:6817) failed: System error: Device or resource busy
[2026-07-22T06:02:23.544] error: slurm_set_addr: Unable to resolve "slurmctl02"
[2026-07-22T06:02:48.553] error: _xgetaddrinfo: getaddrinfo(slurmctl01:6817) failed: System error: Device or resource busy
[2026-07-22T06:02:48.553] error: slurm_set_addr: Unable to resolve "slurmctl01"
[2026-07-22T06:02:48.559] error: _xgetaddrinfo: getaddrinfo(slurmctl02:6817) failed: System error: Device or resource busy
[2026-07-22T06:02:48.559] error: slurm_set_addr: Unable to resolve "slurmctl02"
[2026-07-22T06:03:13.566] error: _xgetaddrinfo: getaddrinfo(slurmctl01:6817) failed: System error: Device or resource busy
[2026-07-22T06:03:13.566] error: slurm_set_addr: Unable to resolve "slurmctl01"
[2026-07-22T06:03:13.572] error: _xgetaddrinfo: getaddrinfo(slurmctl02:6817) failed: System error: Device or resource busy
[2026-07-22T06:03:13.572] error: slurm_set_addr: Unable to resolve "slurmctl02"
[2026-07-22T06:03:38.580] error: _xgetaddrinfo: getaddrinfo(slurmctl01:6817) failed: System error: Device or resource busy
[2026-07-22T06:03:38.580] error: slurm_set_addr: Unable to resolve "slurmctl01"
[2026-07-22T06:03:38.586] error: _xgetaddrinfo: getaddrinfo(slurmctl02:6817) failed: System error: Device or resource busy
[2026-07-22T06:03:38.586] error: slurm_set_addr: Unable to resolve "slurmctl02"
[2026-07-22T06:04:03.593] error: _xgetaddrinfo: getaddrinfo(slurmctl01:6817) failed: System error: Device or resource busy
[2026-07-22T06:04:03.594] error: slurm_set_addr: Unable to resolve "slurmctl01"
[2026-07-22T06:04:03.599] error: _xgetaddrinfo: getaddrinfo(slurmctl02:6817) failed: System error: Device or resource busy
[2026-07-22T06:04:03.599] error: slurm_set_addr: Unable to resolve "slurmctl02"
[2026-07-22T06:04:28.617] error: _xgetaddrinfo: getaddrinfo(slurmctl01:6817) failed: System error: Device or resource busy
[2026-07-22T06:04:28.617] error: slurm_set_addr: Unable to resolve "slurmctl01"
[2026-07-22T06:04:28.626] error: _xgetaddrinfo: getaddrinfo(slurmctl02:6817) failed: System error: Device or resource busy
[2026-07-22T06:04:28.626] error: slurm_set_addr: Unable to resolve "slurmctl02"
[2026-07-22T06:04:53.634] error: _xgetaddrinfo: getaddrinfo(slurmctl01:6817) failed: System error: Device or resource busy
[2026-07-22T06:04:53.634] error: slurm_set_addr: Unable to resolve "slurmctl01"
[2026-07-22T06:04:53.639] error: _xgetaddrinfo: getaddrinfo(slurmctl02:6817) failed: System error: Device or resource busy
[2026-07-22T06:04:53.639] error: slurm_set_addr: Unable to resolve "slurmctl02"
[2026-07-22T06:05:18.647] error: _xgetaddrinfo: getaddrinfo(slurmctl01:6817) failed: System error: Device or resource busy
[2026-07-22T06:05:18.648] error: slurm_set_addr: Unable to resolve "slurmctl01"
[2026-07-22T06:05:18.654] error: _xgetaddrinfo: getaddrinfo(slurmctl02:6817) failed: System error: Device or resource busy
[2026-07-22T06:05:18.654] error: slurm_set_addr: Unable to resolve "slurmctl02"
[2026-07-22T06:05:43.662] error: _xgetaddrinfo: getaddrinfo(slurmctl01:6817) failed: System error: Device or resource busy
[2026-07-22T06:05:43.662] error: slurm_set_addr: Unable to resolve "slurmctl01"
[2026-07-22T06:05:43.668] error: _xgetaddrinfo: getaddrinfo(slurmctl02:6817) failed: System error: Device or resource busy
[2026-07-22T06:05:43.668] error: slurm_set_addr: Unable to resolve "slurmctl02"
[2026-07-22T06:06:08.759] error: _xgetaddrinfo: getaddrinfo(slurmctl01:6817) failed: System error: Device or resource busy
[2026-07-22T06:06:08.759] error: slurm_set_addr: Unable to resolve "slurmctl01"
[2026-07-22T06:06:08.780] error: _xgetaddrinfo: getaddrinfo(slurmctl02:6817) failed: System error: Device or resource busy
[2026-07-22T06:06:08.780] error: slurm_set_addr: Unable to resolve "slurmctl02"
[2026-07-22T06:06:33.788] error: _xgetaddrinfo: getaddrinfo(slurmctl01:6817) failed: System error: Device or resource busy
[2026-07-22T06:06:33.788] error: slurm_set_addr: Unable to resolve "slurmctl01"
[2026-07-22T06:06:33.794] error: _xgetaddrinfo: getaddrinfo(slurmctl02:6817) failed: System error: Device or resource busy
[2026-07-22T06:06:33.794] error: slurm_set_addr: Unable to resolve "slurmctl02"
[2026-07-22T06:06:58.803] error: _xgetaddrinfo: getaddrinfo(slurmctl01:6817) failed: System error: Device or resource busy
[2026-07-22T06:06:58.803] error: slurm_set_addr: Unable to resolve "slurmctl01"
[2026-07-22T06:06:58.808] error: _xgetaddrinfo: getaddrinfo(slurmctl02:6817) failed: System error: Device or resource busy
[2026-07-22T06:06:58.808] error: slurm_set_addr: Unable to resolve "slurmctl02"
[2026-07-22T06:07:23.816] error: _xgetaddrinfo: getaddrinfo(slurmctl01:6817) failed: System error: Device or resource busy
[2026-07-22T06:07:23.816] error: slurm_set_addr: Unable to resolve "slurmctl01"
[2026-07-22T06:07:23.821] error: _xgetaddrinfo: getaddrinfo(slurmctl02:6817) failed: System error: Device or resource busy
[2026-07-22T06:07:23.821] error: slurm_set_addr: Unable to resolve "slurmctl02"
[2026-07-22T06:07:48.828] error: _xgetaddrinfo: getaddrinfo(slurmctl01:6817) failed: System error: Device or resource busy
[2026-07-22T06:07:48.828] error: slurm_set_addr: Unable to resolve "slurmctl01"
[2026-07-22T06:07:48.834] error: _xgetaddrinfo: getaddrinfo(slurmctl02:6817) failed: System error: Device or resource busy
[2026-07-22T06:07:48.834] error: slurm_set_addr: Unable to resolve "slurmctl02"
[2026-07-22T06:08:13.842] error: _xgetaddrinfo: getaddrinfo(slurmctl01:6817) failed: System error: Device or resource busy
[2026-07-22T06:08:13.842] error: slurm_set_addr: Unable to resolve "slurmctl01"
[2026-07-22T06:08:13.847] error: _xgetaddrinfo: getaddrinfo(slurmctl02:6817) failed: System error: Device or resource busy
[2026-07-22T06:08:13.847] error: slurm_set_addr: Unable to resolve "slurmctl02"
[2026-07-22T06:08:38.865] error: _xgetaddrinfo: getaddrinfo(slurmctl01:6817) failed: System error: Device or resource busy
[2026-07-22T06:08:38.865] error: slurm_set_addr: Unable to resolve "slurmctl01"
[2026-07-22T06:08:38.871] error: _xgetaddrinfo: getaddrinfo(slurmctl02:6817) failed: System error: Device or resource busy
[2026-07-22T06:08:38.871] error: slurm_set_addr: Unable to resolve "slurmctl02"
[2026-07-22T06:09:03.915] error: _xgetaddrinfo: getaddrinfo(slurmctl01:6817) failed: System error: Device or resource busy
[2026-07-22T06:09:03.915] error: slurm_set_addr: Unable to resolve "slurmctl01"
[2026-07-22T06:09:03.921] error: _xgetaddrinfo: getaddrinfo(slurmctl02:6817) failed: System error: Device or resource busy
[2026-07-22T06:09:03.921] error: slurm_set_addr: Unable to resolve "slurmctl02"
[2026-07-22T06:09:28.942] error: _xgetaddrinfo: getaddrinfo(slurmctl01:6817) failed: System error: Device or resource busy
[2026-07-22T06:09:28.942] error: slurm_set_addr: Unable to resolve "slurmctl01"
[2026-07-22T06:09:28.948] error: _xgetaddrinfo: getaddrinfo(slurmctl02:6817) failed: System error: Device or resource busy
[2026-07-22T06:09:28.948] error: slurm_set_addr: Unable to resolve "slurmctl02"
[2026-07-22T06:09:53.956] error: _xgetaddrinfo: getaddrinfo(slurmctl01:6817) failed: System error: Device or resource busy
[2026-07-22T06:09:53.956] error: slurm_set_addr: Unable to resolve "slurmctl01"
[2026-07-22T06:09:53.961] error: _xgetaddrinfo: getaddrinfo(slurmctl02:6817) failed: System error: Device or resource busy
[2026-07-22T06:09:53.961] error: slurm_set_addr: Unable to resolve "slurmctl02"
[2026-07-22T06:10:18.969] error: _xgetaddrinfo: getaddrinfo(slurmctl01:6817) failed: System error: Device or resource busy
[2026-07-22T06:10:18.969] error: slurm_set_addr: Unable to resolve "slurmctl01"
[2026-07-22T06:10:18.975] error: _xgetaddrinfo: getaddrinfo(slurmctl02:6817) failed: System error: Device or resource busy
[2026-07-22T06:10:18.975] error: slurm_set_addr: Unable to resolve "slurmctl02"
[2026-07-22T06:10:43.983] error: _xgetaddrinfo: getaddrinfo(slurmctl01:6817) failed: System error: Device or resource busy
[2026-07-22T06:10:43.983] error: slurm_set_addr: Unable to resolve "slurmctl01"
[2026-07-22T06:10:43.989] error: _xgetaddrinfo: getaddrinfo(slurmctl02:6817) failed: System error: Device or resource busy
[2026-07-22T06:10:43.989] error: slurm_set_addr: Unable to resolve "slurmctl02"
[2026-07-22T06:11:08.997] error: _xgetaddrinfo: getaddrinfo(slurmctl01:6817) failed: System error: Device or resource busy
[2026-07-22T06:11:08.997] error: slurm_set_addr: Unable to resolve "slurmctl01"
[2026-07-22T06:11:09.002] error: _xgetaddrinfo: getaddrinfo(slurmctl02:6817) failed: System error: Device or resource busy
[2026-07-22T06:11:09.002] error: slurm_set_addr: Unable to resolve "slurmctl02"
[2026-07-22T06:11:34.011] error: _xgetaddrinfo: getaddrinfo(slurmctl01:6817) failed: System error: Device or resource busy
[2026-07-22T06:11:34.011] error: slurm_set_addr: Unable to resolve "slurmctl01"
[2026-07-22T06:11:34.016] error: _xgetaddrinfo: getaddrinfo(slurmctl02:6817) failed: System error: Device or resource busy
[2026-07-22T06:11:34.016] error: slurm_set_addr: Unable to resolve "slurmctl02"
[2026-07-22T06:11:59.024] error: _xgetaddrinfo: getaddrinfo(slurmctl01:6817) failed: System error: Device or resource busy
[2026-07-22T06:11:59.024] error: slurm_set_addr: Unable to resolve "slurmctl01"
[2026-07-22T06:11:59.030] error: _xgetaddrinfo: getaddrinfo(slurmctl02:6817) failed: System error: Device or resource busy
[2026-07-22T06:11:59.030] error: slurm_set_addr: Unable to resolve "slurmctl02"
[2026-07-22T06:12:24.038] error: _xgetaddrinfo: getaddrinfo(slurmctl01:6817) failed: System error: Device or resource busy
[2026-07-22T06:12:24.038] error: slurm_set_addr: Unable to resolve "slurmctl01"
[2026-07-22T06:12:24.044] error: _xgetaddrinfo: getaddrinfo(slurmctl02:6817) failed: System error: Device or resource busy
[2026-07-22T06:12:24.044] error: slurm_set_addr: Unable to resolve "slurmctl02"
[2026-07-22T06:12:49.051] error: _xgetaddrinfo: getaddrinfo(slurmctl01:6817) failed: System error: Device or resource busy
[2026-07-22T06:12:49.051] error: slurm_set_addr: Unable to resolve "slurmctl01"
[2026-07-22T06:12:49.057] error: _xgetaddrinfo: getaddrinfo(slurmctl02:6817) failed: System error: Device or resource busy
[2026-07-22T06:12:49.057] error: slurm_set_addr: Unable to resolve "slurmctl02"
[2026-07-22T06:13:14.065] error: _xgetaddrinfo: getaddrinfo(slurmctl01:6817) failed: System error: Device or resource busy
[2026-07-22T06:13:14.065] error: slurm_set_addr: Unable to resolve "slurmctl01"
[2026-07-22T06:13:14.071] error: _xgetaddrinfo: getaddrinfo(slurmctl02:6817) failed: System error: Device or resource busy
[2026-07-22T06:13:14.071] error: slurm_set_addr: Unable to resolve "slurmctl02"
[2026-07-22T06:13:39.078] error: _xgetaddrinfo: getaddrinfo(slurmctl01:6817) failed: System error: Device or resource busy
[2026-07-22T06:13:39.079] error: slurm_set_addr: Unable to resolve "slurmctl01"
[2026-07-22T06:13:39.084] error: _xgetaddrinfo: getaddrinfo(slurmctl02:6817) failed: System error: Device or resource busy
[2026-07-22T06:13:39.084] error: slurm_set_addr: Unable to resolve "slurmctl02"
[2026-07-22T06:14:04.092] error: _xgetaddrinfo: getaddrinfo(slurmctl01:6817) failed: System error: Device or resource busy
[2026-07-22T06:14:04.092] error: slurm_set_addr: Unable to resolve "slurmctl01"
[2026-07-22T06:14:04.097] error: _xgetaddrinfo: getaddrinfo(slurmctl02:6817) failed: System error: Device or resource busy
[2026-07-22T06:14:04.097] error: slurm_set_addr: Unable to resolve "slurmctl02"
[2026-07-22T06:14:29.104] error: _xgetaddrinfo: getaddrinfo(slurmctl01:6817) failed: System error: Device or resource busy
[2026-07-22T06:14:29.105] error: slurm_set_addr: Unable to resolve "slurmctl01"
[2026-07-22T06:14:29.110] error: _xgetaddrinfo: getaddrinfo(slurmctl02:6817) failed: System error: Device or resource busy
[2026-07-22T06:14:29.110] error: slurm_set_addr: Unable to resolve "slurmctl02"
[2026-07-22T06:14:54.117] error: _xgetaddrinfo: getaddrinfo(slurmctl01:6817) failed: System error: Device or resource busy
[2026-07-22T06:14:54.117] error: slurm_set_addr: Unable to resolve "slurmctl01"
[2026-07-22T06:14:54.123] error: _xgetaddrinfo: getaddrinfo(slurmctl02:6817) failed: System error: Device or resource busy
[2026-07-22T06:14:54.123] error: slurm_set_addr: Unable to resolve "slurmctl02"
[2026-07-22T06:15:19.131] error: _xgetaddrinfo: getaddrinfo(slurmctl01:6817) failed: System error: Device or resource busy
[2026-07-22T06:15:19.131] error: slurm_set_addr: Unable to resolve "slurmctl01"
[2026-07-22T06:15:19.137] error: _xgetaddrinfo: getaddrinfo(slurmctl02:6817) failed: System error: Device or resource busy
[2026-07-22T06:15:19.137] error: slurm_set_addr: Unable to resolve "slurmctl02"
[2026-07-22T06:15:44.144] error: _xgetaddrinfo: getaddrinfo(slurmctl01:6817) failed: System error: Device or resource busy
[2026-07-22T06:15:44.144] error: slurm_set_addr: Unable to resolve "slurmctl01"
[2026-07-22T06:15:44.150] error: _xgetaddrinfo: getaddrinfo(slurmctl02:6817) failed: System error: Device or resource busy
[2026-07-22T06:15:44.150] error: slurm_set_addr: Unable to resolve "slurmctl02"
[2026-07-22T06:16:09.157] error: _xgetaddrinfo: getaddrinfo(slurmctl01:6817) failed: System error: Device or resource busy
[2026-07-22T06:16:09.158] error: slurm_set_addr: Unable to resolve "slurmctl01"
[2026-07-22T06:16:09.163] error: _xgetaddrinfo: getaddrinfo(slurmctl02:6817) failed: System error: Device or resource busy
[2026-07-22T06:16:09.164] error: slurm_set_addr: Unable to resolve "slurmctl02"
[2026-07-22T06:16:34.172] error: _xgetaddrinfo: getaddrinfo(slurmctl01:6817) failed: System error: Device or resource busy
[2026-07-22T06:16:34.172] error: slurm_set_addr: Unable to resolve "slurmctl01"
[2026-07-22T06:16:34.177] error: _xgetaddrinfo: getaddrinfo(slurmctl02:6817) failed: System error: Device or resource busy
[2026-07-22T06:16:34.177] error: slurm_set_addr: Unable to resolve "slurmctl02"
[2026-07-22T06:16:59.185] error: _xgetaddrinfo: getaddrinfo(slurmctl01:6817) failed: System error: Device or resource busy
[2026-07-22T06:16:59.185] error: slurm_set_addr: Unable to resolve "slurmctl01"
[2026-07-22T06:16:59.191] error: _xgetaddrinfo: getaddrinfo(slurmctl02:6817) failed: System error: Device or resource busy
[2026-07-22T06:16:59.191] error: slurm_set_addr: Unable to resolve "slurmctl02"
[2026-07-22T06:17:24.198] error: _xgetaddrinfo: getaddrinfo(slurmctl01:6817) failed: System error: Device or resource busy
[2026-07-22T06:17:24.198] error: slurm_set_addr: Unable to resolve "slurmctl01"
[2026-07-22T06:17:24.204] error: _xgetaddrinfo: getaddrinfo(slurmctl02:6817) failed: System error: Device or resource busy
[2026-07-22T06:17:24.204] error: slurm_set_addr: Unable to resolve "slurmctl02"
[2026-07-22T06:17:49.211] error: _xgetaddrinfo: getaddrinfo(slurmctl01:6817) failed: System error: Device or resource busy
[2026-07-22T06:17:49.211] error: slurm_set_addr: Unable to resolve "slurmctl01"
[2026-07-22T06:17:49.217] error: _xgetaddrinfo: getaddrinfo(slurmctl02:6817) failed: System error: Device or resource busy
[2026-07-22T06:17:49.217] error: slurm_set_addr: Unable to resolve "slurmctl02"
[2026-07-22T06:18:14.224] error: _xgetaddrinfo: getaddrinfo(slurmctl01:6817) failed: System error: Device or resource busy
[2026-07-22T06:18:14.224] error: slurm_set_addr: Unable to resolve "slurmctl01"
[2026-07-22T06:18:14.230] error: _xgetaddrinfo: getaddrinfo(slurmctl02:6817) failed: System error: Device or resource busy
[2026-07-22T06:18:14.230] error: slurm_set_addr: Unable to resolve "slurmctl02"
[2026-07-22T06:18:39.238] error: _xgetaddrinfo: getaddrinfo(slurmctl01:6817) failed: System error: Device or resource busy
[2026-07-22T06:18:39.238] error: slurm_set_addr: Unable to resolve "slurmctl01"
[2026-07-22T06:18:39.243] error: _xgetaddrinfo: getaddrinfo(slurmctl02:6817) failed: System error: Device or resource busy
[2026-07-22T06:18:39.243] error: slurm_set_addr: Unable to resolve "slurmctl02"
[2026-07-22T06:19:04.250] error: _xgetaddrinfo: getaddrinfo(slurmctl01:6817) failed: System error: Device or resource busy
[2026-07-22T06:19:04.250] error: slurm_set_addr: Unable to resolve "slurmctl01"
[2026-07-22T06:19:04.256] error: _xgetaddrinfo: getaddrinfo(slurmctl02:6817) failed: System error: Device or resource busy
[2026-07-22T06:19:04.256] error: slurm_set_addr: Unable to resolve "slurmctl02"
[2026-07-22T06:19:29.264] error: _xgetaddrinfo: getaddrinfo(slurmctl01:6817) failed: System error: Device or resource busy
[2026-07-22T06:19:29.264] error: slurm_set_addr: Unable to resolve "slurmctl01"
[2026-07-22T06:19:29.270] error: _xgetaddrinfo: getaddrinfo(slurmctl02:6817) failed: System error: Device or resource busy
[2026-07-22T06:19:29.270] error: slurm_set_addr: Unable to resolve "slurmctl02"
[2026-07-22T06:19:54.278] error: _xgetaddrinfo: getaddrinfo(slurmctl01:6817) failed: System error: Device or resource busy
[2026-07-22T06:19:54.278] error: slurm_set_addr: Unable to resolve "slurmctl01"
[2026-07-22T06:19:54.283] error: _xgetaddrinfo: getaddrinfo(slurmctl02:6817) failed: System error: Device or resource busy
[2026-07-22T06:19:54.283] error: slurm_set_addr: Unable to resolve "slurmctl02"
[2026-07-22T06:20:19.291] error: _xgetaddrinfo: getaddrinfo(slurmctl01:6817) failed: System error: Device or resource busy
[2026-07-22T06:20:19.291] error: slurm_set_addr: Unable to resolve "slurmctl01"
[2026-07-22T06:20:19.298] error: _xgetaddrinfo: getaddrinfo(slurmctl02:6817) failed: System error: Device or resource busy
[2026-07-22T06:20:19.298] error: slurm_set_addr: Unable to resolve "slurmctl02"
[2026-07-22T06:20:44.305] error: _xgetaddrinfo: getaddrinfo(slurmctl01:6817) failed: System error: Device or resource busy
[2026-07-22T06:20:44.305] error: slurm_set_addr: Unable to resolve "slurmctl01"
[2026-07-22T06:20:44.311] error: _xgetaddrinfo: getaddrinfo(slurmctl02:6817) failed: System error: Device or resource busy
[2026-07-22T06:20:44.311] error: slurm_set_addr: Unable to resolve "slurmctl02"
[2026-07-22T06:21:09.318] error: _xgetaddrinfo: getaddrinfo(slurmctl01:6817) failed: System error: Device or resource busy
[2026-07-22T06:21:09.318] error: slurm_set_addr: Unable to resolve "slurmctl01"
[2026-07-22T06:21:09.324] error: _xgetaddrinfo: getaddrinfo(slurmctl02:6817) failed: System error: Device or resource busy
[2026-07-22T06:21:09.324] error: slurm_set_addr: Unable to resolve "slurmctl02"
[2026-07-22T06:21:34.332] error: _xgetaddrinfo: getaddrinfo(slurmctl01:6817) failed: System error: Device or resource busy
[2026-07-22T06:21:34.332] error: slurm_set_addr: Unable to resolve "slurmctl01"
[2026-07-22T06:21:34.337] error: _xgetaddrinfo: getaddrinfo(slurmctl02:6817) failed: System error: Device or resource busy
[2026-07-22T06:21:34.338] error: slurm_set_addr: Unable to resolve "slurmctl02"
[2026-07-22T06:21:59.346] error: _xgetaddrinfo: getaddrinfo(slurmctl01:6817) failed: System error: Device or resource busy
[2026-07-22T06:21:59.346] error: slurm_set_addr: Unable to resolve "slurmctl01"
[2026-07-22T06:21:59.351] error: _xgetaddrinfo: getaddrinfo(slurmctl02:6817) failed: System error: Device or resource busy
[2026-07-22T06:21:59.352] error: slurm_set_addr: Unable to resolve "slurmctl02"
[2026-07-22T06:22:24.359] error: _xgetaddrinfo: getaddrinfo(slurmctl01:6817) failed: System error: Device or resource busy
[2026-07-22T06:22:24.359] error: slurm_set_addr: Unable to resolve "slurmctl01"
[2026-07-22T06:22:24.365] error: _xgetaddrinfo: getaddrinfo(slurmctl02:6817) failed: System error: Device or resource busy
[2026-07-22T06:22:24.365] error: slurm_set_addr: Unable to resolve "slurmctl02"
[2026-07-22T06:22:49.372] error: _xgetaddrinfo: getaddrinfo(slurmctl01:6817) failed: System error: Device or resource busy
[2026-07-22T06:22:49.372] error: slurm_set_addr: Unable to resolve "slurmctl01"
[2026-07-22T06:22:49.378] error: _xgetaddrinfo: getaddrinfo(slurmctl02:6817) failed: System error: Device or resource busy
[2026-07-22T06:22:49.378] error: slurm_set_addr: Unable to resolve "slurmctl02"
[2026-07-22T06:23:14.386] error: _xgetaddrinfo: getaddrinfo(slurmctl01:6817) failed: System error: Device or resource busy
[2026-07-22T06:23:14.386] error: slurm_set_addr: Unable to resolve "slurmctl01"
[2026-07-22T06:23:14.392] error: _xgetaddrinfo: getaddrinfo(slurmctl02:6817) failed: System error: Device or resource busy
[2026-07-22T06:23:14.392] error: slurm_set_addr: Unable to resolve "slurmctl02"
[2026-07-22T06:23:39.400] error: _xgetaddrinfo: getaddrinfo(slurmctl01:6817) failed: System error: Device or resource busy
[2026-07-22T06:23:39.400] error: slurm_set_addr: Unable to resolve "slurmctl01"
[2026-07-22T06:23:39.406] error: _xgetaddrinfo: getaddrinfo(slurmctl02:6817) failed: System error: Device or resource busy
[2026-07-22T06:23:39.406] error: slurm_set_addr: Unable to resolve "slurmctl02"
[2026-07-22T06:24:04.413] error: _xgetaddrinfo: getaddrinfo(slurmctl01:6817) failed: System error: Device or resource busy
[2026-07-22T06:24:04.413] error: slurm_set_addr: Unable to resolve "slurmctl01"
[2026-07-22T06:24:04.418] error: _xgetaddrinfo: getaddrinfo(slurmctl02:6817) failed: System error: Device or resource busy
[2026-07-22T06:24:04.418] error: slurm_set_addr: Unable to resolve "slurmctl02"
[2026-07-22T06:24:29.426] error: _xgetaddrinfo: getaddrinfo(slurmctl01:6817) failed: System error: Device or resource busy
[2026-07-22T06:24:29.426] error: slurm_set_addr: Unable to resolve "slurmctl01"
[2026-07-22T06:24:29.432] error: _xgetaddrinfo: getaddrinfo(slurmctl02:6817) failed: System error: Device or resource busy
[2026-07-22T06:24:29.432] error: slurm_set_addr: Unable to resolve "slurmctl02"
[2026-07-22T06:24:54.439] error: _xgetaddrinfo: getaddrinfo(slurmctl01:6817) failed: System error: Device or resource busy
[2026-07-22T06:24:54.439] error: slurm_set_addr: Unable to resolve "slurmctl01"
[2026-07-22T06:24:54.445] error: _xgetaddrinfo: getaddrinfo(slurmctl02:6817) failed: System error: Device or resource busy
[2026-07-22T06:24:54.445] error: slurm_set_addr: Unable to resolve "slurmctl02"
[2026-07-22T06:25:19.453] error: _xgetaddrinfo: getaddrinfo(slurmctl01:6817) failed: System error: Device or resource busy
[2026-07-22T06:25:19.453] error: slurm_set_addr: Unable to resolve "slurmctl01"
[2026-07-22T06:25:19.458] error: _xgetaddrinfo: getaddrinfo(slurmctl02:6817) failed: System error: Device or resource busy
[2026-07-22T06:25:19.458] error: slurm_set_addr: Unable to resolve "slurmctl02"
[2026-07-22T06:25:44.465] error: _xgetaddrinfo: getaddrinfo(slurmctl01:6817) failed: System error: Device or resource busy
[2026-07-22T06:25:44.465] error: slurm_set_addr: Unable to resolve "slurmctl01"
[2026-07-22T06:25:44.471] error: _xgetaddrinfo: getaddrinfo(slurmctl02:6817) failed: System error: Device or resource busy
[2026-07-22T06:25:44.471] error: slurm_set_addr: Unable to resolve "slurmctl02"
[2026-07-22T06:26:09.478] error: _xgetaddrinfo: getaddrinfo(slurmctl01:6817) failed: System error: Device or resource busy
[2026-07-22T06:26:09.479] error: slurm_set_addr: Unable to resolve "slurmctl01"
[2026-07-22T06:26:09.484] error: _xgetaddrinfo: getaddrinfo(slurmctl02:6817) failed: System error: Device or resource busy
[2026-07-22T06:26:09.484] error: slurm_set_addr: Unable to resolve "slurmctl02"
[2026-07-22T06:26:34.491] error: _xgetaddrinfo: getaddrinfo(slurmctl01:6817) failed: System error: Device or resource busy
[2026-07-22T06:26:34.491] error: slurm_set_addr: Unable to resolve "slurmctl01"
[2026-07-22T06:26:34.497] error: _xgetaddrinfo: getaddrinfo(slurmctl02:6817) failed: System error: Device or resource busy
[2026-07-22T06:26:34.497] error: slurm_set_addr: Unable to resolve "slurmctl02"
[2026-07-22T06:26:59.504] error: _xgetaddrinfo: getaddrinfo(slurmctl01:6817) failed: System error: Device or resource busy
[2026-07-22T06:26:59.504] error: slurm_set_addr: Unable to resolve "slurmctl01"
[2026-07-22T06:26:59.509] error: _xgetaddrinfo: getaddrinfo(slurmctl02:6817) failed: System error: Device or resource busy
[2026-07-22T06:26:59.509] error: slurm_set_addr: Unable to resolve "slurmctl02"
[2026-07-22T06:27:24.517] error: _xgetaddrinfo: getaddrinfo(slurmctl01:6817) failed: System error: Device or resource busy
[2026-07-22T06:27:24.517] error: slurm_set_addr: Unable to resolve "slurmctl01"
[2026-07-22T06:27:24.523] error: _xgetaddrinfo: getaddrinfo(slurmctl02:6817) failed: System error: Device or resource busy
[2026-07-22T06:27:24.523] error: slurm_set_addr: Unable to resolve "slurmctl02"
[2026-07-22T06:27:49.530] error: _xgetaddrinfo: getaddrinfo(slurmctl01:6817) failed: System error: Device or resource busy
[2026-07-22T06:27:49.530] error: slurm_set_addr: Unable to resolve "slurmctl01"
[2026-07-22T06:27:49.536] error: _xgetaddrinfo: getaddrinfo(slurmctl02:6817) failed: System error: Device or resource busy
[2026-07-22T06:27:49.536] error: slurm_set_addr: Unable to resolve "slurmctl02"
[2026-07-22T06:28:14.544] error: _xgetaddrinfo: getaddrinfo(slurmctl01:6817) failed: System error: Device or resource busy
[2026-07-22T06:28:14.544] error: slurm_set_addr: Unable to resolve "slurmctl01"
[2026-07-22T06:28:14.550] error: _xgetaddrinfo: getaddrinfo(slurmctl02:6817) failed: System error: Device or resource busy
[2026-07-22T06:28:14.550] error: slurm_set_addr: Unable to resolve "slurmctl02"
[2026-07-22T06:28:39.557] error: _xgetaddrinfo: getaddrinfo(slurmctl01:6817) failed: System error: Device or resource busy
[2026-07-22T06:28:39.557] error: slurm_set_addr: Unable to resolve "slurmctl01"
[2026-07-22T06:28:39.562] error: _xgetaddrinfo: getaddrinfo(slurmctl02:6817) failed: System error: Device or resource busy
[2026-07-22T06:28:39.562] error: slurm_set_addr: Unable to resolve "slurmctl02"
[2026-07-22T06:29:04.568] error: _xgetaddrinfo: getaddrinfo(slurmctl01:6817) failed: System error: Device or resource busy
[2026-07-22T06:29:04.568] error: slurm_set_addr: Unable to resolve "slurmctl01"
[2026-07-22T06:29:04.573] error: _xgetaddrinfo: getaddrinfo(slurmctl02:6817) failed: System error: Device or resource busy
[2026-07-22T06:29:04.574] error: slurm_set_addr: Unable to resolve "slurmctl02"
[2026-07-22T06:29:29.581] error: _xgetaddrinfo: getaddrinfo(slurmctl01:6817) failed: System error: Device or resource busy
[2026-07-22T06:29:29.581] error: slurm_set_addr: Unable to resolve "slurmctl01"
[2026-07-22T06:29:29.587] error: _xgetaddrinfo: getaddrinfo(slurmctl02:6817) failed: System error: Device or resource busy
[2026-07-22T06:29:29.587] error: slurm_set_addr: Unable to resolve "slurmctl02"
[2026-07-22T06:29:54.595] error: _xgetaddrinfo: getaddrinfo(slurmctl01:6817) failed: System error: Device or resource busy
[2026-07-22T06:29:54.595] error: slurm_set_addr: Unable to resolve "slurmctl01"
[2026-07-22T06:29:54.601] error: _xgetaddrinfo: getaddrinfo(slurmctl02:6817) failed: System error: Device or resource busy
[2026-07-22T06:29:54.601] error: slurm_set_addr: Unable to resolve "slurmctl02"
[2026-07-22T06:30:19.609] error: _xgetaddrinfo: getaddrinfo(slurmctl01:6817) failed: System error: Device or resource busy
[2026-07-22T06:30:19.609] error: slurm_set_addr: Unable to resolve "slurmctl01"
[2026-07-22T06:30:19.614] error: _xgetaddrinfo: getaddrinfo(slurmctl02:6817) failed: System error: Device or resource busy
[2026-07-22T06:30:19.615] error: slurm_set_addr: Unable to resolve "slurmctl02"
[2026-07-22T06:30:44.622] error: _xgetaddrinfo: getaddrinfo(slurmctl01:6817) failed: System error: Device or resource busy
[2026-07-22T06:30:44.622] error: slurm_set_addr: Unable to resolve "slurmctl01"
[2026-07-22T06:30:44.628] error: _xgetaddrinfo: getaddrinfo(slurmctl02:6817) failed: System error: Device or resource busy
[2026-07-22T06:30:44.628] error: slurm_set_addr: Unable to resolve "slurmctl02"
[2026-07-22T06:31:09.635] error: _xgetaddrinfo: getaddrinfo(slurmctl01:6817) failed: System error: Device or resource busy
[2026-07-22T06:31:09.635] error: slurm_set_addr: Unable to resolve "slurmctl01"
[2026-07-22T06:31:09.640] error: _xgetaddrinfo: getaddrinfo(slurmctl02:6817) failed: System error: Device or resource busy
[2026-07-22T06:31:09.640] error: slurm_set_addr: Unable to resolve "slurmctl02"
[2026-07-22T06:31:34.648] error: _xgetaddrinfo: getaddrinfo(slurmctl01:6817) failed: System error: Device or resource busy
[2026-07-22T06:31:34.648] error: slurm_set_addr: Unable to resolve "slurmctl01"
[2026-07-22T06:31:34.653] error: _xgetaddrinfo: getaddrinfo(slurmctl02:6817) failed: System error: Device or resource busy
[2026-07-22T06:31:34.653] error: slurm_set_addr: Unable to resolve "slurmctl02"
[2026-07-22T06:31:59.659] error: _xgetaddrinfo: getaddrinfo(slurmctl01:6817) failed: System error: Device or resource busy
[2026-07-22T06:31:59.660] error: slurm_set_addr: Unable to resolve "slurmctl01"
[2026-07-22T06:31:59.665] error: _xgetaddrinfo: getaddrinfo(slurmctl02:6817) failed: System error: Device or resource busy
[2026-07-22T06:31:59.665] error: slurm_set_addr: Unable to resolve "slurmctl02"
[2026-07-22T06:32:24.673] error: _xgetaddrinfo: getaddrinfo(slurmctl01:6817) failed: System error: Device or resource busy
[2026-07-22T06:32:24.673] error: slurm_set_addr: Unable to resolve "slurmctl01"
[2026-07-22T06:32:24.678] error: _xgetaddrinfo: getaddrinfo(slurmctl02:6817) failed: System error: Device or resource busy
[2026-07-22T06:32:24.678] error: slurm_set_addr: Unable to resolve "slurmctl02"
[2026-07-22T06:32:49.686] error: _xgetaddrinfo: getaddrinfo(slurmctl01:6817) failed: System error: Device or resource busy
[2026-07-22T06:32:49.686] error: slurm_set_addr: Unable to resolve "slurmctl01"
[2026-07-22T06:32:49.692] error: _xgetaddrinfo: getaddrinfo(slurmctl02:6817) failed: System error: Device or resource busy
[2026-07-22T06:32:49.692] error: slurm_set_addr: Unable to resolve "slurmctl02"
[2026-07-22T06:33:14.699] error: _xgetaddrinfo: getaddrinfo(slurmctl01:6817) failed: System error: Device or resource busy
[2026-07-22T06:33:14.699] error: slurm_set_addr: Unable to resolve "slurmctl01"
[2026-07-22T06:33:14.704] error: _xgetaddrinfo: getaddrinfo(slurmctl02:6817) failed: System error: Device or resource busy
[2026-07-22T06:33:14.704] error: slurm_set_addr: Unable to resolve "slurmctl02"
[2026-07-22T06:33:39.711] error: _xgetaddrinfo: getaddrinfo(slurmctl01:6817) failed: System error: Device or resource busy
[2026-07-22T06:33:39.711] error: slurm_set_addr: Unable to resolve "slurmctl01"
[2026-07-22T06:33:39.717] error: _xgetaddrinfo: getaddrinfo(slurmctl02:6817) failed: System error: Device or resource busy
[2026-07-22T06:33:39.717] error: slurm_set_addr: Unable to resolve "slurmctl02"
[2026-07-22T06:34:04.724] error: _xgetaddrinfo: getaddrinfo(slurmctl01:6817) failed: System error: Device or resource busy
[2026-07-22T06:34:04.724] error: slurm_set_addr: Unable to resolve "slurmctl01"
[2026-07-22T06:34:04.731] error: _xgetaddrinfo: getaddrinfo(slurmctl02:6817) failed: System error: Device or resource busy
[2026-07-22T06:34:04.731] error: slurm_set_addr: Unable to resolve "slurmctl02"
[2026-07-22T06:34:29.738] error: _xgetaddrinfo: getaddrinfo(slurmctl01:6817) failed: System error: Device or resource busy
[2026-07-22T06:34:29.739] error: slurm_set_addr: Unable to resolve "slurmctl01"
[2026-07-22T06:34:29.744] error: _xgetaddrinfo: getaddrinfo(slurmctl02:6817) failed: System error: Device or resource busy
[2026-07-22T06:34:29.745] error: slurm_set_addr: Unable to resolve "slurmctl02"
[2026-07-22T06:34:54.752] error: _xgetaddrinfo: getaddrinfo(slurmctl01:6817) failed: System error: Device or resource busy
[2026-07-22T06:34:54.752] error: slurm_set_addr: Unable to resolve "slurmctl01"
[2026-07-22T06:34:54.757] error: _xgetaddrinfo: getaddrinfo(slurmctl02:6817) failed: System error: Device or resource busy
[2026-07-22T06:34:54.757] error: slurm_set_addr: Unable to resolve "slurmctl02"
[2026-07-22T06:35:19.765] error: _xgetaddrinfo: getaddrinfo(slurmctl01:6817) failed: System error: Device or resource busy
[2026-07-22T06:35:19.765] error: slurm_set_addr: Unable to resolve "slurmctl01"
[2026-07-22T06:35:19.771] error: _xgetaddrinfo: getaddrinfo(slurmctl02:6817) failed: System error: Device or resource busy
[2026-07-22T06:35:19.771] error: slurm_set_addr: Unable to resolve "slurmctl02"
[2026-07-22T06:35:44.779] error: _xgetaddrinfo: getaddrinfo(slurmctl01:6817) failed: System error: Device or resource busy
[2026-07-22T06:35:44.779] error: slurm_set_addr: Unable to resolve "slurmctl01"
[2026-07-22T06:35:44.785] error: _xgetaddrinfo: getaddrinfo(slurmctl02:6817) failed: System error: Device or resource busy
[2026-07-22T06:35:44.785] error: slurm_set_addr: Unable to resolve "slurmctl02"
[2026-07-22T06:36:09.792] error: _xgetaddrinfo: getaddrinfo(slurmctl01:6817) failed: System error: Device or resource busy
[2026-07-22T06:36:09.793] error: slurm_set_addr: Unable to resolve "slurmctl01"
[2026-07-22T06:36:09.798] error: _xgetaddrinfo: getaddrinfo(slurmctl02:6817) failed: System error: Device or resource busy
[2026-07-22T06:36:09.798] error: slurm_set_addr: Unable to resolve "slurmctl02"
[2026-07-22T06:36:34.806] error: _xgetaddrinfo: getaddrinfo(slurmctl01:6817) failed: System error: Device or resource busy
[2026-07-22T06:36:34.807] error: slurm_set_addr: Unable to resolve "slurmctl01"
[2026-07-22T06:36:34.812] error: _xgetaddrinfo: getaddrinfo(slurmctl02:6817) failed: System error: Device or resource busy
[2026-07-22T06:36:34.812] error: slurm_set_addr: Unable to resolve "slurmctl02"
[2026-07-22T06:36:59.820] error: _xgetaddrinfo: getaddrinfo(slurmctl01:6817) failed: System error: Device or resource busy
[2026-07-22T06:36:59.820] error: slurm_set_addr: Unable to resolve "slurmctl01"
[2026-07-22T06:36:59.825] error: _xgetaddrinfo: getaddrinfo(slurmctl02:6817) failed: System error: Device or resource busy
[2026-07-22T06:36:59.825] error: slurm_set_addr: Unable to resolve "slurmctl02"
[2026-07-22T06:37:24.833] error: _xgetaddrinfo: getaddrinfo(slurmctl01:6817) failed: System error: Device or resource busy
[2026-07-22T06:37:24.833] error: slurm_set_addr: Unable to resolve "slurmctl01"
[2026-07-22T06:37:24.839] error: _xgetaddrinfo: getaddrinfo(slurmctl02:6817) failed: System error: Device or resource busy
[2026-07-22T06:37:24.839] error: slurm_set_addr: Unable to resolve "slurmctl02"
[2026-07-22T06:37:49.846] error: _xgetaddrinfo: getaddrinfo(slurmctl01:6817) failed: System error: Device or resource busy
[2026-07-22T06:37:49.846] error: slurm_set_addr: Unable to resolve "slurmctl01"
[2026-07-22T06:37:49.852] error: _xgetaddrinfo: getaddrinfo(slurmctl02:6817) failed: System error: Device or resource busy
[2026-07-22T06:37:49.852] error: slurm_set_addr: Unable to resolve "slurmctl02"
[2026-07-22T06:38:14.859] error: _xgetaddrinfo: getaddrinfo(slurmctl01:6817) failed: System error: Device or resource busy
[2026-07-22T06:38:14.859] error: slurm_set_addr: Unable to resolve "slurmctl01"
[2026-07-22T06:38:14.864] error: _xgetaddrinfo: getaddrinfo(slurmctl02:6817) failed: System error: Device or resource busy
[2026-07-22T06:38:14.865] error: slurm_set_addr: Unable to resolve "slurmctl02"
[2026-07-22T06:38:39.872] error: _xgetaddrinfo: getaddrinfo(slurmctl01:6817) failed: System error: Device or resource busy
[2026-07-22T06:38:39.872] error: slurm_set_addr: Unable to resolve "slurmctl01"
[2026-07-22T06:38:39.877] error: _xgetaddrinfo: getaddrinfo(slurmctl02:6817) failed: System error: Device or resource busy
[2026-07-22T06:38:39.877] error: slurm_set_addr: Unable to resolve "slurmctl02"
[2026-07-22T06:39:04.885] error: _xgetaddrinfo: getaddrinfo(slurmctl01:6817) failed: System error: Device or resource busy
[2026-07-22T06:39:04.885] error: slurm_set_addr: Unable to resolve "slurmctl01"
[2026-07-22T06:39:04.890] error: _xgetaddrinfo: getaddrinfo(slurmctl02:6817) failed: System error: Device or resource busy
[2026-07-22T06:39:04.890] error: slurm_set_addr: Unable to resolve "slurmctl02"
[2026-07-22T06:39:29.898] error: _xgetaddrinfo: getaddrinfo(slurmctl01:6817) failed: System error: Device or resource busy
[2026-07-22T06:39:29.898] error: slurm_set_addr: Unable to resolve "slurmctl01"
[2026-07-22T06:39:29.904] error: _xgetaddrinfo: getaddrinfo(slurmctl02:6817) failed: System error: Device or resource busy
[2026-07-22T06:39:29.904] error: slurm_set_addr: Unable to resolve "slurmctl02"
[2026-07-22T06:39:54.912] error: _xgetaddrinfo: getaddrinfo(slurmctl01:6817) failed: System error: Device or resource busy
[2026-07-22T06:39:54.912] error: slurm_set_addr: Unable to resolve "slurmctl01"
[2026-07-22T06:39:54.917] error: _xgetaddrinfo: getaddrinfo(slurmctl02:6817) failed: System error: Device or resource busy
[2026-07-22T06:39:54.917] error: slurm_set_addr: Unable to resolve "slurmctl02"
[2026-07-22T06:40:19.925] error: _xgetaddrinfo: getaddrinfo(slurmctl01:6817) failed: System error: Device or resource busy
[2026-07-22T06:40:19.925] error: slurm_set_addr: Unable to resolve "slurmctl01"
[2026-07-22T06:40:19.931] error: _xgetaddrinfo: getaddrinfo(slurmctl02:6817) failed: System error: Device or resource busy
[2026-07-22T06:40:19.931] error: slurm_set_addr: Unable to resolve "slurmctl02"
[2026-07-22T06:40:44.939] error: _xgetaddrinfo: getaddrinfo(slurmctl01:6817) failed: System error: Device or resource busy
[2026-07-22T06:40:44.940] error: slurm_set_addr: Unable to resolve "slurmctl01"
[2026-07-22T06:40:44.945] error: _xgetaddrinfo: getaddrinfo(slurmctl02:6817) failed: System error: Device or resource busy
[2026-07-22T06:40:44.945] error: slurm_set_addr: Unable to resolve "slurmctl02"
[2026-07-22T06:41:09.953] error: _xgetaddrinfo: getaddrinfo(slurmctl01:6817) failed: System error: Device or resource busy
[2026-07-22T06:41:09.954] error: slurm_set_addr: Unable to resolve "slurmctl01"
[2026-07-22T06:41:09.959] error: _xgetaddrinfo: getaddrinfo(slurmctl02:6817) failed: System error: Device or resource busy
[2026-07-22T06:41:09.960] error: slurm_set_addr: Unable to resolve "slurmctl02"
[2026-07-22T06:41:34.967] error: _xgetaddrinfo: getaddrinfo(slurmctl01:6817) failed: System error: Device or resource busy
[2026-07-22T06:41:34.967] error: slurm_set_addr: Unable to resolve "slurmctl01"
[2026-07-22T06:41:34.973] error: _xgetaddrinfo: getaddrinfo(slurmctl02:6817) failed: System error: Device or resource busy
[2026-07-22T06:41:34.973] error: slurm_set_addr: Unable to resolve "slurmctl02"
[2026-07-22T06:41:59.981] error: _xgetaddrinfo: getaddrinfo(slurmctl01:6817) failed: System error: Device or resource busy
[2026-07-22T06:41:59.981] error: slurm_set_addr: Unable to resolve "slurmctl01"
[2026-07-22T06:41:59.987] error: _xgetaddrinfo: getaddrinfo(slurmctl02:6817) failed: System error: Device or resource busy
[2026-07-22T06:41:59.987] error: slurm_set_addr: Unable to resolve "slurmctl02"
[2026-07-22T06:42:24.996] error: _xgetaddrinfo: getaddrinfo(slurmctl01:6817) failed: System error: Device or resource busy
[2026-07-22T06:42:24.996] error: slurm_set_addr: Unable to resolve "slurmctl01"
[2026-07-22T06:42:25.002] error: _xgetaddrinfo: getaddrinfo(slurmctl02:6817) failed: System error: Device or resource busy
[2026-07-22T06:42:25.002] error: slurm_set_addr: Unable to resolve "slurmctl02"
[2026-07-22T06:42:50.010] error: _xgetaddrinfo: getaddrinfo(slurmctl01:6817) failed: System error: Device or resource busy
[2026-07-22T06:42:50.010] error: slurm_set_addr: Unable to resolve "slurmctl01"
[2026-07-22T06:42:50.016] error: _xgetaddrinfo: getaddrinfo(slurmctl02:6817) failed: System error: Device or resource busy
[2026-07-22T06:42:50.016] error: slurm_set_addr: Unable to resolve "slurmctl02"
[2026-07-22T06:43:15.024] error: _xgetaddrinfo: getaddrinfo(slurmctl01:6817) failed: System error: Device or resource busy
[2026-07-22T06:43:15.024] error: slurm_set_addr: Unable to resolve "slurmctl01"
[2026-07-22T06:43:15.030] error: _xgetaddrinfo: getaddrinfo(slurmctl02:6817) failed: System error: Device or resource busy
[2026-07-22T06:43:15.030] error: slurm_set_addr: Unable to resolve "slurmctl02"
[2026-07-22T06:43:40.038] error: _xgetaddrinfo: getaddrinfo(slurmctl01:6817) failed: System error: Device or resource busy
[2026-07-22T06:43:40.038] error: slurm_set_addr: Unable to resolve "slurmctl01"
[2026-07-22T06:43:40.044] error: _xgetaddrinfo: getaddrinfo(slurmctl02:6817) failed: System error: Device or resource busy
[2026-07-22T06:43:40.044] error: slurm_set_addr: Unable to resolve "slurmctl02"
[2026-07-22T06:44:05.052] error: _xgetaddrinfo: getaddrinfo(slurmctl01:6817) failed: System error: Device or resource busy
[2026-07-22T06:44:05.052] error: slurm_set_addr: Unable to resolve "slurmctl01"
[2026-07-22T06:44:05.058] error: _xgetaddrinfo: getaddrinfo(slurmctl02:6817) failed: System error: Device or resource busy
[2026-07-22T06:44:05.058] error: slurm_set_addr: Unable to resolve "slurmctl02"
[2026-07-22T06:44:30.065] error: _xgetaddrinfo: getaddrinfo(slurmctl01:6817) failed: System error: Device or resource busy
[2026-07-22T06:44:30.066] error: slurm_set_addr: Unable to resolve "slurmctl01"
[2026-07-22T06:44:30.071] error: _xgetaddrinfo: getaddrinfo(slurmctl02:6817) failed: System error: Device or resource busy
[2026-07-22T06:44:30.071] error: slurm_set_addr: Unable to resolve "slurmctl02"
[2026-07-22T06:44:55.080] error: _xgetaddrinfo: getaddrinfo(slurmctl01:6817) failed: System error: Device or resource busy
[2026-07-22T06:44:55.080] error: slurm_set_addr: Unable to resolve "slurmctl01"
[2026-07-22T06:44:55.085] error: _xgetaddrinfo: getaddrinfo(slurmctl02:6817) failed: System error: Device or resource busy
[2026-07-22T06:44:55.085] error: slurm_set_addr: Unable to resolve "slurmctl02"
[2026-07-22T06:45:20.093] error: _xgetaddrinfo: getaddrinfo(slurmctl01:6817) failed: System error: Device or resource busy
[2026-07-22T06:45:20.093] error: slurm_set_addr: Unable to resolve "slurmctl01"
[2026-07-22T06:45:20.099] error: _xgetaddrinfo: getaddrinfo(slurmctl02:6817) failed: System error: Device or resource busy
[2026-07-22T06:45:20.099] error: slurm_set_addr: Unable to resolve "slurmctl02"
[2026-07-22T06:45:45.106] error: _xgetaddrinfo: getaddrinfo(slurmctl01:6817) failed: System error: Device or resource busy
[2026-07-22T06:45:45.106] error: slurm_set_addr: Unable to resolve "slurmctl01"
[2026-07-22T06:45:45.112] error: _xgetaddrinfo: getaddrinfo(slurmctl02:6817) failed: System error: Device or resource busy
[2026-07-22T06:45:45.112] error: slurm_set_addr: Unable to resolve "slurmctl02"
[2026-07-22T06:46:10.120] error: _xgetaddrinfo: getaddrinfo(slurmctl01:6817) failed: System error: Device or resource busy
[2026-07-22T06:46:10.120] error: slurm_set_addr: Unable to resolve "slurmctl01"
[2026-07-22T06:46:10.125] error: _xgetaddrinfo: getaddrinfo(slurmctl02:6817) failed: System error: Device or resource busy
[2026-07-22T06:46:10.126] error: slurm_set_addr: Unable to resolve "slurmctl02"
[2026-07-22T06:46:35.133] error: _xgetaddrinfo: getaddrinfo(slurmctl01:6817) failed: System error: Device or resource busy
[2026-07-22T06:46:35.133] error: slurm_set_addr: Unable to resolve "slurmctl01"
[2026-07-22T06:46:35.139] error: _xgetaddrinfo: getaddrinfo(slurmctl02:6817) failed: System error: Device or resource busy
[2026-07-22T06:46:35.139] error: slurm_set_addr: Unable to resolve "slurmctl02"
[2026-07-22T06:47:00.147] error: _xgetaddrinfo: getaddrinfo(slurmctl01:6817) failed: System error: Device or resource busy
[2026-07-22T06:47:00.148] error: slurm_set_addr: Unable to resolve "slurmctl01"
[2026-07-22T06:47:00.153] error: _xgetaddrinfo: getaddrinfo(slurmctl02:6817) failed: System error: Device or resource busy
[2026-07-22T06:47:00.154] error: slurm_set_addr: Unable to resolve "slurmctl02"
[2026-07-22T06:47:25.161] error: _xgetaddrinfo: getaddrinfo(slurmctl01:6817) failed: System error: Device or resource busy
[2026-07-22T06:47:25.161] error: slurm_set_addr: Unable to resolve "slurmctl01"
[2026-07-22T06:47:25.167] error: _xgetaddrinfo: getaddrinfo(slurmctl02:6817) failed: System error: Device or resource busy
[2026-07-22T06:47:25.167] error: slurm_set_addr: Unable to resolve "slurmctl02"
[2026-07-22T06:47:50.175] error: _xgetaddrinfo: getaddrinfo(slurmctl01:6817) failed: System error: Device or resource busy
[2026-07-22T06:47:50.175] error: slurm_set_addr: Unable to resolve "slurmctl01"
[2026-07-22T06:47:50.180] error: _xgetaddrinfo: getaddrinfo(slurmctl02:6817) failed: System error: Device or resource busy
[2026-07-22T06:47:50.180] error: slurm_set_addr: Unable to resolve "slurmctl02"
[2026-07-22T06:48:15.188] error: _xgetaddrinfo: getaddrinfo(slurmctl01:6817) failed: System error: Device or resource busy
[2026-07-22T06:48:15.188] error: slurm_set_addr: Unable to resolve "slurmctl01"
[2026-07-22T06:48:15.194] error: _xgetaddrinfo: getaddrinfo(slurmctl02:6817) failed: System error: Device or resource busy
[2026-07-22T06:48:15.194] error: slurm_set_addr: Unable to resolve "slurmctl02"
[2026-07-22T06:48:40.202] error: _xgetaddrinfo: getaddrinfo(slurmctl01:6817) failed: System error: Device or resource busy
[2026-07-22T06:48:40.202] error: slurm_set_addr: Unable to resolve "slurmctl01"
[2026-07-22T06:48:40.208] error: _xgetaddrinfo: getaddrinfo(slurmctl02:6817) failed: System error: Device or resource busy
[2026-07-22T06:48:40.208] error: slurm_set_addr: Unable to resolve "slurmctl02"
[2026-07-22T06:49:05.216] error: _xgetaddrinfo: getaddrinfo(slurmctl01:6817) failed: System error: Device or resource busy
[2026-07-22T06:49:05.216] error: slurm_set_addr: Unable to resolve "slurmctl01"
[2026-07-22T06:49:05.221] error: _xgetaddrinfo: getaddrinfo(slurmctl02:6817) failed: System error: Device or resource busy
[2026-07-22T06:49:05.221] error: slurm_set_addr: Unable to resolve "slurmctl02"
[2026-07-22T06:49:30.229] error: _xgetaddrinfo: getaddrinfo(slurmctl01:6817) failed: System error: Device or resource busy
[2026-07-22T06:49:30.229] error: slurm_set_addr: Unable to resolve "slurmctl01"
[2026-07-22T06:49:30.235] error: _xgetaddrinfo: getaddrinfo(slurmctl02:6817) failed: System error: Device or resource busy
[2026-07-22T06:49:30.235] error: slurm_set_addr: Unable to resolve "slurmctl02"
[2026-07-22T06:49:55.243] error: _xgetaddrinfo: getaddrinfo(slurmctl01:6817) failed: System error: Device or resource busy
[2026-07-22T06:49:55.243] error: slurm_set_addr: Unable to resolve "slurmctl01"
[2026-07-22T06:49:55.249] error: _xgetaddrinfo: getaddrinfo(slurmctl02:6817) failed: System error: Device or resource busy
[2026-07-22T06:49:55.249] error: slurm_set_addr: Unable to resolve "slurmctl02"
[2026-07-22T06:50:20.257] error: _xgetaddrinfo: getaddrinfo(slurmctl01:6817) failed: System error: Device or resource busy
[2026-07-22T06:50:20.258] error: slurm_set_addr: Unable to resolve "slurmctl01"
[2026-07-22T06:50:20.263] error: _xgetaddrinfo: getaddrinfo(slurmctl02:6817) failed: System error: Device or resource busy
[2026-07-22T06:50:20.263] error: slurm_set_addr: Unable to resolve "slurmctl02"
[2026-07-22T06:50:45.271] error: _xgetaddrinfo: getaddrinfo(slurmctl01:6817) failed: System error: Device or resource busy
[2026-07-22T06:50:45.271] error: slurm_set_addr: Unable to resolve "slurmctl01"
[2026-07-22T06:50:45.276] error: _xgetaddrinfo: getaddrinfo(slurmctl02:6817) failed: System error: Device or resource busy
[2026-07-22T06:50:45.277] error: slurm_set_addr: Unable to resolve "slurmctl02"
[2026-07-22T06:51:10.284] error: _xgetaddrinfo: getaddrinfo(slurmctl01:6817) failed: System error: Device or resource busy
[2026-07-22T06:51:10.285] error: slurm_set_addr: Unable to resolve "slurmctl01"
[2026-07-22T06:51:10.290] error: _xgetaddrinfo: getaddrinfo(slurmctl02:6817) failed: System error: Device or resource busy
[2026-07-22T06:51:10.290] error: slurm_set_addr: Unable to resolve "slurmctl02"
[2026-07-22T06:51:35.298] error: _xgetaddrinfo: getaddrinfo(slurmctl01:6817) failed: System error: Device or resource busy
[2026-07-22T06:51:35.298] error: slurm_set_addr: Unable to resolve "slurmctl01"
[2026-07-22T06:51:35.305] error: _xgetaddrinfo: getaddrinfo(slurmctl02:6817) failed: System error: Device or resource busy
[2026-07-22T06:51:35.305] error: slurm_set_addr: Unable to resolve "slurmctl02"
[2026-07-22T06:52:00.313] error: _xgetaddrinfo: getaddrinfo(slurmctl01:6817) failed: System error: Device or resource busy
[2026-07-22T06:52:00.313] error: slurm_set_addr: Unable to resolve "slurmctl01"
[2026-07-22T06:52:00.319] error: _xgetaddrinfo: getaddrinfo(slurmctl02:6817) failed: System error: Device or resource busy
[2026-07-22T06:52:00.319] error: slurm_set_addr: Unable to resolve "slurmctl02"
[2026-07-22T06:52:25.327] error: _xgetaddrinfo: getaddrinfo(slurmctl01:6817) failed: System error: Device or resource busy
[2026-07-22T06:52:25.328] error: slurm_set_addr: Unable to resolve "slurmctl01"
[2026-07-22T06:52:25.333] error: _xgetaddrinfo: getaddrinfo(slurmctl02:6817) failed: System error: Device or resource busy
[2026-07-22T06:52:25.333] error: slurm_set_addr: Unable to resolve "slurmctl02"
[2026-07-22T06:52:50.341] error: _xgetaddrinfo: getaddrinfo(slurmctl01:6817) failed: System error: Device or resource busy
[2026-07-22T06:52:50.341] error: slurm_set_addr: Unable to resolve "slurmctl01"
[2026-07-22T06:52:50.346] error: _xgetaddrinfo: getaddrinfo(slurmctl02:6817) failed: System error: Device or resource busy
[2026-07-22T06:52:50.347] error: slurm_set_addr: Unable to resolve "slurmctl02"
[2026-07-22T06:53:15.358] error: _xgetaddrinfo: getaddrinfo(slurmctl01:6817) failed: System error: Device or resource busy
[2026-07-22T06:53:15.358] error: slurm_set_addr: Unable to resolve "slurmctl01"
[2026-07-22T06:53:15.363] error: _xgetaddrinfo: getaddrinfo(slurmctl02:6817) failed: System error: Device or resource busy
[2026-07-22T06:53:15.363] error: slurm_set_addr: Unable to resolve "slurmctl02"
[2026-07-22T06:53:40.372] error: _xgetaddrinfo: getaddrinfo(slurmctl01:6817) failed: System error: Device or resource busy
[2026-07-22T06:53:40.372] error: slurm_set_addr: Unable to resolve "slurmctl01"
[2026-07-22T06:53:40.377] error: _xgetaddrinfo: getaddrinfo(slurmctl02:6817) failed: System error: Device or resource busy
[2026-07-22T06:53:40.377] error: slurm_set_addr: Unable to resolve "slurmctl02"
[2026-07-22T06:54:05.385] error: _xgetaddrinfo: getaddrinfo(slurmctl01:6817) failed: System error: Device or resource busy
[2026-07-22T06:54:05.385] error: slurm_set_addr: Unable to resolve "slurmctl01"
[2026-07-22T06:54:05.391] error: _xgetaddrinfo: getaddrinfo(slurmctl02:6817) failed: System error: Device or resource busy
[2026-07-22T06:54:05.391] error: slurm_set_addr: Unable to resolve "slurmctl02"
[2026-07-22T06:54:30.399] error: _xgetaddrinfo: getaddrinfo(slurmctl01:6817) failed: System error: Device or resource busy
[2026-07-22T06:54:30.399] error: slurm_set_addr: Unable to resolve "slurmctl01"
[2026-07-22T06:54:30.404] error: _xgetaddrinfo: getaddrinfo(slurmctl02:6817) failed: System error: Device or resource busy
[2026-07-22T06:54:30.405] error: slurm_set_addr: Unable to resolve "slurmctl02"
[2026-07-22T06:54:55.412] error: _xgetaddrinfo: getaddrinfo(slurmctl01:6817) failed: System error: Device or resource busy
[2026-07-22T06:54:55.412] error: slurm_set_addr: Unable to resolve "slurmctl01"
[2026-07-22T06:54:55.418] error: _xgetaddrinfo: getaddrinfo(slurmctl02:6817) failed: System error: Device or resource busy
[2026-07-22T06:54:55.418] error: slurm_set_addr: Unable to resolve "slurmctl02"
[2026-07-22T06:55:20.427] error: _xgetaddrinfo: getaddrinfo(slurmctl01:6817) failed: System error: Device or resource busy
[2026-07-22T06:55:20.427] error: slurm_set_addr: Unable to resolve "slurmctl01"
[2026-07-22T06:55:20.433] error: _xgetaddrinfo: getaddrinfo(slurmctl02:6817) failed: System error: Device or resource busy
[2026-07-22T06:55:20.433] error: slurm_set_addr: Unable to resolve "slurmctl02"
[2026-07-22T06:55:45.441] error: _xgetaddrinfo: getaddrinfo(slurmctl01:6817) failed: System error: Device or resource busy
[2026-07-22T06:55:45.441] error: slurm_set_addr: Unable to resolve "slurmctl01"
[2026-07-22T06:55:45.447] error: _xgetaddrinfo: getaddrinfo(slurmctl02:6817) failed: System error: Device or resource busy
[2026-07-22T06:55:45.447] error: slurm_set_addr: Unable to resolve "slurmctl02"
[2026-07-22T06:56:10.455] error: _xgetaddrinfo: getaddrinfo(slurmctl01:6817) failed: System error: Device or resource busy
[2026-07-22T06:56:10.455] error: slurm_set_addr: Unable to resolve "slurmctl01"
[2026-07-22T06:56:10.461] error: _xgetaddrinfo: getaddrinfo(slurmctl02:6817) failed: System error: Device or resource busy
[2026-07-22T06:56:10.461] error: slurm_set_addr: Unable to resolve "slurmctl02"
[2026-07-22T06:56:35.469] error: _xgetaddrinfo: getaddrinfo(slurmctl01:6817) failed: System error: Device or resource busy
[2026-07-22T06:56:35.469] error: slurm_set_addr: Unable to resolve "slurmctl01"
[2026-07-22T06:56:35.474] error: _xgetaddrinfo: getaddrinfo(slurmctl02:6817) failed: System error: Device or resource busy
[2026-07-22T06:56:35.474] error: slurm_set_addr: Unable to resolve "slurmctl02"
[2026-07-22T06:57:00.482] error: _xgetaddrinfo: getaddrinfo(slurmctl01:6817) failed: System error: Device or resource busy
[2026-07-22T06:57:00.482] error: slurm_set_addr: Unable to resolve "slurmctl01"
[2026-07-22T06:57:00.488] error: _xgetaddrinfo: getaddrinfo(slurmctl02:6817) failed: System error: Device or resource busy
[2026-07-22T06:57:00.488] error: slurm_set_addr: Unable to resolve "slurmctl02"
[2026-07-22T06:57:25.495] error: _xgetaddrinfo: getaddrinfo(slurmctl01:6817) failed: System error: Device or resource busy
[2026-07-22T06:57:25.496] error: slurm_set_addr: Unable to resolve "slurmctl01"
[2026-07-22T06:57:25.501] error: _xgetaddrinfo: getaddrinfo(slurmctl02:6817) failed: System error: Device or resource busy
[2026-07-22T06:57:25.501] error: slurm_set_addr: Unable to resolve "slurmctl02"
[2026-07-22T06:57:50.509] error: _xgetaddrinfo: getaddrinfo(slurmctl01:6817) failed: System error: Device or resource busy
[2026-07-22T06:57:50.509] error: slurm_set_addr: Unable to resolve "slurmctl01"
[2026-07-22T06:57:50.515] error: _xgetaddrinfo: getaddrinfo(slurmctl02:6817) failed: System error: Device or resource busy
[2026-07-22T06:57:50.515] error: slurm_set_addr: Unable to resolve "slurmctl02"
[2026-07-22T06:58:15.523] error: _xgetaddrinfo: getaddrinfo(slurmctl01:6817) failed: System error: Device or resource busy
[2026-07-22T06:58:15.523] error: slurm_set_addr: Unable to resolve "slurmctl01"
[2026-07-22T06:58:15.529] error: _xgetaddrinfo: getaddrinfo(slurmctl02:6817) failed: System error: Device or resource busy
[2026-07-22T06:58:15.529] error: slurm_set_addr: Unable to resolve "slurmctl02"
[2026-07-22T06:58:40.538] error: _xgetaddrinfo: getaddrinfo(slurmctl01:6817) failed: System error: Device or resource busy
[2026-07-22T06:58:40.538] error: slurm_set_addr: Unable to resolve "slurmctl01"
[2026-07-22T06:58:40.543] error: _xgetaddrinfo: getaddrinfo(slurmctl02:6817) failed: System error: Device or resource busy
[2026-07-22T06:58:40.543] error: slurm_set_addr: Unable to resolve "slurmctl02"
[2026-07-22T06:59:05.551] error: _xgetaddrinfo: getaddrinfo(slurmctl01:6817) failed: System error: Device or resource busy
[2026-07-22T06:59:05.551] error: slurm_set_addr: Unable to resolve "slurmctl01"
[2026-07-22T06:59:05.556] error: _xgetaddrinfo: getaddrinfo(slurmctl02:6817) failed: System error: Device or resource busy
[2026-07-22T06:59:05.557] error: slurm_set_addr: Unable to resolve "slurmctl02"
[2026-07-22T06:59:30.565] error: _xgetaddrinfo: getaddrinfo(slurmctl01:6817) failed: System error: Device or resource busy
[2026-07-22T06:59:30.566] error: slurm_set_addr: Unable to resolve "slurmctl01"
[2026-07-22T06:59:30.571] error: _xgetaddrinfo: getaddrinfo(slurmctl02:6817) failed: System error: Device or resource busy
[2026-07-22T06:59:30.571] error: slurm_set_addr: Unable to resolve "slurmctl02"
[2026-07-22T06:59:55.580] error: _xgetaddrinfo: getaddrinfo(slurmctl01:6817) failed: System error: Device or resource busy
[2026-07-22T06:59:55.580] error: slurm_set_addr: Unable to resolve "slurmctl01"
[2026-07-22T06:59:55.585] error: _xgetaddrinfo: getaddrinfo(slurmctl02:6817) failed: System error: Device or resource busy
[2026-07-22T06:59:55.585] error: slurm_set_addr: Unable to resolve "slurmctl02"
[2026-07-22T07:00:20.594] error: _xgetaddrinfo: getaddrinfo(slurmctl01:6817) failed: System error: Device or resource busy
[2026-07-22T07:00:20.594] error: slurm_set_addr: Unable to resolve "slurmctl01"
[2026-07-22T07:00:20.599] error: _xgetaddrinfo: getaddrinfo(slurmctl02:6817) failed: System error: Device or resource busy
[2026-07-22T07:00:20.599] error: slurm_set_addr: Unable to resolve "slurmctl02"
[2026-07-22T07:00:45.608] error: _xgetaddrinfo: getaddrinfo(slurmctl01:6817) failed: System error: Device or resource busy
[2026-07-22T07:00:45.608] error: slurm_set_addr: Unable to resolve "slurmctl01"
[2026-07-22T07:00:45.613] error: _xgetaddrinfo: getaddrinfo(slurmctl02:6817) failed: System error: Device or resource busy
[2026-07-22T07:00:45.613] error: slurm_set_addr: Unable to resolve "slurmctl02"
[2026-07-22T07:01:10.621] error: _xgetaddrinfo: getaddrinfo(slurmctl01:6817) failed: System error: Device or resource busy
[2026-07-22T07:01:10.621] error: slurm_set_addr: Unable to resolve "slurmctl01"
[2026-07-22T07:01:10.626] error: _xgetaddrinfo: getaddrinfo(slurmctl02:6817) failed: System error: Device or resource busy
[2026-07-22T07:01:10.626] error: slurm_set_addr: Unable to resolve "slurmctl02"
[2026-07-22T07:01:35.634] error: _xgetaddrinfo: getaddrinfo(slurmctl01:6817) failed: System error: Device or resource busy
[2026-07-22T07:01:35.634] error: slurm_set_addr: Unable to resolve "slurmctl01"
[2026-07-22T07:01:35.640] error: _xgetaddrinfo: getaddrinfo(slurmctl02:6817) failed: System error: Device or resource busy
[2026-07-22T07:01:35.640] error: slurm_set_addr: Unable to resolve "slurmctl02"
[2026-07-22T07:02:00.648] error: _xgetaddrinfo: getaddrinfo(slurmctl01:6817) failed: System error: Device or resource busy
[2026-07-22T07:02:00.648] error: slurm_set_addr: Unable to resolve "slurmctl01"
[2026-07-22T07:02:00.654] error: _xgetaddrinfo: getaddrinfo(slurmctl02:6817) failed: System error: Device or resource busy
[2026-07-22T07:02:00.654] error: slurm_set_addr: Unable to resolve "slurmctl02"
[2026-07-22T07:02:25.661] error: _xgetaddrinfo: getaddrinfo(slurmctl01:6817) failed: System error: Device or resource busy
[2026-07-22T07:02:25.661] error: slurm_set_addr: Unable to resolve "slurmctl01"
[2026-07-22T07:02:25.667] error: _xgetaddrinfo: getaddrinfo(slurmctl02:6817) failed: System error: Device or resource busy
[2026-07-22T07:02:25.667] error: slurm_set_addr: Unable to resolve "slurmctl02"
[2026-07-22T07:02:50.675] error: _xgetaddrinfo: getaddrinfo(slurmctl01:6817) failed: System error: Device or resource busy
[2026-07-22T07:02:50.675] error: slurm_set_addr: Unable to resolve "slurmctl01"
[2026-07-22T07:02:50.680] error: _xgetaddrinfo: getaddrinfo(slurmctl02:6817) failed: System error: Device or resource busy
[2026-07-22T07:02:50.680] error: slurm_set_addr: Unable to resolve "slurmctl02"
[2026-07-22T07:03:15.688] error: _xgetaddrinfo: getaddrinfo(slurmctl01:6817) failed: System error: Device or resource busy
[2026-07-22T07:03:15.688] error: slurm_set_addr: Unable to resolve "slurmctl01"
[2026-07-22T07:03:15.694] error: _xgetaddrinfo: getaddrinfo(slurmctl02:6817) failed: System error: Device or resource busy
[2026-07-22T07:03:15.694] error: slurm_set_addr: Unable to resolve "slurmctl02"
[2026-07-22T07:03:40.702] error: _xgetaddrinfo: getaddrinfo(slurmctl01:6817) failed: System error: Device or resource busy
[2026-07-22T07:03:40.702] error: slurm_set_addr: Unable to resolve "slurmctl01"
[2026-07-22T07:03:40.708] error: _xgetaddrinfo: getaddrinfo(slurmctl02:6817) failed: System error: Device or resource busy
[2026-07-22T07:03:40.708] error: slurm_set_addr: Unable to resolve "slurmctl02"
[2026-07-22T07:04:05.716] error: _xgetaddrinfo: getaddrinfo(slurmctl01:6817) failed: System error: Device or resource busy
[2026-07-22T07:04:05.717] error: slurm_set_addr: Unable to resolve "slurmctl01"
[2026-07-22T07:04:05.722] error: _xgetaddrinfo: getaddrinfo(slurmctl02:6817) failed: System error: Device or resource busy
[2026-07-22T07:04:05.722] error: slurm_set_addr: Unable to resolve "slurmctl02"
[2026-07-22T07:04:30.729] error: _xgetaddrinfo: getaddrinfo(slurmctl01:6817) failed: System error: Device or resource busy
[2026-07-22T07:04:30.730] error: slurm_set_addr: Unable to resolve "slurmctl01"
[2026-07-22T07:04:30.735] error: _xgetaddrinfo: getaddrinfo(slurmctl02:6817) failed: System error: Device or resource busy
[2026-07-22T07:04:30.735] error: slurm_set_addr: Unable to resolve "slurmctl02"
[2026-07-22T07:04:55.743] error: _xgetaddrinfo: getaddrinfo(slurmctl01:6817) failed: System error: Device or resource busy
[2026-07-22T07:04:55.743] error: slurm_set_addr: Unable to resolve "slurmctl01"
[2026-07-22T07:04:55.749] error: _xgetaddrinfo: getaddrinfo(slurmctl02:6817) failed: System error: Device or resource busy
[2026-07-22T07:04:55.749] error: slurm_set_addr: Unable to resolve "slurmctl02"
[2026-07-22T07:05:20.756] error: _xgetaddrinfo: getaddrinfo(slurmctl01:6817) failed: System error: Device or resource busy
[2026-07-22T07:05:20.756] error: slurm_set_addr: Unable to resolve "slurmctl01"
[2026-07-22T07:05:20.761] error: _xgetaddrinfo: getaddrinfo(slurmctl02:6817) failed: System error: Device or resource busy
[2026-07-22T07:05:20.761] error: slurm_set_addr: Unable to resolve "slurmctl02"
[2026-07-22T07:05:45.770] error: _xgetaddrinfo: getaddrinfo(slurmctl01:6817) failed: System error: Device or resource busy
[2026-07-22T07:05:45.770] error: slurm_set_addr: Unable to resolve "slurmctl01"
[2026-07-22T07:05:45.775] error: _xgetaddrinfo: getaddrinfo(slurmctl02:6817) failed: System error: Device or resource busy
[2026-07-22T07:05:45.775] error: slurm_set_addr: Unable to resolve "slurmctl02"
[2026-07-22T07:06:10.783] error: _xgetaddrinfo: getaddrinfo(slurmctl01:6817) failed: System error: Device or resource busy
[2026-07-22T07:06:10.783] error: slurm_set_addr: Unable to resolve "slurmctl01"
[2026-07-22T07:06:10.789] error: _xgetaddrinfo: getaddrinfo(slurmctl02:6817) failed: System error: Device or resource busy
[2026-07-22T07:06:10.789] error: slurm_set_addr: Unable to resolve "slurmctl02"
[2026-07-22T07:06:35.797] error: _xgetaddrinfo: getaddrinfo(slurmctl01:6817) failed: System error: Device or resource busy
[2026-07-22T07:06:35.797] error: slurm_set_addr: Unable to resolve "slurmctl01"
[2026-07-22T07:06:35.803] error: _xgetaddrinfo: getaddrinfo(slurmctl02:6817) failed: System error: Device or resource busy
[2026-07-22T07:06:35.803] error: slurm_set_addr: Unable to resolve "slurmctl02"
[2026-07-22T07:07:00.811] error: _xgetaddrinfo: getaddrinfo(slurmctl01:6817) failed: System error: Device or resource busy
[2026-07-22T07:07:00.811] error: slurm_set_addr: Unable to resolve "slurmctl01"
[2026-07-22T07:07:00.817] error: _xgetaddrinfo: getaddrinfo(slurmctl02:6817) failed: System error: Device or resource busy
[2026-07-22T07:07:00.817] error: slurm_set_addr: Unable to resolve "slurmctl02"
[2026-07-22T07:07:25.825] error: _xgetaddrinfo: getaddrinfo(slurmctl01:6817) failed: System error: Device or resource busy
[2026-07-22T07:07:25.825] error: slurm_set_addr: Unable to resolve "slurmctl01"
[2026-07-22T07:07:25.831] error: _xgetaddrinfo: getaddrinfo(slurmctl02:6817) failed: System error: Device or resource busy
[2026-07-22T07:07:25.831] error: slurm_set_addr: Unable to resolve "slurmctl02"
[2026-07-22T07:07:50.839] error: _xgetaddrinfo: getaddrinfo(slurmctl01:6817) failed: System error: Device or resource busy
[2026-07-22T07:07:50.839] error: slurm_set_addr: Unable to resolve "slurmctl01"
[2026-07-22T07:07:50.845] error: _xgetaddrinfo: getaddrinfo(slurmctl02:6817) failed: System error: Device or resource busy
[2026-07-22T07:07:50.845] error: slurm_set_addr: Unable to resolve "slurmctl02"
[2026-07-22T07:08:15.853] error: _xgetaddrinfo: getaddrinfo(slurmctl01:6817) failed: System error: Device or resource busy
[2026-07-22T07:08:15.853] error: slurm_set_addr: Unable to resolve "slurmctl01"
[2026-07-22T07:08:15.858] error: _xgetaddrinfo: getaddrinfo(slurmctl02:6817) failed: System error: Device or resource busy
[2026-07-22T07:08:15.858] error: slurm_set_addr: Unable to resolve "slurmctl02"
[2026-07-22T07:08:40.867] error: _xgetaddrinfo: getaddrinfo(slurmctl01:6817) failed: System error: Device or resource busy
[2026-07-22T07:08:40.867] error: slurm_set_addr: Unable to resolve "slurmctl01"
[2026-07-22T07:08:40.872] error: _xgetaddrinfo: getaddrinfo(slurmctl02:6817) failed: System error: Device or resource busy
[2026-07-22T07:08:40.872] error: slurm_set_addr: Unable to resolve "slurmctl02"
[2026-07-22T07:09:05.881] error: _xgetaddrinfo: getaddrinfo(slurmctl01:6817) failed: System error: Device or resource busy
[2026-07-22T07:09:05.881] error: slurm_set_addr: Unable to resolve "slurmctl01"
[2026-07-22T07:09:05.887] error: _xgetaddrinfo: getaddrinfo(slurmctl02:6817) failed: System error: Device or resource busy
[2026-07-22T07:09:05.887] error: slurm_set_addr: Unable to resolve "slurmctl02"
[2026-07-22T07:09:30.896] error: _xgetaddrinfo: getaddrinfo(slurmctl01:6817) failed: System error: Device or resource busy
[2026-07-22T07:09:30.896] error: slurm_set_addr: Unable to resolve "slurmctl01"
[2026-07-22T07:09:30.901] error: _xgetaddrinfo: getaddrinfo(slurmctl02:6817) failed: System error: Device or resource busy
[2026-07-22T07:09:30.901] error: slurm_set_addr: Unable to resolve "slurmctl02"
[2026-07-22T07:09:55.910] error: _xgetaddrinfo: getaddrinfo(slurmctl01:6817) failed: System error: Device or resource busy
[2026-07-22T07:09:55.910] error: slurm_set_addr: Unable to resolve "slurmctl01"
[2026-07-22T07:09:55.915] error: _xgetaddrinfo: getaddrinfo(slurmctl02:6817) failed: System error: Device or resource busy
[2026-07-22T07:09:55.915] error: slurm_set_addr: Unable to resolve "slurmctl02"
[2026-07-22T07:10:20.923] error: _xgetaddrinfo: getaddrinfo(slurmctl01:6817) failed: System error: Device or resource busy
[2026-07-22T07:10:20.923] error: slurm_set_addr: Unable to resolve "slurmctl01"
[2026-07-22T07:10:20.929] error: _xgetaddrinfo: getaddrinfo(slurmctl02:6817) failed: System error: Device or resource busy
[2026-07-22T07:10:20.929] error: slurm_set_addr: Unable to resolve "slurmctl02"
[2026-07-22T07:10:45.937] error: _xgetaddrinfo: getaddrinfo(slurmctl01:6817) failed: System error: Device or resource busy
[2026-07-22T07:10:45.937] error: slurm_set_addr: Unable to resolve "slurmctl01"
[2026-07-22T07:10:45.942] error: _xgetaddrinfo: getaddrinfo(slurmctl02:6817) failed: System error: Device or resource busy
[2026-07-22T07:10:45.942] error: slurm_set_addr: Unable to resolve "slurmctl02"
[2026-07-22T07:11:10.950] error: _xgetaddrinfo: getaddrinfo(slurmctl01:6817) failed: System error: Device or resource busy
[2026-07-22T07:11:10.950] error: slurm_set_addr: Unable to resolve "slurmctl01"
[2026-07-22T07:11:10.956] error: _xgetaddrinfo: getaddrinfo(slurmctl02:6817) failed: System error: Device or resource busy
[2026-07-22T07:11:10.956] error: slurm_set_addr: Unable to resolve "slurmctl02"
[2026-07-22T07:11:35.964] error: _xgetaddrinfo: getaddrinfo(slurmctl01:6817) failed: System error: Device or resource busy
[2026-07-22T07:11:35.964] error: slurm_set_addr: Unable to resolve "slurmctl01"
[2026-07-22T07:11:35.968] error: _xgetaddrinfo: getaddrinfo(slurmctl02:6817) failed: System error: Device or resource busy
[2026-07-22T07:11:35.968] error: slurm_set_addr: Unable to resolve "slurmctl02"
[2026-07-22T07:12:00.977] error: _xgetaddrinfo: getaddrinfo(slurmctl01:6817) failed: System error: Device or resource busy
[2026-07-22T07:12:00.977] error: slurm_set_addr: Unable to resolve "slurmctl01"
[2026-07-22T07:12:00.983] error: _xgetaddrinfo: getaddrinfo(slurmctl02:6817) failed: System error: Device or resource busy
[2026-07-22T07:12:00.983] error: slurm_set_addr: Unable to resolve "slurmctl02"
[2026-07-22T07:12:25.990] error: _xgetaddrinfo: getaddrinfo(slurmctl01:6817) failed: System error: Device or resource busy
[2026-07-22T07:12:25.990] error: slurm_set_addr: Unable to resolve "slurmctl01"
[2026-07-22T07:12:25.996] error: _xgetaddrinfo: getaddrinfo(slurmctl02:6817) failed: System error: Device or resource busy
[2026-07-22T07:12:25.996] error: slurm_set_addr: Unable to resolve "slurmctl02"
[2026-07-22T07:12:51.004] error: _xgetaddrinfo: getaddrinfo(slurmctl01:6817) failed: System error: Device or resource busy
[2026-07-22T07:12:51.004] error: slurm_set_addr: Unable to resolve "slurmctl01"
[2026-07-22T07:12:51.010] error: _xgetaddrinfo: getaddrinfo(slurmctl02:6817) failed: System error: Device or resource busy
[2026-07-22T07:12:51.010] error: slurm_set_addr: Unable to resolve "slurmctl02"
[2026-07-22T07:13:16.018] error: _xgetaddrinfo: getaddrinfo(slurmctl01:6817) failed: System error: Device or resource busy
[2026-07-22T07:13:16.018] error: slurm_set_addr: Unable to resolve "slurmctl01"
[2026-07-22T07:13:16.023] error: _xgetaddrinfo: getaddrinfo(slurmctl02:6817) failed: System error: Device or resource busy
[2026-07-22T07:13:16.023] error: slurm_set_addr: Unable to resolve "slurmctl02"
[2026-07-22T07:13:41.031] error: _xgetaddrinfo: getaddrinfo(slurmctl01:6817) failed: System error: Device or resource busy
[2026-07-22T07:13:41.031] error: slurm_set_addr: Unable to resolve "slurmctl01"
[2026-07-22T07:13:41.037] error: _xgetaddrinfo: getaddrinfo(slurmctl02:6817) failed: System error: Device or resource busy
[2026-07-22T07:13:41.037] error: slurm_set_addr: Unable to resolve "slurmctl02"
[2026-07-22T07:14:06.045] error: _xgetaddrinfo: getaddrinfo(slurmctl01:6817) failed: System error: Device or resource busy
[2026-07-22T07:14:06.045] error: slurm_set_addr: Unable to resolve "slurmctl01"
[2026-07-22T07:14:06.050] error: _xgetaddrinfo: getaddrinfo(slurmctl02:6817) failed: System error: Device or resource busy
[2026-07-22T07:14:06.050] error: slurm_set_addr: Unable to resolve "slurmctl02"
[2026-07-22T07:14:31.057] error: _xgetaddrinfo: getaddrinfo(slurmctl01:6817) failed: System error: Device or resource busy
[2026-07-22T07:14:31.057] error: slurm_set_addr: Unable to resolve "slurmctl01"
[2026-07-22T07:14:31.062] error: _xgetaddrinfo: getaddrinfo(slurmctl02:6817) failed: System error: Device or resource busy
[2026-07-22T07:14:31.063] error: slurm_set_addr: Unable to resolve "slurmctl02"
[2026-07-22T07:14:56.071] error: _xgetaddrinfo: getaddrinfo(slurmctl01:6817) failed: System error: Device or resource busy
[2026-07-22T07:14:56.071] error: slurm_set_addr: Unable to resolve "slurmctl01"
[2026-07-22T07:14:56.077] error: _xgetaddrinfo: getaddrinfo(slurmctl02:6817) failed: System error: Device or resource busy
[2026-07-22T07:14:56.077] error: slurm_set_addr: Unable to resolve "slurmctl02"
[2026-07-22T07:15:21.085] error: _xgetaddrinfo: getaddrinfo(slurmctl01:6817) failed: System error: Device or resource busy
[2026-07-22T07:15:21.086] error: slurm_set_addr: Unable to resolve "slurmctl01"
[2026-07-22T07:15:21.091] error: _xgetaddrinfo: getaddrinfo(slurmctl02:6817) failed: System error: Device or resource busy
[2026-07-22T07:15:21.091] error: slurm_set_addr: Unable to resolve "slurmctl02"
[2026-07-22T07:15:46.099] error: _xgetaddrinfo: getaddrinfo(slurmctl01:6817) failed: System error: Device or resource busy
[2026-07-22T07:15:46.099] error: slurm_set_addr: Unable to resolve "slurmctl01"
[2026-07-22T07:15:46.105] error: _xgetaddrinfo: getaddrinfo(slurmctl02:6817) failed: System error: Device or resource busy
[2026-07-22T07:15:46.105] error: slurm_set_addr: Unable to resolve "slurmctl02"
[2026-07-22T07:16:11.113] error: _xgetaddrinfo: getaddrinfo(slurmctl01:6817) failed: System error: Device or resource busy
[2026-07-22T07:16:11.113] error: slurm_set_addr: Unable to resolve "slurmctl01"
[2026-07-22T07:16:11.118] error: _xgetaddrinfo: getaddrinfo(slurmctl02:6817) failed: System error: Device or resource busy
[2026-07-22T07:16:11.118] error: slurm_set_addr: Unable to resolve "slurmctl02"
[2026-07-22T07:16:36.126] error: _xgetaddrinfo: getaddrinfo(slurmctl01:6817) failed: System error: Device or resource busy
[2026-07-22T07:16:36.126] error: slurm_set_addr: Unable to resolve "slurmctl01"
[2026-07-22T07:16:36.131] error: _xgetaddrinfo: getaddrinfo(slurmctl02:6817) failed: System error: Device or resource busy
[2026-07-22T07:16:36.131] error: slurm_set_addr: Unable to resolve "slurmctl02"
[2026-07-22T07:17:01.140] error: _xgetaddrinfo: getaddrinfo(slurmctl01:6817) failed: System error: Device or resource busy
[2026-07-22T07:17:01.140] error: slurm_set_addr: Unable to resolve "slurmctl01"
[2026-07-22T07:17:01.145] error: _xgetaddrinfo: getaddrinfo(slurmctl02:6817) failed: System error: Device or resource busy
[2026-07-22T07:17:01.145] error: slurm_set_addr: Unable to resolve "slurmctl02"
[2026-07-22T07:17:26.153] error: _xgetaddrinfo: getaddrinfo(slurmctl01:6817) failed: System error: Device or resource busy
[2026-07-22T07:17:26.153] error: slurm_set_addr: Unable to resolve "slurmctl01"
[2026-07-22T07:17:26.159] error: _xgetaddrinfo: getaddrinfo(slurmctl02:6817) failed: System error: Device or resource busy
[2026-07-22T07:17:26.159] error: slurm_set_addr: Unable to resolve "slurmctl02"
[2026-07-22T07:17:51.167] error: _xgetaddrinfo: getaddrinfo(slurmctl01:6817) failed: System error: Device or resource busy
[2026-07-22T07:17:51.167] error: slurm_set_addr: Unable to resolve "slurmctl01"
[2026-07-22T07:17:51.173] error: _xgetaddrinfo: getaddrinfo(slurmctl02:6817) failed: System error: Device or resource busy
[2026-07-22T07:17:51.173] error: slurm_set_addr: Unable to resolve "slurmctl02"
[2026-07-22T07:18:16.181] error: _xgetaddrinfo: getaddrinfo(slurmctl01:6817) failed: System error: Device or resource busy
[2026-07-22T07:18:16.181] error: slurm_set_addr: Unable to resolve "slurmctl01"
[2026-07-22T07:18:16.186] error: _xgetaddrinfo: getaddrinfo(slurmctl02:6817) failed: System error: Device or resource busy
[2026-07-22T07:18:16.187] error: slurm_set_addr: Unable to resolve "slurmctl02"
[2026-07-22T07:18:41.194] error: _xgetaddrinfo: getaddrinfo(slurmctl01:6817) failed: System error: Device or resource busy
[2026-07-22T07:18:41.194] error: slurm_set_addr: Unable to resolve "slurmctl01"
[2026-07-22T07:18:41.200] error: _xgetaddrinfo: getaddrinfo(slurmctl02:6817) failed: System error: Device or resource busy
[2026-07-22T07:18:41.200] error: slurm_set_addr: Unable to resolve "slurmctl02"
[2026-07-22T07:19:06.207] error: _xgetaddrinfo: getaddrinfo(slurmctl01:6817) failed: System error: Device or resource busy
[2026-07-22T07:19:06.207] error: slurm_set_addr: Unable to resolve "slurmctl01"
[2026-07-22T07:19:06.213] error: _xgetaddrinfo: getaddrinfo(slurmctl02:6817) failed: System error: Device or resource busy
[2026-07-22T07:19:06.213] error: slurm_set_addr: Unable to resolve "slurmctl02"
[2026-07-22T07:19:31.221] error: _xgetaddrinfo: getaddrinfo(slurmctl01:6817) failed: System error: Device or resource busy
[2026-07-22T07:19:31.222] error: slurm_set_addr: Unable to resolve "slurmctl01"
[2026-07-22T07:19:31.226] error: _xgetaddrinfo: getaddrinfo(slurmctl02:6817) failed: System error: Device or resource busy
[2026-07-22T07:19:31.227] error: slurm_set_addr: Unable to resolve "slurmctl02"
[2026-07-22T07:19:56.234] error: _xgetaddrinfo: getaddrinfo(slurmctl01:6817) failed: System error: Device or resource busy
[2026-07-22T07:19:56.234] error: slurm_set_addr: Unable to resolve "slurmctl01"
[2026-07-22T07:19:56.240] error: _xgetaddrinfo: getaddrinfo(slurmctl02:6817) failed: System error: Device or resource busy
[2026-07-22T07:19:56.240] error: slurm_set_addr: Unable to resolve "slurmctl02"
[2026-07-22T07:20:21.248] error: _xgetaddrinfo: getaddrinfo(slurmctl01:6817) failed: System error: Device or resource busy
[2026-07-22T07:20:21.248] error: slurm_set_addr: Unable to resolve "slurmctl01"
[2026-07-22T07:20:21.253] error: _xgetaddrinfo: getaddrinfo(slurmctl02:6817) failed: System error: Device or resource busy
[2026-07-22T07:20:21.254] error: slurm_set_addr: Unable to resolve "slurmctl02"
[2026-07-22T07:20:46.261] error: _xgetaddrinfo: getaddrinfo(slurmctl01:6817) failed: System error: Device or resource busy
[2026-07-22T07:20:46.261] error: slurm_set_addr: Unable to resolve "slurmctl01"
[2026-07-22T07:20:46.267] error: _xgetaddrinfo: getaddrinfo(slurmctl02:6817) failed: System error: Device or resource busy
[2026-07-22T07:20:46.267] error: slurm_set_addr: Unable to resolve "slurmctl02"
[2026-07-22T07:21:11.276] error: _xgetaddrinfo: getaddrinfo(slurmctl01:6817) failed: System error: Device or resource busy
[2026-07-22T07:21:11.276] error: slurm_set_addr: Unable to resolve "slurmctl01"
[2026-07-22T07:21:11.282] error: _xgetaddrinfo: getaddrinfo(slurmctl02:6817) failed: System error: Device or resource busy
[2026-07-22T07:21:11.282] error: slurm_set_addr: Unable to resolve "slurmctl02"
[2026-07-22T07:21:36.289] error: _xgetaddrinfo: getaddrinfo(slurmctl01:6817) failed: System error: Device or resource busy
[2026-07-22T07:21:36.289] error: slurm_set_addr: Unable to resolve "slurmctl01"
[2026-07-22T07:21:36.295] error: _xgetaddrinfo: getaddrinfo(slurmctl02:6817) failed: System error: Device or resource busy
[2026-07-22T07:21:36.295] error: slurm_set_addr: Unable to resolve "slurmctl02"
[2026-07-22T07:22:01.303] error: _xgetaddrinfo: getaddrinfo(slurmctl01:6817) failed: System error: Device or resource busy
[2026-07-22T07:22:01.303] error: slurm_set_addr: Unable to resolve "slurmctl01"
[2026-07-22T07:22:01.309] error: _xgetaddrinfo: getaddrinfo(slurmctl02:6817) failed: System error: Device or resource busy
[2026-07-22T07:22:01.309] error: slurm_set_addr: Unable to resolve "slurmctl02"
[2026-07-22T07:22:26.316] error: _xgetaddrinfo: getaddrinfo(slurmctl01:6817) failed: System error: Device or resource busy
[2026-07-22T07:22:26.317] error: slurm_set_addr: Unable to resolve "slurmctl01"
[2026-07-22T07:22:26.322] error: _xgetaddrinfo: getaddrinfo(slurmctl02:6817) failed: System error: Device or resource busy
[2026-07-22T07:22:26.323] error: slurm_set_addr: Unable to resolve "slurmctl02"
[2026-07-22T07:22:51.330] error: _xgetaddrinfo: getaddrinfo(slurmctl01:6817) failed: System error: Device or resource busy
[2026-07-22T07:22:51.331] error: slurm_set_addr: Unable to resolve "slurmctl01"
[2026-07-22T07:22:51.336] error: _xgetaddrinfo: getaddrinfo(slurmctl02:6817) failed: System error: Device or resource busy
[2026-07-22T07:22:51.336] error: slurm_set_addr: Unable to resolve "slurmctl02"
[2026-07-22T07:23:16.344] error: _xgetaddrinfo: getaddrinfo(slurmctl01:6817) failed: System error: Device or resource busy
[2026-07-22T07:23:16.344] error: slurm_set_addr: Unable to resolve "slurmctl01"
[2026-07-22T07:23:16.350] error: _xgetaddrinfo: getaddrinfo(slurmctl02:6817) failed: System error: Device or resource busy
[2026-07-22T07:23:16.350] error: slurm_set_addr: Unable to resolve "slurmctl02"
[2026-07-22T07:23:41.357] error: _xgetaddrinfo: getaddrinfo(slurmctl01:6817) failed: System error: Device or resource busy
[2026-07-22T07:23:41.357] error: slurm_set_addr: Unable to resolve "slurmctl01"
[2026-07-22T07:23:41.363] error: _xgetaddrinfo: getaddrinfo(slurmctl02:6817) failed: System error: Device or resource busy
[2026-07-22T07:23:41.363] error: slurm_set_addr: Unable to resolve "slurmctl02"
[2026-07-22T07:24:06.371] error: _xgetaddrinfo: getaddrinfo(slurmctl01:6817) failed: System error: Device or resource busy
[2026-07-22T07:24:06.371] error: slurm_set_addr: Unable to resolve "slurmctl01"
[2026-07-22T07:24:06.377] error: _xgetaddrinfo: getaddrinfo(slurmctl02:6817) failed: System error: Device or resource busy
[2026-07-22T07:24:06.377] error: slurm_set_addr: Unable to resolve "slurmctl02"
[2026-07-22T07:24:31.384] error: _xgetaddrinfo: getaddrinfo(slurmctl01:6817) failed: System error: Device or resource busy
[2026-07-22T07:24:31.384] error: slurm_set_addr: Unable to resolve "slurmctl01"
[2026-07-22T07:24:31.390] error: _xgetaddrinfo: getaddrinfo(slurmctl02:6817) failed: System error: Device or resource busy
[2026-07-22T07:24:31.390] error: slurm_set_addr: Unable to resolve "slurmctl02"
[2026-07-22T07:24:56.398] error: _xgetaddrinfo: getaddrinfo(slurmctl01:6817) failed: System error: Device or resource busy
[2026-07-22T07:24:56.398] error: slurm_set_addr: Unable to resolve "slurmctl01"
[2026-07-22T07:24:56.404] error: _xgetaddrinfo: getaddrinfo(slurmctl02:6817) failed: System error: Device or resource busy
[2026-07-22T07:24:56.404] error: slurm_set_addr: Unable to resolve "slurmctl02"
[2026-07-22T07:25:21.411] error: _xgetaddrinfo: getaddrinfo(slurmctl01:6817) failed: System error: Device or resource busy
[2026-07-22T07:25:21.411] error: slurm_set_addr: Unable to resolve "slurmctl01"
[2026-07-22T07:25:21.417] error: _xgetaddrinfo: getaddrinfo(slurmctl02:6817) failed: System error: Device or resource busy
[2026-07-22T07:25:21.417] error: slurm_set_addr: Unable to resolve "slurmctl02"
[2026-07-22T07:25:55.333] error: _xgetaddrinfo: getaddrinfo(slurmctl01:6817) failed: System error: Device or resource busy
[2026-07-22T07:25:55.333] error: slurm_set_addr: Unable to resolve "slurmctl01"
[2026-07-22T07:26:00.337] error: _xgetaddrinfo: getaddrinfo(slurmctl02:6817) failed: System error: Device or resource busy
[2026-07-22T07:26:00.337] error: slurm_set_addr: Unable to resolve "slurmctl02"
[2026-07-22T07:26:30.345] error: _xgetaddrinfo: getaddrinfo(slurmctl01:6817) failed: System error: Device or resource busy
[2026-07-22T07:26:30.345] error: slurm_set_addr: Unable to resolve "slurmctl01"
[2026-07-22T07:26:35.382] error: _xgetaddrinfo: getaddrinfo(slurmctl02:6817) failed: System error: Device or resource busy
[2026-07-22T07:26:35.382] error: slurm_set_addr: Unable to resolve "slurmctl02"
[2026-07-22T07:27:06.371] error: _xgetaddrinfo: getaddrinfo(slurmctl01:6817) failed: System error: Device or resource busy
[2026-07-22T07:27:06.371] error: slurm_set_addr: Unable to resolve "slurmctl01"
[2026-07-22T07:27:11.378] error: _xgetaddrinfo: getaddrinfo(slurmctl02:6817) failed: System error: Device or resource busy
[2026-07-22T07:27:11.378] error: slurm_set_addr: Unable to resolve "slurmctl02"
[2026-07-22T07:27:36.385] error: _xgetaddrinfo: getaddrinfo(slurmctl01:6817) failed: System error: Device or resource busy
[2026-07-22T07:27:36.385] error: slurm_set_addr: Unable to resolve "slurmctl01"
[2026-07-22T07:27:36.390] error: _xgetaddrinfo: getaddrinfo(slurmctl02:6817) failed: System error: Device or resource busy
[2026-07-22T07:27:36.390] error: slurm_set_addr: Unable to resolve "slurmctl02"
[2026-07-22T07:28:01.398] error: _xgetaddrinfo: getaddrinfo(slurmctl01:6817) failed: System error: Device or resource busy
[2026-07-22T07:28:01.398] error: slurm_set_addr: Unable to resolve "slurmctl01"
[2026-07-22T07:28:01.403] error: _xgetaddrinfo: getaddrinfo(slurmctl02:6817) failed: System error: Device or resource busy
[2026-07-22T07:28:01.403] error: slurm_set_addr: Unable to resolve "slurmctl02"
[2026-07-22T07:28:26.410] error: _xgetaddrinfo: getaddrinfo(slurmctl01:6817) failed: System error: Device or resource busy
[2026-07-22T07:28:26.410] error: slurm_set_addr: Unable to resolve "slurmctl01"
[2026-07-22T07:28:26.415] error: _xgetaddrinfo: getaddrinfo(slurmctl02:6817) failed: System error: Device or resource busy
[2026-07-22T07:28:26.416] error: slurm_set_addr: Unable to resolve "slurmctl02"
[2026-07-22T07:28:51.423] error: _xgetaddrinfo: getaddrinfo(slurmctl01:6817) failed: System error: Device or resource busy
[2026-07-22T07:28:51.423] error: slurm_set_addr: Unable to resolve "slurmctl01"
[2026-07-22T07:28:51.428] error: _xgetaddrinfo: getaddrinfo(slurmctl02:6817) failed: System error: Device or resource busy
[2026-07-22T07:28:51.428] error: slurm_set_addr: Unable to resolve "slurmctl02"
[2026-07-22T07:29:16.435] error: _xgetaddrinfo: getaddrinfo(slurmctl01:6817) failed: System error: Device or resource busy
[2026-07-22T07:29:16.436] error: slurm_set_addr: Unable to resolve "slurmctl01"
[2026-07-22T07:29:16.440] error: _xgetaddrinfo: getaddrinfo(slurmctl02:6817) failed: System error: Device or resource busy
[2026-07-22T07:29:16.441] error: slurm_set_addr: Unable to resolve "slurmctl02"
[2026-07-22T07:29:41.448] error: _xgetaddrinfo: getaddrinfo(slurmctl01:6817) failed: System error: Device or resource busy
[2026-07-22T07:29:41.448] error: slurm_set_addr: Unable to resolve "slurmctl01"
[2026-07-22T07:29:41.454] error: _xgetaddrinfo: getaddrinfo(slurmctl02:6817) failed: System error: Device or resource busy
[2026-07-22T07:29:41.454] error: slurm_set_addr: Unable to resolve "slurmctl02"
[2026-07-22T07:30:06.460] error: _xgetaddrinfo: getaddrinfo(slurmctl01:6817) failed: System error: Device or resource busy
[2026-07-22T07:30:06.460] error: slurm_set_addr: Unable to resolve "slurmctl01"
[2026-07-22T07:30:06.466] error: _xgetaddrinfo: getaddrinfo(slurmctl02:6817) failed: System error: Device or resource busy
[2026-07-22T07:30:06.466] error: slurm_set_addr: Unable to resolve "slurmctl02"
[2026-07-22T07:30:31.474] error: _xgetaddrinfo: getaddrinfo(slurmctl01:6817) failed: System error: Device or resource busy
[2026-07-22T07:30:31.474] error: slurm_set_addr: Unable to resolve "slurmctl01"
[2026-07-22T07:30:31.480] error: _xgetaddrinfo: getaddrinfo(slurmctl02:6817) failed: System error: Device or resource busy
[2026-07-22T07:30:31.480] error: slurm_set_addr: Unable to resolve "slurmctl02"
[2026-07-22T07:30:56.487] error: _xgetaddrinfo: getaddrinfo(slurmctl01:6817) failed: System error: Device or resource busy
[2026-07-22T07:30:56.488] error: slurm_set_addr: Unable to resolve "slurmctl01"
[2026-07-22T07:30:56.493] error: _xgetaddrinfo: getaddrinfo(slurmctl02:6817) failed: System error: Device or resource busy
[2026-07-22T07:30:56.493] error: slurm_set_addr: Unable to resolve "slurmctl02"
[2026-07-22T07:31:21.500] error: _xgetaddrinfo: getaddrinfo(slurmctl01:6817) failed: System error: Device or resource busy
[2026-07-22T07:31:21.500] error: slurm_set_addr: Unable to resolve "slurmctl01"
[2026-07-22T07:31:21.505] error: _xgetaddrinfo: getaddrinfo(slurmctl02:6817) failed: System error: Device or resource busy
[2026-07-22T07:31:21.505] error: slurm_set_addr: Unable to resolve "slurmctl02"
[2026-07-22T07:31:46.513] error: _xgetaddrinfo: getaddrinfo(slurmctl01:6817) failed: System error: Device or resource busy
[2026-07-22T07:31:46.513] error: slurm_set_addr: Unable to resolve "slurmctl01"
[2026-07-22T07:31:46.519] error: _xgetaddrinfo: getaddrinfo(slurmctl02:6817) failed: System error: Device or resource busy
[2026-07-22T07:31:46.519] error: slurm_set_addr: Unable to resolve "slurmctl02"
[2026-07-22T07:32:11.526] error: _xgetaddrinfo: getaddrinfo(slurmctl01:6817) failed: System error: Device or resource busy
[2026-07-22T07:32:11.526] error: slurm_set_addr: Unable to resolve "slurmctl01"
[2026-07-22T07:32:11.531] error: _xgetaddrinfo: getaddrinfo(slurmctl02:6817) failed: System error: Device or resource busy
[2026-07-22T07:32:11.532] error: slurm_set_addr: Unable to resolve "slurmctl02"
[2026-07-22T07:32:36.538] error: _xgetaddrinfo: getaddrinfo(slurmctl01:6817) failed: System error: Device or resource busy
[2026-07-22T07:32:36.539] error: slurm_set_addr: Unable to resolve "slurmctl01"
[2026-07-22T07:32:36.544] error: _xgetaddrinfo: getaddrinfo(slurmctl02:6817) failed: System error: Device or resource busy
[2026-07-22T07:32:36.544] error: slurm_set_addr: Unable to resolve "slurmctl02"
[2026-07-22T07:33:01.551] error: _xgetaddrinfo: getaddrinfo(slurmctl01:6817) failed: System error: Device or resource busy
[2026-07-22T07:33:01.551] error: slurm_set_addr: Unable to resolve "slurmctl01"
[2026-07-22T07:33:01.556] error: _xgetaddrinfo: getaddrinfo(slurmctl02:6817) failed: System error: Device or resource busy
[2026-07-22T07:33:01.556] error: slurm_set_addr: Unable to resolve "slurmctl02"
[2026-07-22T07:33:26.563] error: _xgetaddrinfo: getaddrinfo(slurmctl01:6817) failed: System error: Device or resource busy
[2026-07-22T07:33:26.563] error: slurm_set_addr: Unable to resolve "slurmctl01"
[2026-07-22T07:33:26.568] error: _xgetaddrinfo: getaddrinfo(slurmctl02:6817) failed: System error: Device or resource busy
[2026-07-22T07:33:26.568] error: slurm_set_addr: Unable to resolve "slurmctl02"
[2026-07-22T07:33:51.575] error: _xgetaddrinfo: getaddrinfo(slurmctl01:6817) failed: System error: Device or resource busy
[2026-07-22T07:33:51.575] error: slurm_set_addr: Unable to resolve "slurmctl01"
[2026-07-22T07:33:51.581] error: _xgetaddrinfo: getaddrinfo(slurmctl02:6817) failed: System error: Device or resource busy
[2026-07-22T07:33:51.581] error: slurm_set_addr: Unable to resolve "slurmctl02"
[2026-07-22T07:34:16.588] error: _xgetaddrinfo: getaddrinfo(slurmctl01:6817) failed: System error: Device or resource busy
[2026-07-22T07:34:16.588] error: slurm_set_addr: Unable to resolve "slurmctl01"
[2026-07-22T07:34:16.594] error: _xgetaddrinfo: getaddrinfo(slurmctl02:6817) failed: System error: Device or resource busy
[2026-07-22T07:34:16.594] error: slurm_set_addr: Unable to resolve "slurmctl02"
[2026-07-22T07:34:41.602] error: _xgetaddrinfo: getaddrinfo(slurmctl01:6817) failed: System error: Device or resource busy
[2026-07-22T07:34:41.602] error: slurm_set_addr: Unable to resolve "slurmctl01"
[2026-07-22T07:34:41.607] error: _xgetaddrinfo: getaddrinfo(slurmctl02:6817) failed: System error: Device or resource busy
[2026-07-22T07:34:41.607] error: slurm_set_addr: Unable to resolve "slurmctl02"
[2026-07-22T07:35:06.614] error: _xgetaddrinfo: getaddrinfo(slurmctl01:6817) failed: System error: Device or resource busy
[2026-07-22T07:35:06.614] error: slurm_set_addr: Unable to resolve "slurmctl01"
[2026-07-22T07:35:06.619] error: _xgetaddrinfo: getaddrinfo(slurmctl02:6817) failed: System error: Device or resource busy
[2026-07-22T07:35:06.619] error: slurm_set_addr: Unable to resolve "slurmctl02"
[2026-07-22T07:35:31.626] error: _xgetaddrinfo: getaddrinfo(slurmctl01:6817) failed: System error: Device or resource busy
[2026-07-22T07:35:31.626] error: slurm_set_addr: Unable to resolve "slurmctl01"
[2026-07-22T07:35:31.632] error: _xgetaddrinfo: getaddrinfo(slurmctl02:6817) failed: System error: Device or resource busy
[2026-07-22T07:35:31.632] error: slurm_set_addr: Unable to resolve "slurmctl02"
[2026-07-22T07:35:56.640] error: _xgetaddrinfo: getaddrinfo(slurmctl01:6817) failed: System error: Device or resource busy
[2026-07-22T07:35:56.640] error: slurm_set_addr: Unable to resolve "slurmctl01"
[2026-07-22T07:35:56.645] error: _xgetaddrinfo: getaddrinfo(slurmctl02:6817) failed: System error: Device or resource busy
[2026-07-22T07:35:56.645] error: slurm_set_addr: Unable to resolve "slurmctl02"
[2026-07-22T07:36:21.653] error: _xgetaddrinfo: getaddrinfo(slurmctl01:6817) failed: System error: Device or resource busy
[2026-07-22T07:36:21.653] error: slurm_set_addr: Unable to resolve "slurmctl01"
[2026-07-22T07:36:21.658] error: _xgetaddrinfo: getaddrinfo(slurmctl02:6817) failed: System error: Device or resource busy
[2026-07-22T07:36:21.658] error: slurm_set_addr: Unable to resolve "slurmctl02"
[2026-07-22T07:36:46.666] error: _xgetaddrinfo: getaddrinfo(slurmctl01:6817) failed: System error: Device or resource busy
[2026-07-22T07:36:46.666] error: slurm_set_addr: Unable to resolve "slurmctl01"
[2026-07-22T07:36:46.671] error: _xgetaddrinfo: getaddrinfo(slurmctl02:6817) failed: System error: Device or resource busy
[2026-07-22T07:36:46.672] error: slurm_set_addr: Unable to resolve "slurmctl02"
[2026-07-22T07:37:11.679] error: _xgetaddrinfo: getaddrinfo(slurmctl01:6817) failed: System error: Device or resource busy
[2026-07-22T07:37:11.679] error: slurm_set_addr: Unable to resolve "slurmctl01"
[2026-07-22T07:37:11.684] error: _xgetaddrinfo: getaddrinfo(slurmctl02:6817) failed: System error: Device or resource busy
[2026-07-22T07:37:11.684] error: slurm_set_addr: Unable to resolve "slurmctl02"
[2026-07-22T07:37:36.691] error: _xgetaddrinfo: getaddrinfo(slurmctl01:6817) failed: System error: Device or resource busy
[2026-07-22T07:37:36.691] error: slurm_set_addr: Unable to resolve "slurmctl01"
[2026-07-22T07:37:36.697] error: _xgetaddrinfo: getaddrinfo(slurmctl02:6817) failed: System error: Device or resource busy
[2026-07-22T07:37:36.697] error: slurm_set_addr: Unable to resolve "slurmctl02"
[2026-07-22T07:38:01.704] error: _xgetaddrinfo: getaddrinfo(slurmctl01:6817) failed: System error: Device or resource busy
[2026-07-22T07:38:01.704] error: slurm_set_addr: Unable to resolve "slurmctl01"
[2026-07-22T07:38:01.710] error: _xgetaddrinfo: getaddrinfo(slurmctl02:6817) failed: System error: Device or resource busy
[2026-07-22T07:38:01.710] error: slurm_set_addr: Unable to resolve "slurmctl02"
[2026-07-22T07:38:26.717] error: _xgetaddrinfo: getaddrinfo(slurmctl01:6817) failed: System error: Device or resource busy
[2026-07-22T07:38:26.717] error: slurm_set_addr: Unable to resolve "slurmctl01"
[2026-07-22T07:38:26.723] error: _xgetaddrinfo: getaddrinfo(slurmctl02:6817) failed: System error: Device or resource busy
[2026-07-22T07:38:26.723] error: slurm_set_addr: Unable to resolve "slurmctl02"
[2026-07-22T07:38:51.730] error: _xgetaddrinfo: getaddrinfo(slurmctl01:6817) failed: System error: Device or resource busy
[2026-07-22T07:38:51.730] error: slurm_set_addr: Unable to resolve "slurmctl01"
[2026-07-22T07:38:51.735] error: _xgetaddrinfo: getaddrinfo(slurmctl02:6817) failed: System error: Device or resource busy
[2026-07-22T07:38:51.735] error: slurm_set_addr: Unable to resolve "slurmctl02"
[2026-07-22T07:39:16.743] error: _xgetaddrinfo: getaddrinfo(slurmctl01:6817) failed: System error: Device or resource busy
[2026-07-22T07:39:16.743] error: slurm_set_addr: Unable to resolve "slurmctl01"
[2026-07-22T07:39:16.749] error: _xgetaddrinfo: getaddrinfo(slurmctl02:6817) failed: System error: Device or resource busy
[2026-07-22T07:39:16.749] error: slurm_set_addr: Unable to resolve "slurmctl02"
[2026-07-22T07:39:41.756] error: _xgetaddrinfo: getaddrinfo(slurmctl01:6817) failed: System error: Device or resource busy
[2026-07-22T07:39:41.756] error: slurm_set_addr: Unable to resolve "slurmctl01"
[2026-07-22T07:39:41.761] error: _xgetaddrinfo: getaddrinfo(slurmctl02:6817) failed: System error: Device or resource busy
[2026-07-22T07:39:41.761] error: slurm_set_addr: Unable to resolve "slurmctl02"
[2026-07-22T07:40:06.769] error: _xgetaddrinfo: getaddrinfo(slurmctl01:6817) failed: System error: Device or resource busy
[2026-07-22T07:40:06.769] error: slurm_set_addr: Unable to resolve "slurmctl01"
[2026-07-22T07:40:06.774] error: _xgetaddrinfo: getaddrinfo(slurmctl02:6817) failed: System error: Device or resource busy
[2026-07-22T07:40:06.774] error: slurm_set_addr: Unable to resolve "slurmctl02"
[2026-07-22T07:40:31.782] error: _xgetaddrinfo: getaddrinfo(slurmctl01:6817) failed: System error: Device or resource busy
[2026-07-22T07:40:31.782] error: slurm_set_addr: Unable to resolve "slurmctl01"
[2026-07-22T07:40:31.787] error: _xgetaddrinfo: getaddrinfo(slurmctl02:6817) failed: System error: Device or resource busy
[2026-07-22T07:40:31.788] error: slurm_set_addr: Unable to resolve "slurmctl02"
[2026-07-22T07:40:56.795] error: _xgetaddrinfo: getaddrinfo(slurmctl01:6817) failed: System error: Device or resource busy
[2026-07-22T07:40:56.795] error: slurm_set_addr: Unable to resolve "slurmctl01"
[2026-07-22T07:40:56.801] error: _xgetaddrinfo: getaddrinfo(slurmctl02:6817) failed: System error: Device or resource busy
[2026-07-22T07:40:56.801] error: slurm_set_addr: Unable to resolve "slurmctl02"
[2026-07-22T07:41:21.808] error: _xgetaddrinfo: getaddrinfo(slurmctl01:6817) failed: System error: Device or resource busy
[2026-07-22T07:41:21.808] error: slurm_set_addr: Unable to resolve "slurmctl01"
[2026-07-22T07:41:21.813] error: _xgetaddrinfo: getaddrinfo(slurmctl02:6817) failed: System error: Device or resource busy
[2026-07-22T07:41:21.813] error: slurm_set_addr: Unable to resolve "slurmctl02"
[2026-07-22T07:41:46.820] error: _xgetaddrinfo: getaddrinfo(slurmctl01:6817) failed: System error: Device or resource busy
[2026-07-22T07:41:46.820] error: slurm_set_addr: Unable to resolve "slurmctl01"
[2026-07-22T07:41:46.825] error: _xgetaddrinfo: getaddrinfo(slurmctl02:6817) failed: System error: Device or resource busy
[2026-07-22T07:41:46.825] error: slurm_set_addr: Unable to resolve "slurmctl02"
[2026-07-22T07:42:11.832] error: _xgetaddrinfo: getaddrinfo(slurmctl01:6817) failed: System error: Device or resource busy
[2026-07-22T07:42:11.832] error: slurm_set_addr: Unable to resolve "slurmctl01"
[2026-07-22T07:42:11.837] error: _xgetaddrinfo: getaddrinfo(slurmctl02:6817) failed: System error: Device or resource busy
[2026-07-22T07:42:11.837] error: slurm_set_addr: Unable to resolve "slurmctl02"
[2026-07-22T07:42:36.845] error: _xgetaddrinfo: getaddrinfo(slurmctl01:6817) failed: System error: Device or resource busy
[2026-07-22T07:42:36.845] error: slurm_set_addr: Unable to resolve "slurmctl01"
[2026-07-22T07:42:36.850] error: _xgetaddrinfo: getaddrinfo(slurmctl02:6817) failed: System error: Device or resource busy
[2026-07-22T07:42:36.851] error: slurm_set_addr: Unable to resolve "slurmctl02"
[2026-07-22T07:43:01.858] error: _xgetaddrinfo: getaddrinfo(slurmctl01:6817) failed: System error: Device or resource busy
[2026-07-22T07:43:01.858] error: slurm_set_addr: Unable to resolve "slurmctl01"
[2026-07-22T07:43:01.864] error: _xgetaddrinfo: getaddrinfo(slurmctl02:6817) failed: System error: Device or resource busy
[2026-07-22T07:43:01.864] error: slurm_set_addr: Unable to resolve "slurmctl02"
[2026-07-22T07:43:26.871] error: _xgetaddrinfo: getaddrinfo(slurmctl01:6817) failed: System error: Device or resource busy
[2026-07-22T07:43:26.872] error: slurm_set_addr: Unable to resolve "slurmctl01"
[2026-07-22T07:43:26.877] error: _xgetaddrinfo: getaddrinfo(slurmctl02:6817) failed: System error: Device or resource busy
[2026-07-22T07:43:26.877] error: slurm_set_addr: Unable to resolve "slurmctl02"
[2026-07-22T07:43:51.884] error: _xgetaddrinfo: getaddrinfo(slurmctl01:6817) failed: System error: Device or resource busy
[2026-07-22T07:43:51.884] error: slurm_set_addr: Unable to resolve "slurmctl01"
[2026-07-22T07:43:51.890] error: _xgetaddrinfo: getaddrinfo(slurmctl02:6817) failed: System error: Device or resource busy
[2026-07-22T07:43:51.890] error: slurm_set_addr: Unable to resolve "slurmctl02"
[2026-07-22T07:44:16.897] error: _xgetaddrinfo: getaddrinfo(slurmctl01:6817) failed: System error: Device or resource busy
[2026-07-22T07:44:16.897] error: slurm_set_addr: Unable to resolve "slurmctl01"
[2026-07-22T07:44:16.903] error: _xgetaddrinfo: getaddrinfo(slurmctl02:6817) failed: System error: Device or resource busy
[2026-07-22T07:44:16.903] error: slurm_set_addr: Unable to resolve "slurmctl02"
[2026-07-22T07:44:41.910] error: _xgetaddrinfo: getaddrinfo(slurmctl01:6817) failed: System error: Device or resource busy
[2026-07-22T07:44:41.911] error: slurm_set_addr: Unable to resolve "slurmctl01"
[2026-07-22T07:44:41.916] error: _xgetaddrinfo: getaddrinfo(slurmctl02:6817) failed: System error: Device or resource busy
[2026-07-22T07:44:41.916] error: slurm_set_addr: Unable to resolve "slurmctl02"
[2026-07-22T07:45:06.923] error: _xgetaddrinfo: getaddrinfo(slurmctl01:6817) failed: System error: Device or resource busy
[2026-07-22T07:45:06.923] error: slurm_set_addr: Unable to resolve "slurmctl01"
[2026-07-22T07:45:06.927] error: _xgetaddrinfo: getaddrinfo(slurmctl02:6817) failed: System error: Device or resource busy
[2026-07-22T07:45:06.928] error: slurm_set_addr: Unable to resolve "slurmctl02"
[2026-07-22T07:45:31.935] error: _xgetaddrinfo: getaddrinfo(slurmctl01:6817) failed: System error: Device or resource busy
[2026-07-22T07:45:31.935] error: slurm_set_addr: Unable to resolve "slurmctl01"
[2026-07-22T07:45:31.941] error: _xgetaddrinfo: getaddrinfo(slurmctl02:6817) failed: System error: Device or resource busy
[2026-07-22T07:45:31.941] error: slurm_set_addr: Unable to resolve "slurmctl02"
[2026-07-22T07:45:56.948] error: _xgetaddrinfo: getaddrinfo(slurmctl01:6817) failed: System error: Device or resource busy
[2026-07-22T07:45:56.948] error: slurm_set_addr: Unable to resolve "slurmctl01"
[2026-07-22T07:45:56.954] error: _xgetaddrinfo: getaddrinfo(slurmctl02:6817) failed: System error: Device or resource busy
[2026-07-22T07:45:56.954] error: slurm_set_addr: Unable to resolve "slurmctl02"
[2026-07-22T07:46:21.961] error: _xgetaddrinfo: getaddrinfo(slurmctl01:6817) failed: System error: Device or resource busy
[2026-07-22T07:46:21.962] error: slurm_set_addr: Unable to resolve "slurmctl01"
[2026-07-22T07:46:21.967] error: _xgetaddrinfo: getaddrinfo(slurmctl02:6817) failed: System error: Device or resource busy
[2026-07-22T07:46:21.967] error: slurm_set_addr: Unable to resolve "slurmctl02"
[2026-07-22T07:46:46.974] error: _xgetaddrinfo: getaddrinfo(slurmctl01:6817) failed: System error: Device or resource busy
[2026-07-22T07:46:46.974] error: slurm_set_addr: Unable to resolve "slurmctl01"
[2026-07-22T07:46:46.980] error: _xgetaddrinfo: getaddrinfo(slurmctl02:6817) failed: System error: Device or resource busy
[2026-07-22T07:46:46.980] error: slurm_set_addr: Unable to resolve "slurmctl02"
[2026-07-22T07:47:11.987] error: _xgetaddrinfo: getaddrinfo(slurmctl01:6817) failed: System error: Device or resource busy
[2026-07-22T07:47:11.987] error: slurm_set_addr: Unable to resolve "slurmctl01"
[2026-07-22T07:47:11.992] error: _xgetaddrinfo: getaddrinfo(slurmctl02:6817) failed: System error: Device or resource busy
[2026-07-22T07:47:11.992] error: slurm_set_addr: Unable to resolve "slurmctl02"
[2026-07-22T07:47:37.000] error: _xgetaddrinfo: getaddrinfo(slurmctl01:6817) failed: System error: Device or resource busy
[2026-07-22T07:47:37.000] error: slurm_set_addr: Unable to resolve "slurmctl01"
[2026-07-22T07:47:37.006] error: _xgetaddrinfo: getaddrinfo(slurmctl02:6817) failed: System error: Device or resource busy
[2026-07-22T07:47:37.006] error: slurm_set_addr: Unable to resolve "slurmctl02"
[2026-07-22T07:48:02.013] error: _xgetaddrinfo: getaddrinfo(slurmctl01:6817) failed: System error: Device or resource busy
[2026-07-22T07:48:02.013] error: slurm_set_addr: Unable to resolve "slurmctl01"
[2026-07-22T07:48:02.019] error: _xgetaddrinfo: getaddrinfo(slurmctl02:6817) failed: System error: Device or resource busy
[2026-07-22T07:48:02.019] error: slurm_set_addr: Unable to resolve "slurmctl02"
[2026-07-22T07:48:27.027] error: _xgetaddrinfo: getaddrinfo(slurmctl01:6817) failed: System error: Device or resource busy
[2026-07-22T07:48:27.027] error: slurm_set_addr: Unable to resolve "slurmctl01"
[2026-07-22T07:48:27.032] error: _xgetaddrinfo: getaddrinfo(slurmctl02:6817) failed: System error: Device or resource busy
[2026-07-22T07:48:27.032] error: slurm_set_addr: Unable to resolve "slurmctl02"
[2026-07-22T07:48:52.039] error: _xgetaddrinfo: getaddrinfo(slurmctl01:6817) failed: System error: Device or resource busy
[2026-07-22T07:48:52.039] error: slurm_set_addr: Unable to resolve "slurmctl01"
[2026-07-22T07:48:52.045] error: _xgetaddrinfo: getaddrinfo(slurmctl02:6817) failed: System error: Device or resource busy
[2026-07-22T07:48:52.045] error: slurm_set_addr: Unable to resolve "slurmctl02"
[2026-07-22T07:49:17.052] error: _xgetaddrinfo: getaddrinfo(slurmctl01:6817) failed: System error: Device or resource busy
[2026-07-22T07:49:17.053] error: slurm_set_addr: Unable to resolve "slurmctl01"
[2026-07-22T07:49:17.058] error: _xgetaddrinfo: getaddrinfo(slurmctl02:6817) failed: System error: Device or resource busy
[2026-07-22T07:49:17.058] error: slurm_set_addr: Unable to resolve "slurmctl02"
[2026-07-22T07:49:42.066] error: _xgetaddrinfo: getaddrinfo(slurmctl01:6817) failed: System error: Device or resource busy
[2026-07-22T07:49:42.066] error: slurm_set_addr: Unable to resolve "slurmctl01"
[2026-07-22T07:49:42.071] error: _xgetaddrinfo: getaddrinfo(slurmctl02:6817) failed: System error: Device or resource busy
[2026-07-22T07:49:42.071] error: slurm_set_addr: Unable to resolve "slurmctl02"
[2026-07-22T07:50:07.079] error: _xgetaddrinfo: getaddrinfo(slurmctl01:6817) failed: System error: Device or resource busy
[2026-07-22T07:50:07.079] error: slurm_set_addr: Unable to resolve "slurmctl01"
[2026-07-22T07:50:07.089] error: _xgetaddrinfo: getaddrinfo(slurmctl02:6817) failed: System error: Device or resource busy
[2026-07-22T07:50:07.089] error: slurm_set_addr: Unable to resolve "slurmctl02"
[2026-07-22T07:50:32.096] error: _xgetaddrinfo: getaddrinfo(slurmctl01:6817) failed: System error: Device or resource busy
[2026-07-22T07:50:32.097] error: slurm_set_addr: Unable to resolve "slurmctl01"
[2026-07-22T07:50:32.102] error: _xgetaddrinfo: getaddrinfo(slurmctl02:6817) failed: System error: Device or resource busy
[2026-07-22T07:50:32.102] error: slurm_set_addr: Unable to resolve "slurmctl02"
[2026-07-22T07:50:57.110] error: _xgetaddrinfo: getaddrinfo(slurmctl01:6817) failed: System error: Device or resource busy
[2026-07-22T07:50:57.110] error: slurm_set_addr: Unable to resolve "slurmctl01"
[2026-07-22T07:50:57.115] error: _xgetaddrinfo: getaddrinfo(slurmctl02:6817) failed: System error: Device or resource busy
[2026-07-22T07:50:57.115] error: slurm_set_addr: Unable to resolve "slurmctl02"
[2026-07-22T07:51:22.123] error: _xgetaddrinfo: getaddrinfo(slurmctl01:6817) failed: System error: Device or resource busy
[2026-07-22T07:51:22.123] error: slurm_set_addr: Unable to resolve "slurmctl01"
[2026-07-22T07:51:22.129] error: _xgetaddrinfo: getaddrinfo(slurmctl02:6817) failed: System error: Device or resource busy
[2026-07-22T07:51:22.129] error: slurm_set_addr: Unable to resolve "slurmctl02"
[2026-07-22T07:51:47.136] error: _xgetaddrinfo: getaddrinfo(slurmctl01:6817) failed: System error: Device or resource busy
[2026-07-22T07:51:47.137] error: slurm_set_addr: Unable to resolve "slurmctl01"
[2026-07-22T07:51:47.142] error: _xgetaddrinfo: getaddrinfo(slurmctl02:6817) failed: System error: Device or resource busy
[2026-07-22T07:51:47.142] error: slurm_set_addr: Unable to resolve "slurmctl02"
[2026-07-22T07:52:12.149] error: _xgetaddrinfo: getaddrinfo(slurmctl01:6817) failed: System error: Device or resource busy
[2026-07-22T07:52:12.149] error: slurm_set_addr: Unable to resolve "slurmctl01"
[2026-07-22T07:52:12.155] error: _xgetaddrinfo: getaddrinfo(slurmctl02:6817) failed: System error: Device or resource busy
[2026-07-22T07:52:12.155] error: slurm_set_addr: Unable to resolve "slurmctl02"
[2026-07-22T07:52:37.163] error: _xgetaddrinfo: getaddrinfo(slurmctl01:6817) failed: System error: Device or resource busy
[2026-07-22T07:52:37.163] error: slurm_set_addr: Unable to resolve "slurmctl01"
[2026-07-22T07:52:37.168] error: _xgetaddrinfo: getaddrinfo(slurmctl02:6817) failed: System error: Device or resource busy
[2026-07-22T07:52:37.168] error: slurm_set_addr: Unable to resolve "slurmctl02"
[2026-07-22T07:53:02.177] error: _xgetaddrinfo: getaddrinfo(slurmctl01:6817) failed: System error: Device or resource busy
[2026-07-22T07:53:02.177] error: slurm_set_addr: Unable to resolve "slurmctl01"
[2026-07-22T07:53:02.182] error: _xgetaddrinfo: getaddrinfo(slurmctl02:6817) failed: System error: Device or resource busy
[2026-07-22T07:53:02.183] error: slurm_set_addr: Unable to resolve "slurmctl02"
[2026-07-22T07:53:27.190] error: _xgetaddrinfo: getaddrinfo(slurmctl01:6817) failed: System error: Device or resource busy
[2026-07-22T07:53:27.191] error: slurm_set_addr: Unable to resolve "slurmctl01"
[2026-07-22T07:53:27.196] error: _xgetaddrinfo: getaddrinfo(slurmctl02:6817) failed: System error: Device or resource busy
[2026-07-22T07:53:27.196] error: slurm_set_addr: Unable to resolve "slurmctl02"
[2026-07-22T07:53:52.204] error: _xgetaddrinfo: getaddrinfo(slurmctl01:6817) failed: System error: Device or resource busy
[2026-07-22T07:53:52.204] error: slurm_set_addr: Unable to resolve "slurmctl01"
[2026-07-22T07:53:52.209] error: _xgetaddrinfo: getaddrinfo(slurmctl02:6817) failed: System error: Device or resource busy
[2026-07-22T07:53:52.210] error: slurm_set_addr: Unable to resolve "slurmctl02"
[2026-07-22T07:54:17.217] error: _xgetaddrinfo: getaddrinfo(slurmctl01:6817) failed: System error: Device or resource busy
[2026-07-22T07:54:17.218] error: slurm_set_addr: Unable to resolve "slurmctl01"
[2026-07-22T07:54:17.223] error: _xgetaddrinfo: getaddrinfo(slurmctl02:6817) failed: System error: Device or resource busy
[2026-07-22T07:54:17.223] error: slurm_set_addr: Unable to resolve "slurmctl02"
[2026-07-22T07:54:42.231] error: _xgetaddrinfo: getaddrinfo(slurmctl01:6817) failed: System error: Device or resource busy
[2026-07-22T07:54:42.231] error: slurm_set_addr: Unable to resolve "slurmctl01"
[2026-07-22T07:54:42.236] error: _xgetaddrinfo: getaddrinfo(slurmctl02:6817) failed: System error: Device or resource busy
[2026-07-22T07:54:42.236] error: slurm_set_addr: Unable to resolve "slurmctl02"
[2026-07-22T07:55:07.244] error: _xgetaddrinfo: getaddrinfo(slurmctl01:6817) failed: System error: Device or resource busy
[2026-07-22T07:55:07.244] error: slurm_set_addr: Unable to resolve "slurmctl01"
[2026-07-22T07:55:07.250] error: _xgetaddrinfo: getaddrinfo(slurmctl02:6817) failed: System error: Device or resource busy
[2026-07-22T07:55:07.250] error: slurm_set_addr: Unable to resolve "slurmctl02"
[2026-07-22T07:55:32.257] error: _xgetaddrinfo: getaddrinfo(slurmctl01:6817) failed: System error: Device or resource busy
[2026-07-22T07:55:32.257] error: slurm_set_addr: Unable to resolve "slurmctl01"
[2026-07-22T07:55:32.262] error: _xgetaddrinfo: getaddrinfo(slurmctl02:6817) failed: System error: Device or resource busy
[2026-07-22T07:55:32.262] error: slurm_set_addr: Unable to resolve "slurmctl02"
[2026-07-22T07:55:57.271] error: _xgetaddrinfo: getaddrinfo(slurmctl01:6817) failed: System error: Device or resource busy
[2026-07-22T07:55:57.271] error: slurm_set_addr: Unable to resolve "slurmctl01"
[2026-07-22T07:55:57.276] error: _xgetaddrinfo: getaddrinfo(slurmctl02:6817) failed: System error: Device or resource busy
[2026-07-22T07:55:57.276] error: slurm_set_addr: Unable to resolve "slurmctl02"
[2026-07-22T07:56:22.284] error: _xgetaddrinfo: getaddrinfo(slurmctl01:6817) failed: System error: Device or resource busy
[2026-07-22T07:56:22.284] error: slurm_set_addr: Unable to resolve "slurmctl01"
[2026-07-22T07:56:22.290] error: _xgetaddrinfo: getaddrinfo(slurmctl02:6817) failed: System error: Device or resource busy
[2026-07-22T07:56:22.290] error: slurm_set_addr: Unable to resolve "slurmctl02"
[2026-07-22T07:56:47.297] error: _xgetaddrinfo: getaddrinfo(slurmctl01:6817) failed: System error: Device or resource busy
[2026-07-22T07:56:47.299] error: slurm_set_addr: Unable to resolve "slurmctl01"
[2026-07-22T07:56:47.304] error: _xgetaddrinfo: getaddrinfo(slurmctl02:6817) failed: System error: Device or resource busy
[2026-07-22T07:56:47.304] error: slurm_set_addr: Unable to resolve "slurmctl02"
[2026-07-22T07:57:12.312] error: _xgetaddrinfo: getaddrinfo(slurmctl01:6817) failed: System error: Device or resource busy
[2026-07-22T07:57:12.312] error: slurm_set_addr: Unable to resolve "slurmctl01"
[2026-07-22T07:57:12.317] error: _xgetaddrinfo: getaddrinfo(slurmctl02:6817) failed: System error: Device or resource busy
[2026-07-22T07:57:12.317] error: slurm_set_addr: Unable to resolve "slurmctl02"
[2026-07-22T07:57:37.325] error: _xgetaddrinfo: getaddrinfo(slurmctl01:6817) failed: System error: Device or resource busy
[2026-07-22T07:57:37.325] error: slurm_set_addr: Unable to resolve "slurmctl01"
[2026-07-22T07:57:37.330] error: _xgetaddrinfo: getaddrinfo(slurmctl02:6817) failed: System error: Device or resource busy
[2026-07-22T07:57:37.330] error: slurm_set_addr: Unable to resolve "slurmctl02"
[2026-07-22T07:58:02.338] error: _xgetaddrinfo: getaddrinfo(slurmctl01:6817) failed: System error: Device or resource busy
[2026-07-22T07:58:02.338] error: slurm_set_addr: Unable to resolve "slurmctl01"
[2026-07-22T07:58:02.343] error: _xgetaddrinfo: getaddrinfo(slurmctl02:6817) failed: System error: Device or resource busy
[2026-07-22T07:58:02.343] error: slurm_set_addr: Unable to resolve "slurmctl02"
[2026-07-22T07:58:27.351] error: _xgetaddrinfo: getaddrinfo(slurmctl01:6817) failed: System error: Device or resource busy
[2026-07-22T07:58:27.351] error: slurm_set_addr: Unable to resolve "slurmctl01"
[2026-07-22T07:58:27.357] error: _xgetaddrinfo: getaddrinfo(slurmctl02:6817) failed: System error: Device or resource busy
[2026-07-22T07:58:27.357] error: slurm_set_addr: Unable to resolve "slurmctl02"
[2026-07-22T07:58:52.365] error: _xgetaddrinfo: getaddrinfo(slurmctl01:6817) failed: System error: Device or resource busy
[2026-07-22T07:58:52.365] error: slurm_set_addr: Unable to resolve "slurmctl01"
[2026-07-22T07:58:52.370] error: _xgetaddrinfo: getaddrinfo(slurmctl02:6817) failed: System error: Device or resource busy
[2026-07-22T07:58:52.370] error: slurm_set_addr: Unable to resolve "slurmctl02"
[2026-07-22T07:59:17.378] error: _xgetaddrinfo: getaddrinfo(slurmctl01:6817) failed: System error: Device or resource busy
[2026-07-22T07:59:17.379] error: slurm_set_addr: Unable to resolve "slurmctl01"
[2026-07-22T07:59:17.385] error: _xgetaddrinfo: getaddrinfo(slurmctl02:6817) failed: System error: Device or resource busy
[2026-07-22T07:59:17.385] error: slurm_set_addr: Unable to resolve "slurmctl02"
[2026-07-22T07:59:42.392] error: _xgetaddrinfo: getaddrinfo(slurmctl01:6817) failed: System error: Device or resource busy
[2026-07-22T07:59:42.392] error: slurm_set_addr: Unable to resolve "slurmctl01"
[2026-07-22T07:59:42.398] error: _xgetaddrinfo: getaddrinfo(slurmctl02:6817) failed: System error: Device or resource busy
[2026-07-22T07:59:42.398] error: slurm_set_addr: Unable to resolve "slurmctl02"
[2026-07-22T08:00:07.406] error: _xgetaddrinfo: getaddrinfo(slurmctl01:6817) failed: System error: Device or resource busy
[2026-07-22T08:00:07.406] error: slurm_set_addr: Unable to resolve "slurmctl01"
[2026-07-22T08:00:07.411] error: _xgetaddrinfo: getaddrinfo(slurmctl02:6817) failed: System error: Device or resource busy
[2026-07-22T08:00:07.411] error: slurm_set_addr: Unable to resolve "slurmctl02"
[2026-07-22T08:00:32.419] error: _xgetaddrinfo: getaddrinfo(slurmctl01:6817) failed: System error: Device or resource busy
[2026-07-22T08:00:32.419] error: slurm_set_addr: Unable to resolve "slurmctl01"
[2026-07-22T08:00:32.424] error: _xgetaddrinfo: getaddrinfo(slurmctl02:6817) failed: System error: Device or resource busy
[2026-07-22T08:00:32.424] error: slurm_set_addr: Unable to resolve "slurmctl02"
[2026-07-22T08:00:57.432] error: _xgetaddrinfo: getaddrinfo(slurmctl01:6817) failed: System error: Device or resource busy
[2026-07-22T08:00:57.433] error: slurm_set_addr: Unable to resolve "slurmctl01"
[2026-07-22T08:00:57.437] error: _xgetaddrinfo: getaddrinfo(slurmctl02:6817) failed: System error: Device or resource busy
[2026-07-22T08:00:57.438] error: slurm_set_addr: Unable to resolve "slurmctl02"
[2026-07-22T08:01:22.446] error: _xgetaddrinfo: getaddrinfo(slurmctl01:6817) failed: System error: Device or resource busy
[2026-07-22T08:01:22.446] error: slurm_set_addr: Unable to resolve "slurmctl01"
[2026-07-22T08:01:22.451] error: _xgetaddrinfo: getaddrinfo(slurmctl02:6817) failed: System error: Device or resource busy
[2026-07-22T08:01:22.451] error: slurm_set_addr: Unable to resolve "slurmctl02"
[2026-07-22T08:01:47.458] error: _xgetaddrinfo: getaddrinfo(slurmctl01:6817) failed: System error: Device or resource busy
[2026-07-22T08:01:47.458] error: slurm_set_addr: Unable to resolve "slurmctl01"
[2026-07-22T08:01:47.464] error: _xgetaddrinfo: getaddrinfo(slurmctl02:6817) failed: System error: Device or resource busy
[2026-07-22T08:01:47.464] error: slurm_set_addr: Unable to resolve "slurmctl02"
[2026-07-22T08:02:12.471] error: _xgetaddrinfo: getaddrinfo(slurmctl01:6817) failed: System error: Device or resource busy
[2026-07-22T08:02:12.472] error: slurm_set_addr: Unable to resolve "slurmctl01"
[2026-07-22T08:02:12.477] error: _xgetaddrinfo: getaddrinfo(slurmctl02:6817) failed: System error: Device or resource busy
[2026-07-22T08:02:12.477] error: slurm_set_addr: Unable to resolve "slurmctl02"
[2026-07-22T08:02:37.485] error: _xgetaddrinfo: getaddrinfo(slurmctl01:6817) failed: System error: Device or resource busy
[2026-07-22T08:02:37.485] error: slurm_set_addr: Unable to resolve "slurmctl01"
[2026-07-22T08:02:37.490] error: _xgetaddrinfo: getaddrinfo(slurmctl02:6817) failed: System error: Device or resource busy
[2026-07-22T08:02:37.491] error: slurm_set_addr: Unable to resolve "slurmctl02"
[2026-07-22T08:03:02.498] error: _xgetaddrinfo: getaddrinfo(slurmctl01:6817) failed: System error: Device or resource busy
[2026-07-22T08:03:02.498] error: slurm_set_addr: Unable to resolve "slurmctl01"
[2026-07-22T08:03:02.504] error: _xgetaddrinfo: getaddrinfo(slurmctl02:6817) failed: System error: Device or resource busy
[2026-07-22T08:03:02.504] error: slurm_set_addr: Unable to resolve "slurmctl02"
[2026-07-22T08:03:27.512] error: _xgetaddrinfo: getaddrinfo(slurmctl01:6817) failed: System error: Device or resource busy
[2026-07-22T08:03:27.513] error: slurm_set_addr: Unable to resolve "slurmctl01"
[2026-07-22T08:03:27.518] error: _xgetaddrinfo: getaddrinfo(slurmctl02:6817) failed: System error: Device or resource busy
[2026-07-22T08:03:27.518] error: slurm_set_addr: Unable to resolve "slurmctl02"
[2026-07-22T08:03:52.528] error: _xgetaddrinfo: getaddrinfo(slurmctl01:6817) failed: System error: Device or resource busy
[2026-07-22T08:03:52.528] error: slurm_set_addr: Unable to resolve "slurmctl01"
[2026-07-22T08:03:52.535] error: _xgetaddrinfo: getaddrinfo(slurmctl02:6817) failed: System error: Device or resource busy
[2026-07-22T08:03:52.535] error: slurm_set_addr: Unable to resolve "slurmctl02"
[2026-07-22T08:04:17.543] error: _xgetaddrinfo: getaddrinfo(slurmctl01:6817) failed: System error: Device or resource busy
[2026-07-22T08:04:17.543] error: slurm_set_addr: Unable to resolve "slurmctl01"
[2026-07-22T08:04:17.548] error: _xgetaddrinfo: getaddrinfo(slurmctl02:6817) failed: System error: Device or resource busy
[2026-07-22T08:04:17.548] error: slurm_set_addr: Unable to resolve "slurmctl02"
[2026-07-22T08:04:42.556] error: _xgetaddrinfo: getaddrinfo(slurmctl01:6817) failed: System error: Device or resource busy
[2026-07-22T08:04:42.556] error: slurm_set_addr: Unable to resolve "slurmctl01"
[2026-07-22T08:04:42.562] error: _xgetaddrinfo: getaddrinfo(slurmctl02:6817) failed: System error: Device or resource busy
[2026-07-22T08:04:42.562] error: slurm_set_addr: Unable to resolve "slurmctl02"
[2026-07-22T08:05:07.569] error: _xgetaddrinfo: getaddrinfo(slurmctl01:6817) failed: System error: Device or resource busy
[2026-07-22T08:05:07.569] error: slurm_set_addr: Unable to resolve "slurmctl01"
[2026-07-22T08:05:07.575] error: _xgetaddrinfo: getaddrinfo(slurmctl02:6817) failed: System error: Device or resource busy
[2026-07-22T08:05:07.575] error: slurm_set_addr: Unable to resolve "slurmctl02"
[2026-07-22T08:05:32.584] error: _xgetaddrinfo: getaddrinfo(slurmctl01:6817) failed: System error: Device or resource busy
[2026-07-22T08:05:32.584] error: slurm_set_addr: Unable to resolve "slurmctl01"
[2026-07-22T08:05:32.590] error: _xgetaddrinfo: getaddrinfo(slurmctl02:6817) failed: System error: Device or resource busy
[2026-07-22T08:05:32.590] error: slurm_set_addr: Unable to resolve "slurmctl02"
[2026-07-22T08:05:57.598] error: _xgetaddrinfo: getaddrinfo(slurmctl01:6817) failed: System error: Device or resource busy
[2026-07-22T08:05:57.598] error: slurm_set_addr: Unable to resolve "slurmctl01"
[2026-07-22T08:05:57.603] error: _xgetaddrinfo: getaddrinfo(slurmctl02:6817) failed: System error: Device or resource busy
[2026-07-22T08:05:57.603] error: slurm_set_addr: Unable to resolve "slurmctl02"
[2026-07-22T08:06:22.611] error: _xgetaddrinfo: getaddrinfo(slurmctl01:6817) failed: System error: Device or resource busy
[2026-07-22T08:06:22.611] error: slurm_set_addr: Unable to resolve "slurmctl01"
[2026-07-22T08:06:22.617] error: _xgetaddrinfo: getaddrinfo(slurmctl02:6817) failed: System error: Device or resource busy
[2026-07-22T08:06:22.617] error: slurm_set_addr: Unable to resolve "slurmctl02"
[2026-07-22T08:06:47.625] error: _xgetaddrinfo: getaddrinfo(slurmctl01:6817) failed: System error: Device or resource busy
[2026-07-22T08:06:47.625] error: slurm_set_addr: Unable to resolve "slurmctl01"
[2026-07-22T08:06:47.630] error: _xgetaddrinfo: getaddrinfo(slurmctl02:6817) failed: System error: Device or resource busy
[2026-07-22T08:06:47.630] error: slurm_set_addr: Unable to resolve "slurmctl02"
[2026-07-22T08:07:12.639] error: _xgetaddrinfo: getaddrinfo(slurmctl01:6817) failed: System error: Device or resource busy
[2026-07-22T08:07:12.639] error: slurm_set_addr: Unable to resolve "slurmctl01"
[2026-07-22T08:07:12.645] error: _xgetaddrinfo: getaddrinfo(slurmctl02:6817) failed: System error: Device or resource busy
[2026-07-22T08:07:12.645] error: slurm_set_addr: Unable to resolve "slurmctl02"
[2026-07-22T08:07:37.652] error: _xgetaddrinfo: getaddrinfo(slurmctl01:6817) failed: System error: Device or resource busy
[2026-07-22T08:07:37.653] error: slurm_set_addr: Unable to resolve "slurmctl01"
[2026-07-22T08:07:37.658] error: _xgetaddrinfo: getaddrinfo(slurmctl02:6817) failed: System error: Device or resource busy
[2026-07-22T08:07:37.658] error: slurm_set_addr: Unable to resolve "slurmctl02"
[2026-07-22T08:08:02.666] error: _xgetaddrinfo: getaddrinfo(slurmctl01:6817) failed: System error: Device or resource busy
[2026-07-22T08:08:02.666] error: slurm_set_addr: Unable to resolve "slurmctl01"
[2026-07-22T08:08:02.672] error: _xgetaddrinfo: getaddrinfo(slurmctl02:6817) failed: System error: Device or resource busy
[2026-07-22T08:08:02.672] error: slurm_set_addr: Unable to resolve "slurmctl02"
[2026-07-22T08:08:27.679] error: _xgetaddrinfo: getaddrinfo(slurmctl01:6817) failed: System error: Device or resource busy
[2026-07-22T08:08:27.679] error: slurm_set_addr: Unable to resolve "slurmctl01"
[2026-07-22T08:08:27.685] error: _xgetaddrinfo: getaddrinfo(slurmctl02:6817) failed: System error: Device or resource busy
[2026-07-22T08:08:27.685] error: slurm_set_addr: Unable to resolve "slurmctl02"
[2026-07-22T08:08:52.692] error: _xgetaddrinfo: getaddrinfo(slurmctl01:6817) failed: System error: Device or resource busy
[2026-07-22T08:08:52.692] error: slurm_set_addr: Unable to resolve "slurmctl01"
[2026-07-22T08:08:52.698] error: _xgetaddrinfo: getaddrinfo(slurmctl02:6817) failed: System error: Device or resource busy
[2026-07-22T08:08:52.698] error: slurm_set_addr: Unable to resolve "slurmctl02"
[2026-07-22T08:09:17.705] error: _xgetaddrinfo: getaddrinfo(slurmctl01:6817) failed: System error: Device or resource busy
[2026-07-22T08:09:17.706] error: slurm_set_addr: Unable to resolve "slurmctl01"
[2026-07-22T08:09:17.711] error: _xgetaddrinfo: getaddrinfo(slurmctl02:6817) failed: System error: Device or resource busy
[2026-07-22T08:09:17.711] error: slurm_set_addr: Unable to resolve "slurmctl02"
[2026-07-22T08:09:42.718] error: _xgetaddrinfo: getaddrinfo(slurmctl01:6817) failed: System error: Device or resource busy
[2026-07-22T08:09:42.719] error: slurm_set_addr: Unable to resolve "slurmctl01"
[2026-07-22T08:09:42.724] error: _xgetaddrinfo: getaddrinfo(slurmctl02:6817) failed: System error: Device or resource busy
[2026-07-22T08:09:42.724] error: slurm_set_addr: Unable to resolve "slurmctl02"
[2026-07-22T08:10:07.732] error: _xgetaddrinfo: getaddrinfo(slurmctl01:6817) failed: System error: Device or resource busy
[2026-07-22T08:10:07.732] error: slurm_set_addr: Unable to resolve "slurmctl01"
[2026-07-22T08:10:07.737] error: _xgetaddrinfo: getaddrinfo(slurmctl02:6817) failed: System error: Device or resource busy
[2026-07-22T08:10:07.737] error: slurm_set_addr: Unable to resolve "slurmctl02"
[2026-07-22T08:10:32.745] error: _xgetaddrinfo: getaddrinfo(slurmctl01:6817) failed: System error: Device or resource busy
[2026-07-22T08:10:32.745] error: slurm_set_addr: Unable to resolve "slurmctl01"
[2026-07-22T08:10:32.751] error: _xgetaddrinfo: getaddrinfo(slurmctl02:6817) failed: System error: Device or resource busy
[2026-07-22T08:10:32.751] error: slurm_set_addr: Unable to resolve "slurmctl02"
[2026-07-22T08:10:57.759] error: _xgetaddrinfo: getaddrinfo(slurmctl01:6817) failed: System error: Device or resource busy
[2026-07-22T08:10:57.759] error: slurm_set_addr: Unable to resolve "slurmctl01"
[2026-07-22T08:10:57.765] error: _xgetaddrinfo: getaddrinfo(slurmctl02:6817) failed: System error: Device or resource busy
[2026-07-22T08:10:57.765] error: slurm_set_addr: Unable to resolve "slurmctl02"
[2026-07-22T08:11:22.772] error: _xgetaddrinfo: getaddrinfo(slurmctl01:6817) failed: System error: Device or resource busy
[2026-07-22T08:11:22.772] error: slurm_set_addr: Unable to resolve "slurmctl01"
[2026-07-22T08:11:22.778] error: _xgetaddrinfo: getaddrinfo(slurmctl02:6817) failed: System error: Device or resource busy
[2026-07-22T08:11:22.778] error: slurm_set_addr: Unable to resolve "slurmctl02"
[2026-07-22T08:11:47.786] error: _xgetaddrinfo: getaddrinfo(slurmctl01:6817) failed: System error: Device or resource busy
[2026-07-22T08:11:47.786] error: slurm_set_addr: Unable to resolve "slurmctl01"
[2026-07-22T08:11:47.791] error: _xgetaddrinfo: getaddrinfo(slurmctl02:6817) failed: System error: Device or resource busy
[2026-07-22T08:11:47.791] error: slurm_set_addr: Unable to resolve "slurmctl02"
[2026-07-22T08:12:12.798] error: _xgetaddrinfo: getaddrinfo(slurmctl01:6817) failed: System error: Device or resource busy
[2026-07-22T08:12:12.799] error: slurm_set_addr: Unable to resolve "slurmctl01"
[2026-07-22T08:12:12.804] error: _xgetaddrinfo: getaddrinfo(slurmctl02:6817) failed: System error: Device or resource busy
[2026-07-22T08:12:12.804] error: slurm_set_addr: Unable to resolve "slurmctl02"
[2026-07-22T08:12:37.811] error: _xgetaddrinfo: getaddrinfo(slurmctl01:6817) failed: System error: Device or resource busy
[2026-07-22T08:12:37.811] error: slurm_set_addr: Unable to resolve "slurmctl01"
[2026-07-22T08:12:37.817] error: _xgetaddrinfo: getaddrinfo(slurmctl02:6817) failed: System error: Device or resource busy
[2026-07-22T08:12:37.817] error: slurm_set_addr: Unable to resolve "slurmctl02"
[2026-07-22T08:13:02.825] error: _xgetaddrinfo: getaddrinfo(slurmctl01:6817) failed: System error: Device or resource busy
[2026-07-22T08:13:02.825] error: slurm_set_addr: Unable to resolve "slurmctl01"
[2026-07-22T08:13:02.830] error: _xgetaddrinfo: getaddrinfo(slurmctl02:6817) failed: System error: Device or resource busy
[2026-07-22T08:13:02.830] error: slurm_set_addr: Unable to resolve "slurmctl02"
[2026-07-22T08:13:27.838] error: _xgetaddrinfo: getaddrinfo(slurmctl01:6817) failed: System error: Device or resource busy
[2026-07-22T08:13:27.838] error: slurm_set_addr: Unable to resolve "slurmctl01"
[2026-07-22T08:13:27.844] error: _xgetaddrinfo: getaddrinfo(slurmctl02:6817) failed: System error: Device or resource busy
[2026-07-22T08:13:27.844] error: slurm_set_addr: Unable to resolve "slurmctl02"
[2026-07-22T08:13:52.851] error: _xgetaddrinfo: getaddrinfo(slurmctl01:6817) failed: System error: Device or resource busy
[2026-07-22T08:13:52.851] error: slurm_set_addr: Unable to resolve "slurmctl01"
[2026-07-22T08:13:52.856] error: _xgetaddrinfo: getaddrinfo(slurmctl02:6817) failed: System error: Device or resource busy
[2026-07-22T08:13:52.856] error: slurm_set_addr: Unable to resolve "slurmctl02"
[2026-07-22T08:14:17.864] error: _xgetaddrinfo: getaddrinfo(slurmctl01:6817) failed: System error: Device or resource busy
[2026-07-22T08:14:17.864] error: slurm_set_addr: Unable to resolve "slurmctl01"
[2026-07-22T08:14:17.870] error: _xgetaddrinfo: getaddrinfo(slurmctl02:6817) failed: System error: Device or resource busy
[2026-07-22T08:14:17.870] error: slurm_set_addr: Unable to resolve "slurmctl02"
[2026-07-22T08:14:42.877] error: _xgetaddrinfo: getaddrinfo(slurmctl01:6817) failed: System error: Device or resource busy
[2026-07-22T08:14:42.877] error: slurm_set_addr: Unable to resolve "slurmctl01"
[2026-07-22T08:14:42.883] error: _xgetaddrinfo: getaddrinfo(slurmctl02:6817) failed: System error: Device or resource busy
[2026-07-22T08:14:42.883] error: slurm_set_addr: Unable to resolve "slurmctl02"
[2026-07-22T08:15:07.890] error: _xgetaddrinfo: getaddrinfo(slurmctl01:6817) failed: System error: Device or resource busy
[2026-07-22T08:15:07.890] error: slurm_set_addr: Unable to resolve "slurmctl01"
[2026-07-22T08:15:07.895] error: _xgetaddrinfo: getaddrinfo(slurmctl02:6817) failed: System error: Device or resource busy
[2026-07-22T08:15:07.895] error: slurm_set_addr: Unable to resolve "slurmctl02"
[2026-07-22T08:15:32.902] error: _xgetaddrinfo: getaddrinfo(slurmctl01:6817) failed: System error: Device or resource busy
[2026-07-22T08:15:32.903] error: slurm_set_addr: Unable to resolve "slurmctl01"
[2026-07-22T08:15:32.908] error: _xgetaddrinfo: getaddrinfo(slurmctl02:6817) failed: System error: Device or resource busy
[2026-07-22T08:15:32.908] error: slurm_set_addr: Unable to resolve "slurmctl02"
[2026-07-22T08:15:57.916] error: _xgetaddrinfo: getaddrinfo(slurmctl01:6817) failed: System error: Device or resource busy
[2026-07-22T08:15:57.916] error: slurm_set_addr: Unable to resolve "slurmctl01"
[2026-07-22T08:15:57.922] error: _xgetaddrinfo: getaddrinfo(slurmctl02:6817) failed: System error: Device or resource busy
[2026-07-22T08:15:57.922] error: slurm_set_addr: Unable to resolve "slurmctl02"
[2026-07-22T08:16:22.929] error: _xgetaddrinfo: getaddrinfo(slurmctl01:6817) failed: System error: Device or resource busy
[2026-07-22T08:16:22.930] error: slurm_set_addr: Unable to resolve "slurmctl01"
[2026-07-22T08:16:22.936] error: _xgetaddrinfo: getaddrinfo(slurmctl02:6817) failed: System error: Device or resource busy
[2026-07-22T08:16:22.936] error: slurm_set_addr: Unable to resolve "slurmctl02"
[2026-07-22T08:16:47.944] error: _xgetaddrinfo: getaddrinfo(slurmctl01:6817) failed: System error: Device or resource busy
[2026-07-22T08:16:47.944] error: slurm_set_addr: Unable to resolve "slurmctl01"
[2026-07-22T08:16:47.950] error: _xgetaddrinfo: getaddrinfo(slurmctl02:6817) failed: System error: Device or resource busy
[2026-07-22T08:16:47.950] error: slurm_set_addr: Unable to resolve "slurmctl02"
[2026-07-22T08:17:12.957] error: _xgetaddrinfo: getaddrinfo(slurmctl01:6817) failed: System error: Device or resource busy
[2026-07-22T08:17:12.957] error: slurm_set_addr: Unable to resolve "slurmctl01"
[2026-07-22T08:17:12.963] error: _xgetaddrinfo: getaddrinfo(slurmctl02:6817) failed: System error: Device or resource busy
[2026-07-22T08:17:12.963] error: slurm_set_addr: Unable to resolve "slurmctl02"
[2026-07-22T08:17:37.971] error: _xgetaddrinfo: getaddrinfo(slurmctl01:6817) failed: System error: Device or resource busy
[2026-07-22T08:17:37.971] error: slurm_set_addr: Unable to resolve "slurmctl01"
[2026-07-22T08:17:37.976] error: _xgetaddrinfo: getaddrinfo(slurmctl02:6817) failed: System error: Device or resource busy
[2026-07-22T08:17:37.977] error: slurm_set_addr: Unable to resolve "slurmctl02"
[2026-07-22T08:18:02.984] error: _xgetaddrinfo: getaddrinfo(slurmctl01:6817) failed: System error: Device or resource busy
[2026-07-22T08:18:02.984] error: slurm_set_addr: Unable to resolve "slurmctl01"
[2026-07-22T08:18:02.990] error: _xgetaddrinfo: getaddrinfo(slurmctl02:6817) failed: System error: Device or resource busy
[2026-07-22T08:18:02.990] error: slurm_set_addr: Unable to resolve "slurmctl02"
[2026-07-22T08:18:27.997] error: _xgetaddrinfo: getaddrinfo(slurmctl01:6817) failed: System error: Device or resource busy
[2026-07-22T08:18:27.997] error: slurm_set_addr: Unable to resolve "slurmctl01"
[2026-07-22T08:18:28.003] error: _xgetaddrinfo: getaddrinfo(slurmctl02:6817) failed: System error: Device or resource busy
[2026-07-22T08:18:28.003] error: slurm_set_addr: Unable to resolve "slurmctl02"
[2026-07-22T08:18:52.011] error: _xgetaddrinfo: getaddrinfo(slurmctl01:6817) failed: System error: Device or resource busy
[2026-07-22T08:18:52.011] error: slurm_set_addr: Unable to resolve "slurmctl01"
[2026-07-22T08:18:52.032] error: _xgetaddrinfo: getaddrinfo(slurmctl02:6817) failed: System error: Device or resource busy
[2026-07-22T08:18:52.032] error: slurm_set_addr: Unable to resolve "slurmctl02"
[2026-07-22T08:19:17.039] error: _xgetaddrinfo: getaddrinfo(slurmctl01:6817) failed: System error: Device or resource busy
[2026-07-22T08:19:17.040] error: slurm_set_addr: Unable to resolve "slurmctl01"
[2026-07-22T08:19:17.045] error: _xgetaddrinfo: getaddrinfo(slurmctl02:6817) failed: System error: Device or resource busy
[2026-07-22T08:19:17.045] error: slurm_set_addr: Unable to resolve "slurmctl02"
[2026-07-22T08:19:42.052] error: _xgetaddrinfo: getaddrinfo(slurmctl01:6817) failed: System error: Device or resource busy
[2026-07-22T08:19:42.053] error: slurm_set_addr: Unable to resolve "slurmctl01"
[2026-07-22T08:19:42.058] error: _xgetaddrinfo: getaddrinfo(slurmctl02:6817) failed: System error: Device or resource busy
[2026-07-22T08:19:42.058] error: slurm_set_addr: Unable to resolve "slurmctl02"
[2026-07-22T08:20:07.067] error: _xgetaddrinfo: getaddrinfo(slurmctl01:6817) failed: System error: Device or resource busy
[2026-07-22T08:20:07.067] error: slurm_set_addr: Unable to resolve "slurmctl01"
[2026-07-22T08:20:07.072] error: _xgetaddrinfo: getaddrinfo(slurmctl02:6817) failed: System error: Device or resource busy
[2026-07-22T08:20:07.072] error: slurm_set_addr: Unable to resolve "slurmctl02"
[2026-07-22T08:20:32.081] error: _xgetaddrinfo: getaddrinfo(slurmctl01:6817) failed: System error: Device or resource busy
[2026-07-22T08:20:32.082] error: slurm_set_addr: Unable to resolve "slurmctl01"
[2026-07-22T08:20:32.085] error: _xgetaddrinfo: getaddrinfo(slurmctl02:6817) failed: System error: Device or resource busy
[2026-07-22T08:20:32.085] error: slurm_set_addr: Unable to resolve "slurmctl02"
[2026-07-22T08:20:57.093] error: _xgetaddrinfo: getaddrinfo(slurmctl01:6817) failed: System error: Device or resource busy
[2026-07-22T08:20:57.093] error: slurm_set_addr: Unable to resolve "slurmctl01"
[2026-07-22T08:20:57.098] error: _xgetaddrinfo: getaddrinfo(slurmctl02:6817) failed: System error: Device or resource busy
[2026-07-22T08:20:57.098] error: slurm_set_addr: Unable to resolve "slurmctl02"
[2026-07-22T08:21:22.105] error: _xgetaddrinfo: getaddrinfo(slurmctl01:6817) failed: System error: Device or resource busy
[2026-07-22T08:21:22.106] error: slurm_set_addr: Unable to resolve "slurmctl01"
[2026-07-22T08:21:22.111] error: _xgetaddrinfo: getaddrinfo(slurmctl02:6817) failed: System error: Device or resource busy
[2026-07-22T08:21:22.111] error: slurm_set_addr: Unable to resolve "slurmctl02"
[2026-07-22T08:21:47.119] error: _xgetaddrinfo: getaddrinfo(slurmctl01:6817) failed: System error: Device or resource busy
[2026-07-22T08:21:47.119] error: slurm_set_addr: Unable to resolve "slurmctl01"
[2026-07-22T08:21:47.124] error: _xgetaddrinfo: getaddrinfo(slurmctl02:6817) failed: System error: Device or resource busy
[2026-07-22T08:21:47.124] error: slurm_set_addr: Unable to resolve "slurmctl02"
[2026-07-22T08:22:12.131] error: _xgetaddrinfo: getaddrinfo(slurmctl01:6817) failed: System error: Device or resource busy
[2026-07-22T08:22:12.131] error: slurm_set_addr: Unable to resolve "slurmctl01"
[2026-07-22T08:22:12.137] error: _xgetaddrinfo: getaddrinfo(slurmctl02:6817) failed: System error: Device or resource busy
[2026-07-22T08:22:12.137] error: slurm_set_addr: Unable to resolve "slurmctl02"
[2026-07-22T08:22:37.145] error: _xgetaddrinfo: getaddrinfo(slurmctl01:6817) failed: System error: Device or resource busy
[2026-07-22T08:22:37.145] error: slurm_set_addr: Unable to resolve "slurmctl01"
[2026-07-22T08:22:37.150] error: _xgetaddrinfo: getaddrinfo(slurmctl02:6817) failed: System error: Device or resource busy
[2026-07-22T08:22:37.150] error: slurm_set_addr: Unable to resolve "slurmctl02"
[2026-07-22T08:23:02.158] error: _xgetaddrinfo: getaddrinfo(slurmctl01:6817) failed: System error: Device or resource busy
[2026-07-22T08:23:02.158] error: slurm_set_addr: Unable to resolve "slurmctl01"
[2026-07-22T08:23:02.164] error: _xgetaddrinfo: getaddrinfo(slurmctl02:6817) failed: System error: Device or resource busy
[2026-07-22T08:23:02.164] error: slurm_set_addr: Unable to resolve "slurmctl02"
[2026-07-22T08:23:27.171] error: _xgetaddrinfo: getaddrinfo(slurmctl01:6817) failed: System error: Device or resource busy
[2026-07-22T08:23:27.171] error: slurm_set_addr: Unable to resolve "slurmctl01"
[2026-07-22T08:23:27.177] error: _xgetaddrinfo: getaddrinfo(slurmctl02:6817) failed: System error: Device or resource busy
[2026-07-22T08:23:27.177] error: slurm_set_addr: Unable to resolve "slurmctl02"
[2026-07-22T08:23:52.184] error: _xgetaddrinfo: getaddrinfo(slurmctl01:6817) failed: System error: Device or resource busy
[2026-07-22T08:23:52.184] error: slurm_set_addr: Unable to resolve "slurmctl01"
[2026-07-22T08:23:52.190] error: _xgetaddrinfo: getaddrinfo(slurmctl02:6817) failed: System error: Device or resource busy
[2026-07-22T08:23:52.190] error: slurm_set_addr: Unable to resolve "slurmctl02"
[2026-07-22T08:24:17.198] error: _xgetaddrinfo: getaddrinfo(slurmctl01:6817) failed: System error: Device or resource busy
[2026-07-22T08:24:17.198] error: slurm_set_addr: Unable to resolve "slurmctl01"
[2026-07-22T08:24:17.203] error: _xgetaddrinfo: getaddrinfo(slurmctl02:6817) failed: System error: Device or resource busy
[2026-07-22T08:24:17.203] error: slurm_set_addr: Unable to resolve "slurmctl02"
[2026-07-22T08:24:42.211] error: _xgetaddrinfo: getaddrinfo(slurmctl01:6817) failed: System error: Device or resource busy
[2026-07-22T08:24:42.212] error: slurm_set_addr: Unable to resolve "slurmctl01"
[2026-07-22T08:24:42.217] error: _xgetaddrinfo: getaddrinfo(slurmctl02:6817) failed: System error: Device or resource busy
[2026-07-22T08:24:42.217] error: slurm_set_addr: Unable to resolve "slurmctl02"
[2026-07-22T08:25:07.225] error: _xgetaddrinfo: getaddrinfo(slurmctl01:6817) failed: System error: Device or resource busy
[2026-07-22T08:25:07.226] error: slurm_set_addr: Unable to resolve "slurmctl01"
[2026-07-22T08:25:07.231] error: _xgetaddrinfo: getaddrinfo(slurmctl02:6817) failed: System error: Device or resource busy
[2026-07-22T08:25:07.231] error: slurm_set_addr: Unable to resolve "slurmctl02"
[2026-07-22T08:25:32.238] error: _xgetaddrinfo: getaddrinfo(slurmctl01:6817) failed: System error: Device or resource busy
[2026-07-22T08:25:32.239] error: slurm_set_addr: Unable to resolve "slurmctl01"
[2026-07-22T08:25:32.244] error: _xgetaddrinfo: getaddrinfo(slurmctl02:6817) failed: System error: Device or resource busy
[2026-07-22T08:25:32.244] error: slurm_set_addr: Unable to resolve "slurmctl02"
[2026-07-22T08:25:57.251] error: _xgetaddrinfo: getaddrinfo(slurmctl01:6817) failed: System error: Device or resource busy
[2026-07-22T08:25:57.252] error: slurm_set_addr: Unable to resolve "slurmctl01"
[2026-07-22T08:25:57.256] error: _xgetaddrinfo: getaddrinfo(slurmctl02:6817) failed: System error: Device or resource busy
[2026-07-22T08:25:57.256] error: slurm_set_addr: Unable to resolve "slurmctl02"
