==========================================================
[10167674/5] bart benchmarks on diabetes
Node: cn-h004.server.mila.quebec | started: Tue Jul 21 20:30:21 EDT 2026
==========================================================
[=== Module python/3.10 loaded ===]
Multiprocess sampling (2 chains in 2 jobs)
CompoundStep
>PGBART: [mu]
>NUTS: [sigma]
Sampling 2 chains for 1_000 tune and 1_000 draw iterations (2_000 + 2_000 draws total) took 2533 seconds.
Sampling: [mu]
[bart] diabetes split 1: test_rmse=55.7546 test_r2=0.4167 (2551.5s)
Multiprocess sampling (2 chains in 2 jobs)
CompoundStep
>PGBART: [mu]
>NUTS: [sigma]
Sampling 2 chains for 1_000 tune and 1_000 draw iterations (2_000 + 2_000 draws total) took 2516 seconds.
Sampling: [mu]
[bart] diabetes split 2: test_rmse=57.3874 test_r2=0.4039 (2528.2s)
Multiprocess sampling (2 chains in 2 jobs)
CompoundStep
>PGBART: [mu]
>NUTS: [sigma]
Sampling 2 chains for 1_000 tune and 1_000 draw iterations (2_000 + 2_000 draws total) took 2533 seconds.
Sampling: [mu]
[bart] diabetes split 3: test_rmse=55.2561 test_r2=0.4361 (2545.2s)
Multiprocess sampling (2 chains in 2 jobs)
CompoundStep
>PGBART: [mu]
>NUTS: [sigma]
Sampling 2 chains for 1_000 tune and 1_000 draw iterations (2_000 + 2_000 draws total) took 2569 seconds.
Sampling: [mu]
[bart] diabetes split 4: test_rmse=54.6589 test_r2=0.4523 (2581.3s)
Multiprocess sampling (2 chains in 2 jobs)
CompoundStep
>PGBART: [mu]
>NUTS: [sigma]
Sampling 2 chains for 1_000 tune and 1_000 draw iterations (2_000 + 2_000 draws total) took 2553 seconds.
Sampling: [mu]
[bart] diabetes split 5: test_rmse=53.3299 test_r2=0.5490 (2565.3s)
bart benchmarks on diabetes DONE at Wed Jul 22 00:03:21 EDT 2026
slurm_load_jobs error: Unable to contact slurm controller (connect failure)
[2026-07-22T00:03:41.949] error: _xgetaddrinfo: getaddrinfo(slurmctl01:6817) failed: System error: Device or resource busy
[2026-07-22T00:03:41.949] error: slurm_set_addr: Unable to resolve "slurmctl01"
[2026-07-22T00:03:41.954] error: _xgetaddrinfo: getaddrinfo(slurmctl02:6817) failed: System error: Device or resource busy
[2026-07-22T00:03:41.954] error: slurm_set_addr: Unable to resolve "slurmctl02"
[2026-07-22T00:04:06.962] error: _xgetaddrinfo: getaddrinfo(slurmctl01:6817) failed: System error: Device or resource busy
[2026-07-22T00:04:06.962] error: slurm_set_addr: Unable to resolve "slurmctl01"
[2026-07-22T00:04:06.967] error: _xgetaddrinfo: getaddrinfo(slurmctl02:6817) failed: System error: Device or resource busy
[2026-07-22T00:04:06.968] error: slurm_set_addr: Unable to resolve "slurmctl02"
[2026-07-22T00:04:31.975] error: _xgetaddrinfo: getaddrinfo(slurmctl01:6817) failed: System error: Device or resource busy
[2026-07-22T00:04:31.975] error: slurm_set_addr: Unable to resolve "slurmctl01"
[2026-07-22T00:04:31.981] error: _xgetaddrinfo: getaddrinfo(slurmctl02:6817) failed: System error: Device or resource busy
[2026-07-22T00:04:31.981] error: slurm_set_addr: Unable to resolve "slurmctl02"
[2026-07-22T00:04:56.988] error: _xgetaddrinfo: getaddrinfo(slurmctl01:6817) failed: System error: Device or resource busy
[2026-07-22T00:04:56.988] error: slurm_set_addr: Unable to resolve "slurmctl01"
[2026-07-22T00:04:56.993] error: _xgetaddrinfo: getaddrinfo(slurmctl02:6817) failed: System error: Device or resource busy
[2026-07-22T00:04:56.993] error: slurm_set_addr: Unable to resolve "slurmctl02"
[2026-07-22T00:05:22.002] error: _xgetaddrinfo: getaddrinfo(slurmctl01:6817) failed: System error: Device or resource busy
[2026-07-22T00:05:22.002] error: slurm_set_addr: Unable to resolve "slurmctl01"
[2026-07-22T00:05:22.006] error: _xgetaddrinfo: getaddrinfo(slurmctl02:6817) failed: System error: Device or resource busy
[2026-07-22T00:05:22.006] error: slurm_set_addr: Unable to resolve "slurmctl02"
[2026-07-22T00:05:47.014] error: _xgetaddrinfo: getaddrinfo(slurmctl01:6817) failed: System error: Device or resource busy
[2026-07-22T00:05:47.014] error: slurm_set_addr: Unable to resolve "slurmctl01"
[2026-07-22T00:05:47.019] error: _xgetaddrinfo: getaddrinfo(slurmctl02:6817) failed: System error: Device or resource busy
[2026-07-22T00:05:47.019] error: slurm_set_addr: Unable to resolve "slurmctl02"
[2026-07-22T00:06:12.027] error: _xgetaddrinfo: getaddrinfo(slurmctl01:6817) failed: System error: Device or resource busy
[2026-07-22T00:06:12.027] error: slurm_set_addr: Unable to resolve "slurmctl01"
[2026-07-22T00:06:12.032] error: _xgetaddrinfo: getaddrinfo(slurmctl02:6817) failed: System error: Device or resource busy
[2026-07-22T00:06:12.032] error: slurm_set_addr: Unable to resolve "slurmctl02"
[2026-07-22T00:06:37.039] error: _xgetaddrinfo: getaddrinfo(slurmctl01:6817) failed: System error: Device or resource busy
[2026-07-22T00:06:37.039] error: slurm_set_addr: Unable to resolve "slurmctl01"
[2026-07-22T00:06:37.047] error: _xgetaddrinfo: getaddrinfo(slurmctl02:6817) failed: System error: Device or resource busy
[2026-07-22T00:06:37.047] error: slurm_set_addr: Unable to resolve "slurmctl02"
[2026-07-22T00:07:02.054] error: _xgetaddrinfo: getaddrinfo(slurmctl01:6817) failed: System error: Device or resource busy
[2026-07-22T00:07:02.055] error: slurm_set_addr: Unable to resolve "slurmctl01"
[2026-07-22T00:07:02.060] error: _xgetaddrinfo: getaddrinfo(slurmctl02:6817) failed: System error: Device or resource busy
[2026-07-22T00:07:02.060] error: slurm_set_addr: Unable to resolve "slurmctl02"
[2026-07-22T00:07:27.067] error: _xgetaddrinfo: getaddrinfo(slurmctl01:6817) failed: System error: Device or resource busy
[2026-07-22T00:07:27.067] error: slurm_set_addr: Unable to resolve "slurmctl01"
[2026-07-22T00:07:27.073] error: _xgetaddrinfo: getaddrinfo(slurmctl02:6817) failed: System error: Device or resource busy
[2026-07-22T00:07:27.073] error: slurm_set_addr: Unable to resolve "slurmctl02"
[2026-07-22T00:07:52.081] error: _xgetaddrinfo: getaddrinfo(slurmctl01:6817) failed: System error: Device or resource busy
[2026-07-22T00:07:52.081] error: slurm_set_addr: Unable to resolve "slurmctl01"
[2026-07-22T00:07:52.086] error: _xgetaddrinfo: getaddrinfo(slurmctl02:6817) failed: System error: Device or resource busy
[2026-07-22T00:07:52.086] error: slurm_set_addr: Unable to resolve "slurmctl02"
[2026-07-22T00:08:17.093] error: _xgetaddrinfo: getaddrinfo(slurmctl01:6817) failed: System error: Device or resource busy
[2026-07-22T00:08:17.093] error: slurm_set_addr: Unable to resolve "slurmctl01"
[2026-07-22T00:08:17.098] error: _xgetaddrinfo: getaddrinfo(slurmctl02:6817) failed: System error: Device or resource busy
[2026-07-22T00:08:17.099] error: slurm_set_addr: Unable to resolve "slurmctl02"
[2026-07-22T00:08:42.108] error: _xgetaddrinfo: getaddrinfo(slurmctl01:6817) failed: System error: Device or resource busy
[2026-07-22T00:08:42.108] error: slurm_set_addr: Unable to resolve "slurmctl01"
[2026-07-22T00:08:42.113] error: _xgetaddrinfo: getaddrinfo(slurmctl02:6817) failed: System error: Device or resource busy
[2026-07-22T00:08:42.113] error: slurm_set_addr: Unable to resolve "slurmctl02"
[2026-07-22T00:09:07.122] error: _xgetaddrinfo: getaddrinfo(slurmctl01:6817) failed: System error: Device or resource busy
[2026-07-22T00:09:07.122] error: slurm_set_addr: Unable to resolve "slurmctl01"
[2026-07-22T00:09:07.127] error: _xgetaddrinfo: getaddrinfo(slurmctl02:6817) failed: System error: Device or resource busy
[2026-07-22T00:09:07.127] error: slurm_set_addr: Unable to resolve "slurmctl02"
[2026-07-22T00:09:32.135] error: _xgetaddrinfo: getaddrinfo(slurmctl01:6817) failed: System error: Device or resource busy
[2026-07-22T00:09:32.135] error: slurm_set_addr: Unable to resolve "slurmctl01"
[2026-07-22T00:09:32.141] error: _xgetaddrinfo: getaddrinfo(slurmctl02:6817) failed: System error: Device or resource busy
[2026-07-22T00:09:32.141] error: slurm_set_addr: Unable to resolve "slurmctl02"
[2026-07-22T00:09:57.148] error: _xgetaddrinfo: getaddrinfo(slurmctl01:6817) failed: System error: Device or resource busy
[2026-07-22T00:09:57.148] error: slurm_set_addr: Unable to resolve "slurmctl01"
[2026-07-22T00:09:57.154] error: _xgetaddrinfo: getaddrinfo(slurmctl02:6817) failed: System error: Device or resource busy
[2026-07-22T00:09:57.154] error: slurm_set_addr: Unable to resolve "slurmctl02"
[2026-07-22T00:10:22.161] error: _xgetaddrinfo: getaddrinfo(slurmctl01:6817) failed: System error: Device or resource busy
[2026-07-22T00:10:22.162] error: slurm_set_addr: Unable to resolve "slurmctl01"
[2026-07-22T00:10:22.167] error: _xgetaddrinfo: getaddrinfo(slurmctl02:6817) failed: System error: Device or resource busy
[2026-07-22T00:10:22.167] error: slurm_set_addr: Unable to resolve "slurmctl02"
[2026-07-22T00:10:47.174] error: _xgetaddrinfo: getaddrinfo(slurmctl01:6817) failed: System error: Device or resource busy
[2026-07-22T00:10:47.174] error: slurm_set_addr: Unable to resolve "slurmctl01"
[2026-07-22T00:10:47.180] error: _xgetaddrinfo: getaddrinfo(slurmctl02:6817) failed: System error: Device or resource busy
[2026-07-22T00:10:47.180] error: slurm_set_addr: Unable to resolve "slurmctl02"
[2026-07-22T00:11:12.188] error: _xgetaddrinfo: getaddrinfo(slurmctl01:6817) failed: System error: Device or resource busy
[2026-07-22T00:11:12.188] error: slurm_set_addr: Unable to resolve "slurmctl01"
[2026-07-22T00:11:12.193] error: _xgetaddrinfo: getaddrinfo(slurmctl02:6817) failed: System error: Device or resource busy
[2026-07-22T00:11:12.193] error: slurm_set_addr: Unable to resolve "slurmctl02"
[2026-07-22T00:11:37.199] error: _xgetaddrinfo: getaddrinfo(slurmctl01:6817) failed: System error: Device or resource busy
[2026-07-22T00:11:37.200] error: slurm_set_addr: Unable to resolve "slurmctl01"
[2026-07-22T00:11:37.204] error: _xgetaddrinfo: getaddrinfo(slurmctl02:6817) failed: System error: Device or resource busy
[2026-07-22T00:11:37.204] error: slurm_set_addr: Unable to resolve "slurmctl02"
[2026-07-22T00:12:02.212] error: _xgetaddrinfo: getaddrinfo(slurmctl01:6817) failed: System error: Device or resource busy
[2026-07-22T00:12:02.212] error: slurm_set_addr: Unable to resolve "slurmctl01"
[2026-07-22T00:12:02.217] error: _xgetaddrinfo: getaddrinfo(slurmctl02:6817) failed: System error: Device or resource busy
[2026-07-22T00:12:02.217] error: slurm_set_addr: Unable to resolve "slurmctl02"
[2026-07-22T00:12:27.224] error: _xgetaddrinfo: getaddrinfo(slurmctl01:6817) failed: System error: Device or resource busy
[2026-07-22T00:12:27.224] error: slurm_set_addr: Unable to resolve "slurmctl01"
[2026-07-22T00:12:27.229] error: _xgetaddrinfo: getaddrinfo(slurmctl02:6817) failed: System error: Device or resource busy
[2026-07-22T00:12:27.230] error: slurm_set_addr: Unable to resolve "slurmctl02"
[2026-07-22T00:12:52.237] error: _xgetaddrinfo: getaddrinfo(slurmctl01:6817) failed: System error: Device or resource busy
[2026-07-22T00:12:52.237] error: slurm_set_addr: Unable to resolve "slurmctl01"
[2026-07-22T00:12:52.242] error: _xgetaddrinfo: getaddrinfo(slurmctl02:6817) failed: System error: Device or resource busy
[2026-07-22T00:12:52.242] error: slurm_set_addr: Unable to resolve "slurmctl02"
[2026-07-22T00:13:17.249] error: _xgetaddrinfo: getaddrinfo(slurmctl01:6817) failed: System error: Device or resource busy
[2026-07-22T00:13:17.250] error: slurm_set_addr: Unable to resolve "slurmctl01"
[2026-07-22T00:13:17.255] error: _xgetaddrinfo: getaddrinfo(slurmctl02:6817) failed: System error: Device or resource busy
[2026-07-22T00:13:17.255] error: slurm_set_addr: Unable to resolve "slurmctl02"
[2026-07-22T00:13:42.262] error: _xgetaddrinfo: getaddrinfo(slurmctl01:6817) failed: System error: Device or resource busy
[2026-07-22T00:13:42.263] error: slurm_set_addr: Unable to resolve "slurmctl01"
[2026-07-22T00:13:42.268] error: _xgetaddrinfo: getaddrinfo(slurmctl02:6817) failed: System error: Device or resource busy
[2026-07-22T00:13:42.268] error: slurm_set_addr: Unable to resolve "slurmctl02"
[2026-07-22T00:14:07.275] error: _xgetaddrinfo: getaddrinfo(slurmctl01:6817) failed: System error: Device or resource busy
[2026-07-22T00:14:07.276] error: slurm_set_addr: Unable to resolve "slurmctl01"
[2026-07-22T00:14:07.281] error: _xgetaddrinfo: getaddrinfo(slurmctl02:6817) failed: System error: Device or resource busy
[2026-07-22T00:14:07.281] error: slurm_set_addr: Unable to resolve "slurmctl02"
[2026-07-22T00:14:32.288] error: _xgetaddrinfo: getaddrinfo(slurmctl01:6817) failed: System error: Device or resource busy
[2026-07-22T00:14:32.288] error: slurm_set_addr: Unable to resolve "slurmctl01"
[2026-07-22T00:14:32.294] error: _xgetaddrinfo: getaddrinfo(slurmctl02:6817) failed: System error: Device or resource busy
[2026-07-22T00:14:32.294] error: slurm_set_addr: Unable to resolve "slurmctl02"
[2026-07-22T00:14:57.301] error: _xgetaddrinfo: getaddrinfo(slurmctl01:6817) failed: System error: Device or resource busy
[2026-07-22T00:14:57.301] error: slurm_set_addr: Unable to resolve "slurmctl01"
[2026-07-22T00:14:57.306] error: _xgetaddrinfo: getaddrinfo(slurmctl02:6817) failed: System error: Device or resource busy
[2026-07-22T00:14:57.306] error: slurm_set_addr: Unable to resolve "slurmctl02"
[2026-07-22T00:15:22.314] error: _xgetaddrinfo: getaddrinfo(slurmctl01:6817) failed: System error: Device or resource busy
[2026-07-22T00:15:22.314] error: slurm_set_addr: Unable to resolve "slurmctl01"
[2026-07-22T00:15:22.319] error: _xgetaddrinfo: getaddrinfo(slurmctl02:6817) failed: System error: Device or resource busy
[2026-07-22T00:15:22.319] error: slurm_set_addr: Unable to resolve "slurmctl02"
[2026-07-22T00:15:47.326] error: _xgetaddrinfo: getaddrinfo(slurmctl01:6817) failed: System error: Device or resource busy
[2026-07-22T00:15:47.326] error: slurm_set_addr: Unable to resolve "slurmctl01"
[2026-07-22T00:15:47.331] error: _xgetaddrinfo: getaddrinfo(slurmctl02:6817) failed: System error: Device or resource busy
[2026-07-22T00:15:47.332] error: slurm_set_addr: Unable to resolve "slurmctl02"
[2026-07-22T00:16:12.339] error: _xgetaddrinfo: getaddrinfo(slurmctl01:6817) failed: System error: Device or resource busy
[2026-07-22T00:16:12.339] error: slurm_set_addr: Unable to resolve "slurmctl01"
[2026-07-22T00:16:12.344] error: _xgetaddrinfo: getaddrinfo(slurmctl02:6817) failed: System error: Device or resource busy
[2026-07-22T00:16:12.344] error: slurm_set_addr: Unable to resolve "slurmctl02"
[2026-07-22T00:16:37.351] error: _xgetaddrinfo: getaddrinfo(slurmctl01:6817) failed: System error: Device or resource busy
[2026-07-22T00:16:37.351] error: slurm_set_addr: Unable to resolve "slurmctl01"
[2026-07-22T00:16:37.356] error: _xgetaddrinfo: getaddrinfo(slurmctl02:6817) failed: System error: Device or resource busy
[2026-07-22T00:16:37.356] error: slurm_set_addr: Unable to resolve "slurmctl02"
[2026-07-22T00:17:02.364] error: _xgetaddrinfo: getaddrinfo(slurmctl01:6817) failed: System error: Device or resource busy
[2026-07-22T00:17:02.364] error: slurm_set_addr: Unable to resolve "slurmctl01"
[2026-07-22T00:17:02.369] error: _xgetaddrinfo: getaddrinfo(slurmctl02:6817) failed: System error: Device or resource busy
[2026-07-22T00:17:02.369] error: slurm_set_addr: Unable to resolve "slurmctl02"
[2026-07-22T00:17:27.376] error: _xgetaddrinfo: getaddrinfo(slurmctl01:6817) failed: System error: Device or resource busy
[2026-07-22T00:17:27.376] error: slurm_set_addr: Unable to resolve "slurmctl01"
[2026-07-22T00:17:27.382] error: _xgetaddrinfo: getaddrinfo(slurmctl02:6817) failed: System error: Device or resource busy
[2026-07-22T00:17:27.383] error: slurm_set_addr: Unable to resolve "slurmctl02"
[2026-07-22T00:17:52.390] error: _xgetaddrinfo: getaddrinfo(slurmctl01:6817) failed: System error: Device or resource busy
[2026-07-22T00:17:52.390] error: slurm_set_addr: Unable to resolve "slurmctl01"
[2026-07-22T00:17:52.395] error: _xgetaddrinfo: getaddrinfo(slurmctl02:6817) failed: System error: Device or resource busy
[2026-07-22T00:17:52.395] error: slurm_set_addr: Unable to resolve "slurmctl02"
[2026-07-22T00:18:17.402] error: _xgetaddrinfo: getaddrinfo(slurmctl01:6817) failed: System error: Device or resource busy
[2026-07-22T00:18:17.403] error: slurm_set_addr: Unable to resolve "slurmctl01"
[2026-07-22T00:18:17.408] error: _xgetaddrinfo: getaddrinfo(slurmctl02:6817) failed: System error: Device or resource busy
[2026-07-22T00:18:17.408] error: slurm_set_addr: Unable to resolve "slurmctl02"
[2026-07-22T00:18:42.415] error: _xgetaddrinfo: getaddrinfo(slurmctl01:6817) failed: System error: Device or resource busy
[2026-07-22T00:18:42.415] error: slurm_set_addr: Unable to resolve "slurmctl01"
[2026-07-22T00:18:42.420] error: _xgetaddrinfo: getaddrinfo(slurmctl02:6817) failed: System error: Device or resource busy
[2026-07-22T00:18:42.420] error: slurm_set_addr: Unable to resolve "slurmctl02"
[2026-07-22T00:19:07.428] error: _xgetaddrinfo: getaddrinfo(slurmctl01:6817) failed: System error: Device or resource busy
[2026-07-22T00:19:07.428] error: slurm_set_addr: Unable to resolve "slurmctl01"
[2026-07-22T00:19:07.433] error: _xgetaddrinfo: getaddrinfo(slurmctl02:6817) failed: System error: Device or resource busy
[2026-07-22T00:19:07.433] error: slurm_set_addr: Unable to resolve "slurmctl02"
[2026-07-22T00:19:32.441] error: _xgetaddrinfo: getaddrinfo(slurmctl01:6817) failed: System error: Device or resource busy
[2026-07-22T00:19:32.441] error: slurm_set_addr: Unable to resolve "slurmctl01"
[2026-07-22T00:19:32.446] error: _xgetaddrinfo: getaddrinfo(slurmctl02:6817) failed: System error: Device or resource busy
[2026-07-22T00:19:32.446] error: slurm_set_addr: Unable to resolve "slurmctl02"
[2026-07-22T00:19:57.454] error: _xgetaddrinfo: getaddrinfo(slurmctl01:6817) failed: System error: Device or resource busy
[2026-07-22T00:19:57.454] error: slurm_set_addr: Unable to resolve "slurmctl01"
[2026-07-22T00:19:57.459] error: _xgetaddrinfo: getaddrinfo(slurmctl02:6817) failed: System error: Device or resource busy
[2026-07-22T00:19:57.459] error: slurm_set_addr: Unable to resolve "slurmctl02"
[2026-07-22T00:20:22.467] error: _xgetaddrinfo: getaddrinfo(slurmctl01:6817) failed: System error: Device or resource busy
[2026-07-22T00:20:22.468] error: slurm_set_addr: Unable to resolve "slurmctl01"
[2026-07-22T00:20:22.473] error: _xgetaddrinfo: getaddrinfo(slurmctl02:6817) failed: System error: Device or resource busy
[2026-07-22T00:20:22.473] error: slurm_set_addr: Unable to resolve "slurmctl02"
[2026-07-22T00:20:47.480] error: _xgetaddrinfo: getaddrinfo(slurmctl01:6817) failed: System error: Device or resource busy
[2026-07-22T00:20:47.481] error: slurm_set_addr: Unable to resolve "slurmctl01"
[2026-07-22T00:20:47.485] error: _xgetaddrinfo: getaddrinfo(slurmctl02:6817) failed: System error: Device or resource busy
[2026-07-22T00:20:47.485] error: slurm_set_addr: Unable to resolve "slurmctl02"
[2026-07-22T00:21:12.493] error: _xgetaddrinfo: getaddrinfo(slurmctl01:6817) failed: System error: Device or resource busy
[2026-07-22T00:21:12.493] error: slurm_set_addr: Unable to resolve "slurmctl01"
[2026-07-22T00:21:12.498] error: _xgetaddrinfo: getaddrinfo(slurmctl02:6817) failed: System error: Device or resource busy
[2026-07-22T00:21:12.498] error: slurm_set_addr: Unable to resolve "slurmctl02"
[2026-07-22T00:21:37.506] error: _xgetaddrinfo: getaddrinfo(slurmctl01:6817) failed: System error: Device or resource busy
[2026-07-22T00:21:37.506] error: slurm_set_addr: Unable to resolve "slurmctl01"
[2026-07-22T00:21:37.511] error: _xgetaddrinfo: getaddrinfo(slurmctl02:6817) failed: System error: Device or resource busy
[2026-07-22T00:21:37.511] error: slurm_set_addr: Unable to resolve "slurmctl02"
[2026-07-22T00:22:02.519] error: _xgetaddrinfo: getaddrinfo(slurmctl01:6817) failed: System error: Device or resource busy
[2026-07-22T00:22:02.519] error: slurm_set_addr: Unable to resolve "slurmctl01"
[2026-07-22T00:22:02.524] error: _xgetaddrinfo: getaddrinfo(slurmctl02:6817) failed: System error: Device or resource busy
[2026-07-22T00:22:02.524] error: slurm_set_addr: Unable to resolve "slurmctl02"
[2026-07-22T00:22:27.532] error: _xgetaddrinfo: getaddrinfo(slurmctl01:6817) failed: System error: Device or resource busy
[2026-07-22T00:22:27.532] error: slurm_set_addr: Unable to resolve "slurmctl01"
[2026-07-22T00:22:27.538] error: _xgetaddrinfo: getaddrinfo(slurmctl02:6817) failed: System error: Device or resource busy
[2026-07-22T00:22:27.538] error: slurm_set_addr: Unable to resolve "slurmctl02"
[2026-07-22T00:22:52.545] error: _xgetaddrinfo: getaddrinfo(slurmctl01:6817) failed: System error: Device or resource busy
[2026-07-22T00:22:52.545] error: slurm_set_addr: Unable to resolve "slurmctl01"
[2026-07-22T00:22:52.550] error: _xgetaddrinfo: getaddrinfo(slurmctl02:6817) failed: System error: Device or resource busy
[2026-07-22T00:22:52.550] error: slurm_set_addr: Unable to resolve "slurmctl02"
[2026-07-22T00:23:17.558] error: _xgetaddrinfo: getaddrinfo(slurmctl01:6817) failed: System error: Device or resource busy
[2026-07-22T00:23:17.558] error: slurm_set_addr: Unable to resolve "slurmctl01"
[2026-07-22T00:23:17.563] error: _xgetaddrinfo: getaddrinfo(slurmctl02:6817) failed: System error: Device or resource busy
[2026-07-22T00:23:17.563] error: slurm_set_addr: Unable to resolve "slurmctl02"
[2026-07-22T00:23:42.571] error: _xgetaddrinfo: getaddrinfo(slurmctl01:6817) failed: System error: Device or resource busy
[2026-07-22T00:23:42.571] error: slurm_set_addr: Unable to resolve "slurmctl01"
[2026-07-22T00:23:42.576] error: _xgetaddrinfo: getaddrinfo(slurmctl02:6817) failed: System error: Device or resource busy
[2026-07-22T00:23:42.576] error: slurm_set_addr: Unable to resolve "slurmctl02"
[2026-07-22T00:24:07.584] error: _xgetaddrinfo: getaddrinfo(slurmctl01:6817) failed: System error: Device or resource busy
[2026-07-22T00:24:07.584] error: slurm_set_addr: Unable to resolve "slurmctl01"
[2026-07-22T00:24:07.589] error: _xgetaddrinfo: getaddrinfo(slurmctl02:6817) failed: System error: Device or resource busy
[2026-07-22T00:24:07.589] error: slurm_set_addr: Unable to resolve "slurmctl02"
[2026-07-22T00:24:32.596] error: _xgetaddrinfo: getaddrinfo(slurmctl01:6817) failed: System error: Device or resource busy
[2026-07-22T00:24:32.596] error: slurm_set_addr: Unable to resolve "slurmctl01"
[2026-07-22T00:24:32.603] error: _xgetaddrinfo: getaddrinfo(slurmctl02:6817) failed: System error: Device or resource busy
[2026-07-22T00:24:32.603] error: slurm_set_addr: Unable to resolve "slurmctl02"
[2026-07-22T00:24:57.610] error: _xgetaddrinfo: getaddrinfo(slurmctl01:6817) failed: System error: Device or resource busy
[2026-07-22T00:24:57.610] error: slurm_set_addr: Unable to resolve "slurmctl01"
[2026-07-22T00:24:57.615] error: _xgetaddrinfo: getaddrinfo(slurmctl02:6817) failed: System error: Device or resource busy
[2026-07-22T00:24:57.615] error: slurm_set_addr: Unable to resolve "slurmctl02"
[2026-07-22T00:25:30.899] error: _xgetaddrinfo: getaddrinfo(slurmctl01:6817) failed: System error: Device or resource busy
[2026-07-22T00:25:30.899] error: slurm_set_addr: Unable to resolve "slurmctl01"
[2026-07-22T00:25:35.907] error: _xgetaddrinfo: getaddrinfo(slurmctl02:6817) failed: System error: Device or resource busy
[2026-07-22T00:25:35.907] error: slurm_set_addr: Unable to resolve "slurmctl02"
[2026-07-22T00:26:10.919] error: _xgetaddrinfo: getaddrinfo(slurmctl01:6817) failed: System error: Device or resource busy
[2026-07-22T00:26:10.919] error: slurm_set_addr: Unable to resolve "slurmctl01"
[2026-07-22T00:26:15.926] error: _xgetaddrinfo: getaddrinfo(slurmctl02:6817) failed: System error: Device or resource busy
[2026-07-22T00:26:15.926] error: slurm_set_addr: Unable to resolve "slurmctl02"
[2026-07-22T00:26:45.935] error: _xgetaddrinfo: getaddrinfo(slurmctl01:6817) failed: System error: Device or resource busy
[2026-07-22T00:26:45.936] error: slurm_set_addr: Unable to resolve "slurmctl01"
[2026-07-22T00:26:50.943] error: _xgetaddrinfo: getaddrinfo(slurmctl02:6817) failed: System error: Device or resource busy
[2026-07-22T00:26:50.943] error: slurm_set_addr: Unable to resolve "slurmctl02"
[2026-07-22T00:27:15.952] error: _xgetaddrinfo: getaddrinfo(slurmctl01:6817) failed: System error: Device or resource busy
[2026-07-22T00:27:15.952] error: slurm_set_addr: Unable to resolve "slurmctl01"
[2026-07-22T00:27:15.958] error: _xgetaddrinfo: getaddrinfo(slurmctl02:6817) failed: System error: Device or resource busy
[2026-07-22T00:27:15.958] error: slurm_set_addr: Unable to resolve "slurmctl02"
[2026-07-22T00:27:40.969] error: _xgetaddrinfo: getaddrinfo(slurmctl01:6817) failed: System error: Device or resource busy
[2026-07-22T00:27:40.969] error: slurm_set_addr: Unable to resolve "slurmctl01"
[2026-07-22T00:27:40.974] error: _xgetaddrinfo: getaddrinfo(slurmctl02:6817) failed: System error: Device or resource busy
[2026-07-22T00:27:40.974] error: slurm_set_addr: Unable to resolve "slurmctl02"
[2026-07-22T00:28:05.983] error: _xgetaddrinfo: getaddrinfo(slurmctl01:6817) failed: System error: Device or resource busy
[2026-07-22T00:28:05.983] error: slurm_set_addr: Unable to resolve "slurmctl01"
[2026-07-22T00:28:05.989] error: _xgetaddrinfo: getaddrinfo(slurmctl02:6817) failed: System error: Device or resource busy
[2026-07-22T00:28:05.989] error: slurm_set_addr: Unable to resolve "slurmctl02"
[2026-07-22T00:28:30.997] error: _xgetaddrinfo: getaddrinfo(slurmctl01:6817) failed: System error: Device or resource busy
[2026-07-22T00:28:30.998] error: slurm_set_addr: Unable to resolve "slurmctl01"
[2026-07-22T00:28:31.004] error: _xgetaddrinfo: getaddrinfo(slurmctl02:6817) failed: System error: Device or resource busy
[2026-07-22T00:28:31.004] error: slurm_set_addr: Unable to resolve "slurmctl02"
[2026-07-22T00:28:56.013] error: _xgetaddrinfo: getaddrinfo(slurmctl01:6817) failed: System error: Device or resource busy
[2026-07-22T00:28:56.013] error: slurm_set_addr: Unable to resolve "slurmctl01"
[2026-07-22T00:28:56.019] error: _xgetaddrinfo: getaddrinfo(slurmctl02:6817) failed: System error: Device or resource busy
[2026-07-22T00:28:56.019] error: slurm_set_addr: Unable to resolve "slurmctl02"
[2026-07-22T00:29:21.027] error: _xgetaddrinfo: getaddrinfo(slurmctl01:6817) failed: System error: Device or resource busy
[2026-07-22T00:29:21.028] error: slurm_set_addr: Unable to resolve "slurmctl01"
[2026-07-22T00:29:21.039] error: _xgetaddrinfo: getaddrinfo(slurmctl02:6817) failed: System error: Device or resource busy
[2026-07-22T00:29:21.039] error: slurm_set_addr: Unable to resolve "slurmctl02"
[2026-07-22T00:29:46.047] error: _xgetaddrinfo: getaddrinfo(slurmctl01:6817) failed: System error: Device or resource busy
[2026-07-22T00:29:46.047] error: slurm_set_addr: Unable to resolve "slurmctl01"
[2026-07-22T00:29:46.053] error: _xgetaddrinfo: getaddrinfo(slurmctl02:6817) failed: System error: Device or resource busy
[2026-07-22T00:29:46.053] error: slurm_set_addr: Unable to resolve "slurmctl02"
[2026-07-22T00:30:11.062] error: _xgetaddrinfo: getaddrinfo(slurmctl01:6817) failed: System error: Device or resource busy
[2026-07-22T00:30:11.062] error: slurm_set_addr: Unable to resolve "slurmctl01"
[2026-07-22T00:30:11.068] error: _xgetaddrinfo: getaddrinfo(slurmctl02:6817) failed: System error: Device or resource busy
[2026-07-22T00:30:11.068] error: slurm_set_addr: Unable to resolve "slurmctl02"
[2026-07-22T00:30:36.081] error: _xgetaddrinfo: getaddrinfo(slurmctl01:6817) failed: System error: Device or resource busy
[2026-07-22T00:30:36.081] error: slurm_set_addr: Unable to resolve "slurmctl01"
[2026-07-22T00:30:36.087] error: _xgetaddrinfo: getaddrinfo(slurmctl02:6817) failed: System error: Device or resource busy
[2026-07-22T00:30:36.087] error: slurm_set_addr: Unable to resolve "slurmctl02"
[2026-07-22T00:31:01.104] error: _xgetaddrinfo: getaddrinfo(slurmctl01:6817) failed: System error: Device or resource busy
[2026-07-22T00:31:01.107] error: slurm_set_addr: Unable to resolve "slurmctl01"
[2026-07-22T00:31:01.112] error: _xgetaddrinfo: getaddrinfo(slurmctl02:6817) failed: System error: Device or resource busy
[2026-07-22T00:31:01.113] error: slurm_set_addr: Unable to resolve "slurmctl02"
[2026-07-22T00:31:26.121] error: _xgetaddrinfo: getaddrinfo(slurmctl01:6817) failed: System error: Device or resource busy
[2026-07-22T00:31:26.121] error: slurm_set_addr: Unable to resolve "slurmctl01"
[2026-07-22T00:31:26.127] error: _xgetaddrinfo: getaddrinfo(slurmctl02:6817) failed: System error: Device or resource busy
[2026-07-22T00:31:26.128] error: slurm_set_addr: Unable to resolve "slurmctl02"
[2026-07-22T00:31:51.136] error: _xgetaddrinfo: getaddrinfo(slurmctl01:6817) failed: System error: Device or resource busy
[2026-07-22T00:31:51.136] error: slurm_set_addr: Unable to resolve "slurmctl01"
[2026-07-22T00:31:51.142] error: _xgetaddrinfo: getaddrinfo(slurmctl02:6817) failed: System error: Device or resource busy
[2026-07-22T00:31:51.142] error: slurm_set_addr: Unable to resolve "slurmctl02"
[2026-07-22T00:32:16.151] error: _xgetaddrinfo: getaddrinfo(slurmctl01:6817) failed: System error: Device or resource busy
[2026-07-22T00:32:16.151] error: slurm_set_addr: Unable to resolve "slurmctl01"
[2026-07-22T00:32:16.157] error: _xgetaddrinfo: getaddrinfo(slurmctl02:6817) failed: System error: Device or resource busy
[2026-07-22T00:32:16.157] error: slurm_set_addr: Unable to resolve "slurmctl02"
[2026-07-22T00:32:41.165] error: _xgetaddrinfo: getaddrinfo(slurmctl01:6817) failed: System error: Device or resource busy
[2026-07-22T00:32:41.165] error: slurm_set_addr: Unable to resolve "slurmctl01"
[2026-07-22T00:32:41.171] error: _xgetaddrinfo: getaddrinfo(slurmctl02:6817) failed: System error: Device or resource busy
[2026-07-22T00:32:41.171] error: slurm_set_addr: Unable to resolve "slurmctl02"
[2026-07-22T00:33:06.179] error: _xgetaddrinfo: getaddrinfo(slurmctl01:6817) failed: System error: Device or resource busy
[2026-07-22T00:33:06.179] error: slurm_set_addr: Unable to resolve "slurmctl01"
[2026-07-22T00:33:06.185] error: _xgetaddrinfo: getaddrinfo(slurmctl02:6817) failed: System error: Device or resource busy
[2026-07-22T00:33:06.185] error: slurm_set_addr: Unable to resolve "slurmctl02"
[2026-07-22T00:33:31.193] error: _xgetaddrinfo: getaddrinfo(slurmctl01:6817) failed: System error: Device or resource busy
[2026-07-22T00:33:31.193] error: slurm_set_addr: Unable to resolve "slurmctl01"
[2026-07-22T00:33:31.198] error: _xgetaddrinfo: getaddrinfo(slurmctl02:6817) failed: System error: Device or resource busy
[2026-07-22T00:33:31.198] error: slurm_set_addr: Unable to resolve "slurmctl02"
[2026-07-22T00:33:56.206] error: _xgetaddrinfo: getaddrinfo(slurmctl01:6817) failed: System error: Device or resource busy
[2026-07-22T00:33:56.206] error: slurm_set_addr: Unable to resolve "slurmctl01"
[2026-07-22T00:33:56.212] error: _xgetaddrinfo: getaddrinfo(slurmctl02:6817) failed: System error: Device or resource busy
[2026-07-22T00:33:56.212] error: slurm_set_addr: Unable to resolve "slurmctl02"
[2026-07-22T00:34:21.220] error: _xgetaddrinfo: getaddrinfo(slurmctl01:6817) failed: System error: Device or resource busy
[2026-07-22T00:34:21.221] error: slurm_set_addr: Unable to resolve "slurmctl01"
[2026-07-22T00:34:21.227] error: _xgetaddrinfo: getaddrinfo(slurmctl02:6817) failed: System error: Device or resource busy
[2026-07-22T00:34:21.227] error: slurm_set_addr: Unable to resolve "slurmctl02"
[2026-07-22T00:34:46.236] error: _xgetaddrinfo: getaddrinfo(slurmctl01:6817) failed: System error: Device or resource busy
[2026-07-22T00:34:46.236] error: slurm_set_addr: Unable to resolve "slurmctl01"
[2026-07-22T00:34:46.242] error: _xgetaddrinfo: getaddrinfo(slurmctl02:6817) failed: System error: Device or resource busy
[2026-07-22T00:34:46.242] error: slurm_set_addr: Unable to resolve "slurmctl02"
[2026-07-22T00:35:11.249] error: _xgetaddrinfo: getaddrinfo(slurmctl01:6817) failed: System error: Device or resource busy
[2026-07-22T00:35:11.250] error: slurm_set_addr: Unable to resolve "slurmctl01"
[2026-07-22T00:35:11.255] error: _xgetaddrinfo: getaddrinfo(slurmctl02:6817) failed: System error: Device or resource busy
[2026-07-22T00:35:11.255] error: slurm_set_addr: Unable to resolve "slurmctl02"
[2026-07-22T00:35:36.264] error: _xgetaddrinfo: getaddrinfo(slurmctl01:6817) failed: System error: Device or resource busy
[2026-07-22T00:35:36.264] error: slurm_set_addr: Unable to resolve "slurmctl01"
[2026-07-22T00:35:36.270] error: _xgetaddrinfo: getaddrinfo(slurmctl02:6817) failed: System error: Device or resource busy
[2026-07-22T00:35:36.270] error: slurm_set_addr: Unable to resolve "slurmctl02"
[2026-07-22T00:36:01.279] error: _xgetaddrinfo: getaddrinfo(slurmctl01:6817) failed: System error: Device or resource busy
[2026-07-22T00:36:01.279] error: slurm_set_addr: Unable to resolve "slurmctl01"
[2026-07-22T00:36:01.285] error: _xgetaddrinfo: getaddrinfo(slurmctl02:6817) failed: System error: Device or resource busy
[2026-07-22T00:36:01.285] error: slurm_set_addr: Unable to resolve "slurmctl02"
[2026-07-22T00:36:26.294] error: _xgetaddrinfo: getaddrinfo(slurmctl01:6817) failed: System error: Device or resource busy
[2026-07-22T00:36:26.294] error: slurm_set_addr: Unable to resolve "slurmctl01"
[2026-07-22T00:36:26.301] error: _xgetaddrinfo: getaddrinfo(slurmctl02:6817) failed: System error: Device or resource busy
[2026-07-22T00:36:26.301] error: slurm_set_addr: Unable to resolve "slurmctl02"
[2026-07-22T00:36:51.309] error: _xgetaddrinfo: getaddrinfo(slurmctl01:6817) failed: System error: Device or resource busy
[2026-07-22T00:36:51.309] error: slurm_set_addr: Unable to resolve "slurmctl01"
[2026-07-22T00:36:51.315] error: _xgetaddrinfo: getaddrinfo(slurmctl02:6817) failed: System error: Device or resource busy
[2026-07-22T00:36:51.315] error: slurm_set_addr: Unable to resolve "slurmctl02"
[2026-07-22T00:37:16.323] error: _xgetaddrinfo: getaddrinfo(slurmctl01:6817) failed: System error: Device or resource busy
[2026-07-22T00:37:16.323] error: slurm_set_addr: Unable to resolve "slurmctl01"
[2026-07-22T00:37:16.329] error: _xgetaddrinfo: getaddrinfo(slurmctl02:6817) failed: System error: Device or resource busy
[2026-07-22T00:37:16.329] error: slurm_set_addr: Unable to resolve "slurmctl02"
[2026-07-22T00:37:41.337] error: _xgetaddrinfo: getaddrinfo(slurmctl01:6817) failed: System error: Device or resource busy
[2026-07-22T00:37:41.337] error: slurm_set_addr: Unable to resolve "slurmctl01"
[2026-07-22T00:37:41.342] error: _xgetaddrinfo: getaddrinfo(slurmctl02:6817) failed: System error: Device or resource busy
[2026-07-22T00:37:41.342] error: slurm_set_addr: Unable to resolve "slurmctl02"
[2026-07-22T00:38:06.350] error: _xgetaddrinfo: getaddrinfo(slurmctl01:6817) failed: System error: Device or resource busy
[2026-07-22T00:38:06.350] error: slurm_set_addr: Unable to resolve "slurmctl01"
[2026-07-22T00:38:06.356] error: _xgetaddrinfo: getaddrinfo(slurmctl02:6817) failed: System error: Device or resource busy
[2026-07-22T00:38:06.356] error: slurm_set_addr: Unable to resolve "slurmctl02"
[2026-07-22T00:38:31.364] error: _xgetaddrinfo: getaddrinfo(slurmctl01:6817) failed: System error: Device or resource busy
[2026-07-22T00:38:31.364] error: slurm_set_addr: Unable to resolve "slurmctl01"
[2026-07-22T00:38:31.371] error: _xgetaddrinfo: getaddrinfo(slurmctl02:6817) failed: System error: Device or resource busy
[2026-07-22T00:38:31.371] error: slurm_set_addr: Unable to resolve "slurmctl02"
[2026-07-22T00:38:56.378] error: _xgetaddrinfo: getaddrinfo(slurmctl01:6817) failed: System error: Device or resource busy
[2026-07-22T00:38:56.378] error: slurm_set_addr: Unable to resolve "slurmctl01"
[2026-07-22T00:38:56.384] error: _xgetaddrinfo: getaddrinfo(slurmctl02:6817) failed: System error: Device or resource busy
[2026-07-22T00:38:56.384] error: slurm_set_addr: Unable to resolve "slurmctl02"
[2026-07-22T00:39:21.393] error: _xgetaddrinfo: getaddrinfo(slurmctl01:6817) failed: System error: Device or resource busy
[2026-07-22T00:39:21.393] error: slurm_set_addr: Unable to resolve "slurmctl01"
[2026-07-22T00:39:21.399] error: _xgetaddrinfo: getaddrinfo(slurmctl02:6817) failed: System error: Device or resource busy
[2026-07-22T00:39:21.399] error: slurm_set_addr: Unable to resolve "slurmctl02"
[2026-07-22T00:39:46.408] error: _xgetaddrinfo: getaddrinfo(slurmctl01:6817) failed: System error: Device or resource busy
[2026-07-22T00:39:46.408] error: slurm_set_addr: Unable to resolve "slurmctl01"
[2026-07-22T00:39:46.414] error: _xgetaddrinfo: getaddrinfo(slurmctl02:6817) failed: System error: Device or resource busy
[2026-07-22T00:39:46.415] error: slurm_set_addr: Unable to resolve "slurmctl02"
[2026-07-22T00:40:11.516] error: _xgetaddrinfo: getaddrinfo(slurmctl01:6817) failed: System error: Device or resource busy
[2026-07-22T00:40:11.516] error: slurm_set_addr: Unable to resolve "slurmctl01"
[2026-07-22T00:40:11.522] error: _xgetaddrinfo: getaddrinfo(slurmctl02:6817) failed: System error: Device or resource busy
[2026-07-22T00:40:11.522] error: slurm_set_addr: Unable to resolve "slurmctl02"
[2026-07-22T00:40:36.530] error: _xgetaddrinfo: getaddrinfo(slurmctl01:6817) failed: System error: Device or resource busy
[2026-07-22T00:40:36.530] error: slurm_set_addr: Unable to resolve "slurmctl01"
[2026-07-22T00:40:36.536] error: _xgetaddrinfo: getaddrinfo(slurmctl02:6817) failed: System error: Device or resource busy
[2026-07-22T00:40:36.536] error: slurm_set_addr: Unable to resolve "slurmctl02"
[2026-07-22T00:41:11.128] error: _xgetaddrinfo: getaddrinfo(slurmctl01:6817) failed: System error: Device or resource busy
[2026-07-22T00:41:11.128] error: slurm_set_addr: Unable to resolve "slurmctl01"
[2026-07-22T00:41:16.141] error: _xgetaddrinfo: getaddrinfo(slurmctl02:6817) failed: System error: Device or resource busy
[2026-07-22T00:41:16.141] error: slurm_set_addr: Unable to resolve "slurmctl02"
[2026-07-22T00:41:46.179] error: _xgetaddrinfo: getaddrinfo(slurmctl01:6817) failed: System error: Device or resource busy
[2026-07-22T00:41:46.179] error: slurm_set_addr: Unable to resolve "slurmctl01"
[2026-07-22T00:41:51.187] error: _xgetaddrinfo: getaddrinfo(slurmctl02:6817) failed: System error: Device or resource busy
[2026-07-22T00:41:51.187] error: slurm_set_addr: Unable to resolve "slurmctl02"
[2026-07-22T00:42:16.195] error: _xgetaddrinfo: getaddrinfo(slurmctl01:6817) failed: System error: Device or resource busy
[2026-07-22T00:42:16.196] error: slurm_set_addr: Unable to resolve "slurmctl01"
[2026-07-22T00:42:16.207] error: _xgetaddrinfo: getaddrinfo(slurmctl02:6817) failed: System error: Device or resource busy
[2026-07-22T00:42:16.207] error: slurm_set_addr: Unable to resolve "slurmctl02"
[2026-07-22T00:42:41.216] error: _xgetaddrinfo: getaddrinfo(slurmctl01:6817) failed: System error: Device or resource busy
[2026-07-22T00:42:41.216] error: slurm_set_addr: Unable to resolve "slurmctl01"
[2026-07-22T00:42:41.237] error: _xgetaddrinfo: getaddrinfo(slurmctl02:6817) failed: System error: Device or resource busy
[2026-07-22T00:42:41.238] error: slurm_set_addr: Unable to resolve "slurmctl02"
[2026-07-22T00:43:06.247] error: _xgetaddrinfo: getaddrinfo(slurmctl01:6817) failed: System error: Device or resource busy
[2026-07-22T00:43:06.247] error: slurm_set_addr: Unable to resolve "slurmctl01"
[2026-07-22T00:43:06.253] error: _xgetaddrinfo: getaddrinfo(slurmctl02:6817) failed: System error: Device or resource busy
[2026-07-22T00:43:06.253] error: slurm_set_addr: Unable to resolve "slurmctl02"
[2026-07-22T00:43:31.261] error: _xgetaddrinfo: getaddrinfo(slurmctl01:6817) failed: System error: Device or resource busy
[2026-07-22T00:43:31.261] error: slurm_set_addr: Unable to resolve "slurmctl01"
[2026-07-22T00:43:31.267] error: _xgetaddrinfo: getaddrinfo(slurmctl02:6817) failed: System error: Device or resource busy
[2026-07-22T00:43:31.267] error: slurm_set_addr: Unable to resolve "slurmctl02"
[2026-07-22T00:43:56.312] error: _xgetaddrinfo: getaddrinfo(slurmctl01:6817) failed: System error: Device or resource busy
[2026-07-22T00:43:56.312] error: slurm_set_addr: Unable to resolve "slurmctl01"
[2026-07-22T00:43:56.319] error: _xgetaddrinfo: getaddrinfo(slurmctl02:6817) failed: System error: Device or resource busy
[2026-07-22T00:43:56.320] error: slurm_set_addr: Unable to resolve "slurmctl02"
[2026-07-22T00:44:21.327] error: _xgetaddrinfo: getaddrinfo(slurmctl01:6817) failed: System error: Device or resource busy
[2026-07-22T00:44:21.327] error: slurm_set_addr: Unable to resolve "slurmctl01"
[2026-07-22T00:44:21.333] error: _xgetaddrinfo: getaddrinfo(slurmctl02:6817) failed: System error: Device or resource busy
[2026-07-22T00:44:21.333] error: slurm_set_addr: Unable to resolve "slurmctl02"
[2026-07-22T00:44:46.341] error: _xgetaddrinfo: getaddrinfo(slurmctl01:6817) failed: System error: Device or resource busy
[2026-07-22T00:44:46.341] error: slurm_set_addr: Unable to resolve "slurmctl01"
[2026-07-22T00:44:46.347] error: _xgetaddrinfo: getaddrinfo(slurmctl02:6817) failed: System error: Device or resource busy
[2026-07-22T00:44:46.347] error: slurm_set_addr: Unable to resolve "slurmctl02"
[2026-07-22T00:45:11.356] error: _xgetaddrinfo: getaddrinfo(slurmctl01:6817) failed: System error: Device or resource busy
[2026-07-22T00:45:11.356] error: slurm_set_addr: Unable to resolve "slurmctl01"
[2026-07-22T00:45:11.362] error: _xgetaddrinfo: getaddrinfo(slurmctl02:6817) failed: System error: Device or resource busy
[2026-07-22T00:45:11.362] error: slurm_set_addr: Unable to resolve "slurmctl02"
[2026-07-22T00:45:36.373] error: _xgetaddrinfo: getaddrinfo(slurmctl01:6817) failed: System error: Device or resource busy
[2026-07-22T00:45:36.373] error: slurm_set_addr: Unable to resolve "slurmctl01"
[2026-07-22T00:45:36.381] error: _xgetaddrinfo: getaddrinfo(slurmctl02:6817) failed: System error: Device or resource busy
[2026-07-22T00:45:36.381] error: slurm_set_addr: Unable to resolve "slurmctl02"
[2026-07-22T00:46:01.399] error: _xgetaddrinfo: getaddrinfo(slurmctl01:6817) failed: System error: Device or resource busy
[2026-07-22T00:46:01.399] error: slurm_set_addr: Unable to resolve "slurmctl01"
[2026-07-22T00:46:01.405] error: _xgetaddrinfo: getaddrinfo(slurmctl02:6817) failed: System error: Device or resource busy
[2026-07-22T00:46:01.405] error: slurm_set_addr: Unable to resolve "slurmctl02"
[2026-07-22T00:46:26.415] error: _xgetaddrinfo: getaddrinfo(slurmctl01:6817) failed: System error: Device or resource busy
[2026-07-22T00:46:26.415] error: slurm_set_addr: Unable to resolve "slurmctl01"
[2026-07-22T00:46:26.420] error: _xgetaddrinfo: getaddrinfo(slurmctl02:6817) failed: System error: Device or resource busy
[2026-07-22T00:46:26.420] error: slurm_set_addr: Unable to resolve "slurmctl02"
[2026-07-22T00:46:51.429] error: _xgetaddrinfo: getaddrinfo(slurmctl01:6817) failed: System error: Device or resource busy
[2026-07-22T00:46:51.429] error: slurm_set_addr: Unable to resolve "slurmctl01"
[2026-07-22T00:46:51.435] error: _xgetaddrinfo: getaddrinfo(slurmctl02:6817) failed: System error: Device or resource busy
[2026-07-22T00:46:51.435] error: slurm_set_addr: Unable to resolve "slurmctl02"
[2026-07-22T00:47:16.443] error: _xgetaddrinfo: getaddrinfo(slurmctl01:6817) failed: System error: Device or resource busy
[2026-07-22T00:47:16.443] error: slurm_set_addr: Unable to resolve "slurmctl01"
[2026-07-22T00:47:16.449] error: _xgetaddrinfo: getaddrinfo(slurmctl02:6817) failed: System error: Device or resource busy
[2026-07-22T00:47:16.449] error: slurm_set_addr: Unable to resolve "slurmctl02"
[2026-07-22T00:47:41.457] error: _xgetaddrinfo: getaddrinfo(slurmctl01:6817) failed: System error: Device or resource busy
[2026-07-22T00:47:41.457] error: slurm_set_addr: Unable to resolve "slurmctl01"
[2026-07-22T00:47:41.463] error: _xgetaddrinfo: getaddrinfo(slurmctl02:6817) failed: System error: Device or resource busy
[2026-07-22T00:47:41.463] error: slurm_set_addr: Unable to resolve "slurmctl02"
[2026-07-22T00:48:06.472] error: _xgetaddrinfo: getaddrinfo(slurmctl01:6817) failed: System error: Device or resource busy
[2026-07-22T00:48:06.472] error: slurm_set_addr: Unable to resolve "slurmctl01"
[2026-07-22T00:48:11.481] error: _xgetaddrinfo: getaddrinfo(slurmctl02:6817) failed: System error: Device or resource busy
[2026-07-22T00:48:11.481] error: slurm_set_addr: Unable to resolve "slurmctl02"
[2026-07-22T00:48:36.489] error: _xgetaddrinfo: getaddrinfo(slurmctl01:6817) failed: System error: Device or resource busy
[2026-07-22T00:48:36.490] error: slurm_set_addr: Unable to resolve "slurmctl01"
[2026-07-22T00:48:36.496] error: _xgetaddrinfo: getaddrinfo(slurmctl02:6817) failed: System error: Device or resource busy
[2026-07-22T00:48:36.496] error: slurm_set_addr: Unable to resolve "slurmctl02"
[2026-07-22T00:49:01.504] error: _xgetaddrinfo: getaddrinfo(slurmctl01:6817) failed: System error: Device or resource busy
[2026-07-22T00:49:01.504] error: slurm_set_addr: Unable to resolve "slurmctl01"
[2026-07-22T00:49:01.511] error: _xgetaddrinfo: getaddrinfo(slurmctl02:6817) failed: System error: Device or resource busy
[2026-07-22T00:49:01.511] error: slurm_set_addr: Unable to resolve "slurmctl02"
[2026-07-22T00:49:26.530] error: _xgetaddrinfo: getaddrinfo(slurmctl01:6817) failed: System error: Device or resource busy
[2026-07-22T00:49:26.531] error: slurm_set_addr: Unable to resolve "slurmctl01"
[2026-07-22T00:49:26.569] error: _xgetaddrinfo: getaddrinfo(slurmctl02:6817) failed: System error: Device or resource busy
[2026-07-22T00:49:26.569] error: slurm_set_addr: Unable to resolve "slurmctl02"
[2026-07-22T00:49:51.578] error: _xgetaddrinfo: getaddrinfo(slurmctl01:6817) failed: System error: Device or resource busy
[2026-07-22T00:49:51.578] error: slurm_set_addr: Unable to resolve "slurmctl01"
[2026-07-22T00:49:51.584] error: _xgetaddrinfo: getaddrinfo(slurmctl02:6817) failed: System error: Device or resource busy
[2026-07-22T00:49:51.584] error: slurm_set_addr: Unable to resolve "slurmctl02"
[2026-07-22T00:50:16.593] error: _xgetaddrinfo: getaddrinfo(slurmctl01:6817) failed: System error: Device or resource busy
[2026-07-22T00:50:16.593] error: slurm_set_addr: Unable to resolve "slurmctl01"
[2026-07-22T00:50:16.599] error: _xgetaddrinfo: getaddrinfo(slurmctl02:6817) failed: System error: Device or resource busy
[2026-07-22T00:50:16.600] error: slurm_set_addr: Unable to resolve "slurmctl02"
[2026-07-22T00:50:41.608] error: _xgetaddrinfo: getaddrinfo(slurmctl01:6817) failed: System error: Device or resource busy
[2026-07-22T00:50:41.608] error: slurm_set_addr: Unable to resolve "slurmctl01"
[2026-07-22T00:50:41.614] error: _xgetaddrinfo: getaddrinfo(slurmctl02:6817) failed: System error: Device or resource busy
[2026-07-22T00:50:41.614] error: slurm_set_addr: Unable to resolve "slurmctl02"
[2026-07-22T00:51:06.624] error: _xgetaddrinfo: getaddrinfo(slurmctl01:6817) failed: System error: Device or resource busy
[2026-07-22T00:51:06.624] error: slurm_set_addr: Unable to resolve "slurmctl01"
[2026-07-22T00:51:06.636] error: _xgetaddrinfo: getaddrinfo(slurmctl02:6817) failed: System error: Device or resource busy
[2026-07-22T00:51:06.636] error: slurm_set_addr: Unable to resolve "slurmctl02"
[2026-07-22T00:51:31.688] error: _xgetaddrinfo: getaddrinfo(slurmctl01:6817) failed: System error: Device or resource busy
[2026-07-22T00:51:31.688] error: slurm_set_addr: Unable to resolve "slurmctl01"
[2026-07-22T00:51:31.764] error: _xgetaddrinfo: getaddrinfo(slurmctl02:6817) failed: System error: Device or resource busy
[2026-07-22T00:51:31.764] error: slurm_set_addr: Unable to resolve "slurmctl02"
[2026-07-22T00:51:56.807] error: _xgetaddrinfo: getaddrinfo(slurmctl01:6817) failed: System error: Device or resource busy
[2026-07-22T00:51:56.807] error: slurm_set_addr: Unable to resolve "slurmctl01"
[2026-07-22T00:51:56.929] error: _xgetaddrinfo: getaddrinfo(slurmctl02:6817) failed: System error: Device or resource busy
[2026-07-22T00:51:56.929] error: slurm_set_addr: Unable to resolve "slurmctl02"
[2026-07-22T00:52:21.938] error: _xgetaddrinfo: getaddrinfo(slurmctl01:6817) failed: System error: Device or resource busy
[2026-07-22T00:52:21.938] error: slurm_set_addr: Unable to resolve "slurmctl01"
[2026-07-22T00:52:21.944] error: _xgetaddrinfo: getaddrinfo(slurmctl02:6817) failed: System error: Device or resource busy
[2026-07-22T00:52:21.944] error: slurm_set_addr: Unable to resolve "slurmctl02"
[2026-07-22T00:52:46.978] error: _xgetaddrinfo: getaddrinfo(slurmctl01:6817) failed: System error: Device or resource busy
[2026-07-22T00:52:46.978] error: slurm_set_addr: Unable to resolve "slurmctl01"
[2026-07-22T00:52:46.992] error: _xgetaddrinfo: getaddrinfo(slurmctl02:6817) failed: System error: Device or resource busy
[2026-07-22T00:52:46.992] error: slurm_set_addr: Unable to resolve "slurmctl02"
[2026-07-22T00:53:12.001] error: _xgetaddrinfo: getaddrinfo(slurmctl01:6817) failed: System error: Device or resource busy
[2026-07-22T00:53:12.001] error: slurm_set_addr: Unable to resolve "slurmctl01"
[2026-07-22T00:53:12.007] error: _xgetaddrinfo: getaddrinfo(slurmctl02:6817) failed: System error: Device or resource busy
[2026-07-22T00:53:12.007] error: slurm_set_addr: Unable to resolve "slurmctl02"
[2026-07-22T00:53:37.017] error: _xgetaddrinfo: getaddrinfo(slurmctl01:6817) failed: System error: Device or resource busy
[2026-07-22T00:53:37.017] error: slurm_set_addr: Unable to resolve "slurmctl01"
[2026-07-22T00:53:37.022] error: _xgetaddrinfo: getaddrinfo(slurmctl02:6817) failed: System error: Device or resource busy
[2026-07-22T00:53:37.023] error: slurm_set_addr: Unable to resolve "slurmctl02"
[2026-07-22T00:54:02.031] error: _xgetaddrinfo: getaddrinfo(slurmctl01:6817) failed: System error: Device or resource busy
[2026-07-22T00:54:02.031] error: slurm_set_addr: Unable to resolve "slurmctl01"
[2026-07-22T00:54:02.036] error: _xgetaddrinfo: getaddrinfo(slurmctl02:6817) failed: System error: Device or resource busy
[2026-07-22T00:54:02.037] error: slurm_set_addr: Unable to resolve "slurmctl02"
[2026-07-22T00:54:27.069] error: _xgetaddrinfo: getaddrinfo(slurmctl01:6817) failed: System error: Device or resource busy
[2026-07-22T00:54:27.069] error: slurm_set_addr: Unable to resolve "slurmctl01"
[2026-07-22T00:54:27.077] error: _xgetaddrinfo: getaddrinfo(slurmctl02:6817) failed: System error: Device or resource busy
[2026-07-22T00:54:27.077] error: slurm_set_addr: Unable to resolve "slurmctl02"
[2026-07-22T00:54:52.086] error: _xgetaddrinfo: getaddrinfo(slurmctl01:6817) failed: System error: Device or resource busy
[2026-07-22T00:54:52.086] error: slurm_set_addr: Unable to resolve "slurmctl01"
[2026-07-22T00:54:52.091] error: _xgetaddrinfo: getaddrinfo(slurmctl02:6817) failed: System error: Device or resource busy
[2026-07-22T00:54:52.092] error: slurm_set_addr: Unable to resolve "slurmctl02"
[2026-07-22T00:55:17.101] error: _xgetaddrinfo: getaddrinfo(slurmctl01:6817) failed: System error: Device or resource busy
[2026-07-22T00:55:17.101] error: slurm_set_addr: Unable to resolve "slurmctl01"
[2026-07-22T00:55:17.107] error: _xgetaddrinfo: getaddrinfo(slurmctl02:6817) failed: System error: Device or resource busy
[2026-07-22T00:55:17.107] error: slurm_set_addr: Unable to resolve "slurmctl02"
[2026-07-22T00:55:52.119] error: _xgetaddrinfo: getaddrinfo(slurmctl01:6817) failed: System error: Device or resource busy
[2026-07-22T00:55:52.119] error: slurm_set_addr: Unable to resolve "slurmctl01"
[2026-07-22T00:55:57.127] error: _xgetaddrinfo: getaddrinfo(slurmctl02:6817) failed: System error: Device or resource busy
[2026-07-22T00:55:57.127] error: slurm_set_addr: Unable to resolve "slurmctl02"
[2026-07-22T00:56:27.375] error: _xgetaddrinfo: getaddrinfo(slurmctl01:6817) failed: System error: Device or resource busy
[2026-07-22T00:56:27.375] error: slurm_set_addr: Unable to resolve "slurmctl01"
[2026-07-22T00:56:32.383] error: _xgetaddrinfo: getaddrinfo(slurmctl02:6817) failed: System error: Device or resource busy
[2026-07-22T00:56:32.383] error: slurm_set_addr: Unable to resolve "slurmctl02"
[2026-07-22T00:56:57.393] error: _xgetaddrinfo: getaddrinfo(slurmctl01:6817) failed: System error: Device or resource busy
[2026-07-22T00:56:57.393] error: slurm_set_addr: Unable to resolve "slurmctl01"
[2026-07-22T00:56:57.399] error: _xgetaddrinfo: getaddrinfo(slurmctl02:6817) failed: System error: Device or resource busy
[2026-07-22T00:56:57.399] error: slurm_set_addr: Unable to resolve "slurmctl02"
[2026-07-22T00:57:22.408] error: _xgetaddrinfo: getaddrinfo(slurmctl01:6817) failed: System error: Device or resource busy
[2026-07-22T00:57:22.408] error: slurm_set_addr: Unable to resolve "slurmctl01"
[2026-07-22T00:57:22.415] error: _xgetaddrinfo: getaddrinfo(slurmctl02:6817) failed: System error: Device or resource busy
[2026-07-22T00:57:22.415] error: slurm_set_addr: Unable to resolve "slurmctl02"
[2026-07-22T00:57:47.424] error: _xgetaddrinfo: getaddrinfo(slurmctl01:6817) failed: System error: Device or resource busy
[2026-07-22T00:57:47.424] error: slurm_set_addr: Unable to resolve "slurmctl01"
[2026-07-22T00:57:47.430] error: _xgetaddrinfo: getaddrinfo(slurmctl02:6817) failed: System error: Device or resource busy
[2026-07-22T00:57:47.430] error: slurm_set_addr: Unable to resolve "slurmctl02"
[2026-07-22T00:58:12.439] error: _xgetaddrinfo: getaddrinfo(slurmctl01:6817) failed: System error: Device or resource busy
[2026-07-22T00:58:12.439] error: slurm_set_addr: Unable to resolve "slurmctl01"
[2026-07-22T00:58:12.445] error: _xgetaddrinfo: getaddrinfo(slurmctl02:6817) failed: System error: Device or resource busy
[2026-07-22T00:58:12.445] error: slurm_set_addr: Unable to resolve "slurmctl02"
[2026-07-22T00:58:37.453] error: _xgetaddrinfo: getaddrinfo(slurmctl01:6817) failed: System error: Device or resource busy
[2026-07-22T00:58:37.453] error: slurm_set_addr: Unable to resolve "slurmctl01"
[2026-07-22T00:58:37.459] error: _xgetaddrinfo: getaddrinfo(slurmctl02:6817) failed: System error: Device or resource busy
[2026-07-22T00:58:37.459] error: slurm_set_addr: Unable to resolve "slurmctl02"
[2026-07-22T00:59:02.467] error: _xgetaddrinfo: getaddrinfo(slurmctl01:6817) failed: System error: Device or resource busy
[2026-07-22T00:59:02.467] error: slurm_set_addr: Unable to resolve "slurmctl01"
[2026-07-22T00:59:02.473] error: _xgetaddrinfo: getaddrinfo(slurmctl02:6817) failed: System error: Device or resource busy
[2026-07-22T00:59:02.473] error: slurm_set_addr: Unable to resolve "slurmctl02"
[2026-07-22T00:59:27.482] error: _xgetaddrinfo: getaddrinfo(slurmctl01:6817) failed: System error: Device or resource busy
[2026-07-22T00:59:27.482] error: slurm_set_addr: Unable to resolve "slurmctl01"
[2026-07-22T00:59:27.489] error: _xgetaddrinfo: getaddrinfo(slurmctl02:6817) failed: System error: Device or resource busy
[2026-07-22T00:59:27.489] error: slurm_set_addr: Unable to resolve "slurmctl02"
[2026-07-22T00:59:52.497] error: _xgetaddrinfo: getaddrinfo(slurmctl01:6817) failed: System error: Device or resource busy
[2026-07-22T00:59:52.497] error: slurm_set_addr: Unable to resolve "slurmctl01"
[2026-07-22T00:59:52.504] error: _xgetaddrinfo: getaddrinfo(slurmctl02:6817) failed: System error: Device or resource busy
[2026-07-22T00:59:52.504] error: slurm_set_addr: Unable to resolve "slurmctl02"
[2026-07-22T01:00:17.513] error: _xgetaddrinfo: getaddrinfo(slurmctl01:6817) failed: System error: Device or resource busy
[2026-07-22T01:00:17.513] error: slurm_set_addr: Unable to resolve "slurmctl01"
[2026-07-22T01:00:17.519] error: _xgetaddrinfo: getaddrinfo(slurmctl02:6817) failed: System error: Device or resource busy
[2026-07-22T01:00:17.519] error: slurm_set_addr: Unable to resolve "slurmctl02"
[2026-07-22T01:00:42.528] error: _xgetaddrinfo: getaddrinfo(slurmctl01:6817) failed: System error: Device or resource busy
[2026-07-22T01:00:42.528] error: slurm_set_addr: Unable to resolve "slurmctl01"
[2026-07-22T01:00:42.534] error: _xgetaddrinfo: getaddrinfo(slurmctl02:6817) failed: System error: Device or resource busy
[2026-07-22T01:00:42.534] error: slurm_set_addr: Unable to resolve "slurmctl02"
[2026-07-22T01:01:07.543] error: _xgetaddrinfo: getaddrinfo(slurmctl01:6817) failed: System error: Device or resource busy
[2026-07-22T01:01:07.543] error: slurm_set_addr: Unable to resolve "slurmctl01"
[2026-07-22T01:01:07.549] error: _xgetaddrinfo: getaddrinfo(slurmctl02:6817) failed: System error: Device or resource busy
[2026-07-22T01:01:07.549] error: slurm_set_addr: Unable to resolve "slurmctl02"
[2026-07-22T01:01:32.558] error: _xgetaddrinfo: getaddrinfo(slurmctl01:6817) failed: System error: Device or resource busy
[2026-07-22T01:01:32.558] error: slurm_set_addr: Unable to resolve "slurmctl01"
[2026-07-22T01:01:32.564] error: _xgetaddrinfo: getaddrinfo(slurmctl02:6817) failed: System error: Device or resource busy
[2026-07-22T01:01:32.564] error: slurm_set_addr: Unable to resolve "slurmctl02"
[2026-07-22T01:01:57.574] error: _xgetaddrinfo: getaddrinfo(slurmctl01:6817) failed: System error: Device or resource busy
[2026-07-22T01:01:57.574] error: slurm_set_addr: Unable to resolve "slurmctl01"
[2026-07-22T01:01:57.579] error: _xgetaddrinfo: getaddrinfo(slurmctl02:6817) failed: System error: Device or resource busy
[2026-07-22T01:01:57.579] error: slurm_set_addr: Unable to resolve "slurmctl02"
[2026-07-22T01:02:22.588] error: _xgetaddrinfo: getaddrinfo(slurmctl01:6817) failed: System error: Device or resource busy
[2026-07-22T01:02:22.588] error: slurm_set_addr: Unable to resolve "slurmctl01"
[2026-07-22T01:02:22.595] error: _xgetaddrinfo: getaddrinfo(slurmctl02:6817) failed: System error: Device or resource busy
[2026-07-22T01:02:22.595] error: slurm_set_addr: Unable to resolve "slurmctl02"
[2026-07-22T01:02:47.605] error: _xgetaddrinfo: getaddrinfo(slurmctl01:6817) failed: System error: Device or resource busy
[2026-07-22T01:02:47.605] error: slurm_set_addr: Unable to resolve "slurmctl01"
[2026-07-22T01:02:47.611] error: _xgetaddrinfo: getaddrinfo(slurmctl02:6817) failed: System error: Device or resource busy
[2026-07-22T01:02:47.611] error: slurm_set_addr: Unable to resolve "slurmctl02"
[2026-07-22T01:03:12.621] error: _xgetaddrinfo: getaddrinfo(slurmctl01:6817) failed: System error: Device or resource busy
[2026-07-22T01:03:12.621] error: slurm_set_addr: Unable to resolve "slurmctl01"
[2026-07-22T01:03:12.627] error: _xgetaddrinfo: getaddrinfo(slurmctl02:6817) failed: System error: Device or resource busy
[2026-07-22T01:03:12.627] error: slurm_set_addr: Unable to resolve "slurmctl02"
[2026-07-22T01:03:37.636] error: _xgetaddrinfo: getaddrinfo(slurmctl01:6817) failed: System error: Device or resource busy
[2026-07-22T01:03:37.636] error: slurm_set_addr: Unable to resolve "slurmctl01"
[2026-07-22T01:03:37.643] error: _xgetaddrinfo: getaddrinfo(slurmctl02:6817) failed: System error: Device or resource busy
[2026-07-22T01:03:37.643] error: slurm_set_addr: Unable to resolve "slurmctl02"
[2026-07-22T01:04:02.664] error: _xgetaddrinfo: getaddrinfo(slurmctl01:6817) failed: System error: Device or resource busy
[2026-07-22T01:04:02.664] error: slurm_set_addr: Unable to resolve "slurmctl01"
[2026-07-22T01:04:02.687] error: _xgetaddrinfo: getaddrinfo(slurmctl02:6817) failed: System error: Device or resource busy
[2026-07-22T01:04:02.687] error: slurm_set_addr: Unable to resolve "slurmctl02"
[2026-07-22T01:04:27.696] error: _xgetaddrinfo: getaddrinfo(slurmctl01:6817) failed: System error: Device or resource busy
[2026-07-22T01:04:27.696] error: slurm_set_addr: Unable to resolve "slurmctl01"
[2026-07-22T01:04:27.701] error: _xgetaddrinfo: getaddrinfo(slurmctl02:6817) failed: System error: Device or resource busy
[2026-07-22T01:04:27.701] error: slurm_set_addr: Unable to resolve "slurmctl02"
[2026-07-22T01:04:52.711] error: _xgetaddrinfo: getaddrinfo(slurmctl01:6817) failed: System error: Device or resource busy
[2026-07-22T01:04:52.711] error: slurm_set_addr: Unable to resolve "slurmctl01"
[2026-07-22T01:04:52.724] error: _xgetaddrinfo: getaddrinfo(slurmctl02:6817) failed: System error: Device or resource busy
[2026-07-22T01:04:52.724] error: slurm_set_addr: Unable to resolve "slurmctl02"
[2026-07-22T01:05:17.732] error: _xgetaddrinfo: getaddrinfo(slurmctl01:6817) failed: System error: Device or resource busy
[2026-07-22T01:05:17.733] error: slurm_set_addr: Unable to resolve "slurmctl01"
[2026-07-22T01:05:17.739] error: _xgetaddrinfo: getaddrinfo(slurmctl02:6817) failed: System error: Device or resource busy
[2026-07-22T01:05:17.739] error: slurm_set_addr: Unable to resolve "slurmctl02"
[2026-07-22T01:05:42.748] error: _xgetaddrinfo: getaddrinfo(slurmctl01:6817) failed: System error: Device or resource busy
[2026-07-22T01:05:42.748] error: slurm_set_addr: Unable to resolve "slurmctl01"
[2026-07-22T01:05:42.756] error: _xgetaddrinfo: getaddrinfo(slurmctl02:6817) failed: System error: Device or resource busy
[2026-07-22T01:05:42.756] error: slurm_set_addr: Unable to resolve "slurmctl02"
[2026-07-22T01:06:07.764] error: _xgetaddrinfo: getaddrinfo(slurmctl01:6817) failed: System error: Device or resource busy
[2026-07-22T01:06:07.764] error: slurm_set_addr: Unable to resolve "slurmctl01"
[2026-07-22T01:06:07.772] error: _xgetaddrinfo: getaddrinfo(slurmctl02:6817) failed: System error: Device or resource busy
[2026-07-22T01:06:07.772] error: slurm_set_addr: Unable to resolve "slurmctl02"
[2026-07-22T01:06:32.784] error: _xgetaddrinfo: getaddrinfo(slurmctl01:6817) failed: System error: Device or resource busy
[2026-07-22T01:06:32.784] error: slurm_set_addr: Unable to resolve "slurmctl01"
[2026-07-22T01:06:32.794] error: _xgetaddrinfo: getaddrinfo(slurmctl02:6817) failed: System error: Device or resource busy
[2026-07-22T01:06:32.794] error: slurm_set_addr: Unable to resolve "slurmctl02"
[2026-07-22T01:06:57.802] error: _xgetaddrinfo: getaddrinfo(slurmctl01:6817) failed: System error: Device or resource busy
[2026-07-22T01:06:57.802] error: slurm_set_addr: Unable to resolve "slurmctl01"
[2026-07-22T01:06:57.808] error: _xgetaddrinfo: getaddrinfo(slurmctl02:6817) failed: System error: Device or resource busy
[2026-07-22T01:06:57.808] error: slurm_set_addr: Unable to resolve "slurmctl02"
[2026-07-22T01:07:22.816] error: _xgetaddrinfo: getaddrinfo(slurmctl01:6817) failed: System error: Device or resource busy
[2026-07-22T01:07:22.816] error: slurm_set_addr: Unable to resolve "slurmctl01"
[2026-07-22T01:07:22.822] error: _xgetaddrinfo: getaddrinfo(slurmctl02:6817) failed: System error: Device or resource busy
[2026-07-22T01:07:22.823] error: slurm_set_addr: Unable to resolve "slurmctl02"
[2026-07-22T01:07:47.854] error: _xgetaddrinfo: getaddrinfo(slurmctl01:6817) failed: System error: Device or resource busy
[2026-07-22T01:07:47.854] error: slurm_set_addr: Unable to resolve "slurmctl01"
[2026-07-22T01:07:47.877] error: _xgetaddrinfo: getaddrinfo(slurmctl02:6817) failed: System error: Device or resource busy
[2026-07-22T01:07:47.877] error: slurm_set_addr: Unable to resolve "slurmctl02"
[2026-07-22T01:08:12.886] error: _xgetaddrinfo: getaddrinfo(slurmctl01:6817) failed: System error: Device or resource busy
[2026-07-22T01:08:12.886] error: slurm_set_addr: Unable to resolve "slurmctl01"
[2026-07-22T01:08:12.892] error: _xgetaddrinfo: getaddrinfo(slurmctl02:6817) failed: System error: Device or resource busy
[2026-07-22T01:08:12.892] error: slurm_set_addr: Unable to resolve "slurmctl02"
[2026-07-22T01:08:37.907] error: _xgetaddrinfo: getaddrinfo(slurmctl01:6817) failed: System error: Device or resource busy
[2026-07-22T01:08:37.907] error: slurm_set_addr: Unable to resolve "slurmctl01"
[2026-07-22T01:08:37.925] error: _xgetaddrinfo: getaddrinfo(slurmctl02:6817) failed: System error: Device or resource busy
[2026-07-22T01:08:37.925] error: slurm_set_addr: Unable to resolve "slurmctl02"
[2026-07-22T01:09:02.933] error: _xgetaddrinfo: getaddrinfo(slurmctl01:6817) failed: System error: Device or resource busy
[2026-07-22T01:09:02.933] error: slurm_set_addr: Unable to resolve "slurmctl01"
[2026-07-22T01:09:02.939] error: _xgetaddrinfo: getaddrinfo(slurmctl02:6817) failed: System error: Device or resource busy
[2026-07-22T01:09:02.939] error: slurm_set_addr: Unable to resolve "slurmctl02"
[2026-07-22T01:09:27.948] error: _xgetaddrinfo: getaddrinfo(slurmctl01:6817) failed: System error: Device or resource busy
[2026-07-22T01:09:27.948] error: slurm_set_addr: Unable to resolve "slurmctl01"
[2026-07-22T01:09:27.955] error: _xgetaddrinfo: getaddrinfo(slurmctl02:6817) failed: System error: Device or resource busy
[2026-07-22T01:09:27.955] error: slurm_set_addr: Unable to resolve "slurmctl02"
[2026-07-22T01:09:52.963] error: _xgetaddrinfo: getaddrinfo(slurmctl01:6817) failed: System error: Device or resource busy
[2026-07-22T01:09:52.964] error: slurm_set_addr: Unable to resolve "slurmctl01"
[2026-07-22T01:09:52.969] error: _xgetaddrinfo: getaddrinfo(slurmctl02:6817) failed: System error: Device or resource busy
[2026-07-22T01:09:52.969] error: slurm_set_addr: Unable to resolve "slurmctl02"
[2026-07-22T01:10:27.983] error: _xgetaddrinfo: getaddrinfo(slurmctl01:6817) failed: System error: Device or resource busy
[2026-07-22T01:10:27.983] error: slurm_set_addr: Unable to resolve "slurmctl01"
[2026-07-22T01:10:37.994] error: _xgetaddrinfo: getaddrinfo(slurmctl02:6817) failed: System error: Device or resource busy
[2026-07-22T01:10:37.994] error: slurm_set_addr: Unable to resolve "slurmctl02"
[2026-07-22T01:11:13.007] error: _xgetaddrinfo: getaddrinfo(slurmctl01:6817) failed: System error: Device or resource busy
[2026-07-22T01:11:13.007] error: slurm_set_addr: Unable to resolve "slurmctl01"
[2026-07-22T01:11:23.018] error: _xgetaddrinfo: getaddrinfo(slurmctl02:6817) failed: System error: Device or resource busy
[2026-07-22T01:11:23.018] error: slurm_set_addr: Unable to resolve "slurmctl02"
[2026-07-22T01:11:58.031] error: _xgetaddrinfo: getaddrinfo(slurmctl01:6817) failed: System error: Device or resource busy
[2026-07-22T01:11:58.031] error: slurm_set_addr: Unable to resolve "slurmctl01"
[2026-07-22T01:12:07.449] error: _xgetaddrinfo: getaddrinfo(slurmctl02:6817) failed: System error: Device or resource busy
[2026-07-22T01:12:07.449] error: slurm_set_addr: Unable to resolve "slurmctl02"
[2026-07-22T01:12:37.461] error: _xgetaddrinfo: getaddrinfo(slurmctl01:6817) failed: System error: Device or resource busy
[2026-07-22T01:12:37.461] error: slurm_set_addr: Unable to resolve "slurmctl01"
[2026-07-22T01:12:42.357] error: _xgetaddrinfo: getaddrinfo(slurmctl02:6817) failed: System error: Device or resource busy
[2026-07-22T01:12:42.357] error: slurm_set_addr: Unable to resolve "slurmctl02"
[2026-07-22T01:13:07.364] error: _xgetaddrinfo: getaddrinfo(slurmctl01:6817) failed: System error: Device or resource busy
[2026-07-22T01:13:07.364] error: slurm_set_addr: Unable to resolve "slurmctl01"
[2026-07-22T01:13:07.369] error: _xgetaddrinfo: getaddrinfo(slurmctl02:6817) failed: System error: Device or resource busy
[2026-07-22T01:13:07.369] error: slurm_set_addr: Unable to resolve "slurmctl02"
[2026-07-22T01:13:32.375] error: _xgetaddrinfo: getaddrinfo(slurmctl01:6817) failed: System error: Device or resource busy
[2026-07-22T01:13:32.375] error: slurm_set_addr: Unable to resolve "slurmctl01"
[2026-07-22T01:13:37.383] error: _xgetaddrinfo: getaddrinfo(slurmctl02:6817) failed: System error: Device or resource busy
[2026-07-22T01:13:37.383] error: slurm_set_addr: Unable to resolve "slurmctl02"
[2026-07-22T01:14:02.392] error: _xgetaddrinfo: getaddrinfo(slurmctl01:6817) failed: System error: Device or resource busy
[2026-07-22T01:14:02.392] error: slurm_set_addr: Unable to resolve "slurmctl01"
[2026-07-22T01:14:02.398] error: _xgetaddrinfo: getaddrinfo(slurmctl02:6817) failed: System error: Device or resource busy
[2026-07-22T01:14:02.398] error: slurm_set_addr: Unable to resolve "slurmctl02"
[2026-07-22T01:14:27.407] error: _xgetaddrinfo: getaddrinfo(slurmctl01:6817) failed: System error: Device or resource busy
[2026-07-22T01:14:27.407] error: slurm_set_addr: Unable to resolve "slurmctl01"
[2026-07-22T01:14:27.413] error: _xgetaddrinfo: getaddrinfo(slurmctl02:6817) failed: System error: Device or resource busy
[2026-07-22T01:14:27.413] error: slurm_set_addr: Unable to resolve "slurmctl02"
[2026-07-22T01:14:52.422] error: _xgetaddrinfo: getaddrinfo(slurmctl01:6817) failed: System error: Device or resource busy
[2026-07-22T01:14:52.422] error: slurm_set_addr: Unable to resolve "slurmctl01"
[2026-07-22T01:14:52.428] error: _xgetaddrinfo: getaddrinfo(slurmctl02:6817) failed: System error: Device or resource busy
[2026-07-22T01:14:52.428] error: slurm_set_addr: Unable to resolve "slurmctl02"
[2026-07-22T01:15:17.437] error: _xgetaddrinfo: getaddrinfo(slurmctl01:6817) failed: System error: Device or resource busy
[2026-07-22T01:15:17.437] error: slurm_set_addr: Unable to resolve "slurmctl01"
[2026-07-22T01:15:17.443] error: _xgetaddrinfo: getaddrinfo(slurmctl02:6817) failed: System error: Device or resource busy
[2026-07-22T01:15:17.443] error: slurm_set_addr: Unable to resolve "slurmctl02"
[2026-07-22T01:15:42.453] error: _xgetaddrinfo: getaddrinfo(slurmctl01:6817) failed: System error: Device or resource busy
[2026-07-22T01:15:42.453] error: slurm_set_addr: Unable to resolve "slurmctl01"
[2026-07-22T01:15:42.458] error: _xgetaddrinfo: getaddrinfo(slurmctl02:6817) failed: System error: Device or resource busy
[2026-07-22T01:15:42.458] error: slurm_set_addr: Unable to resolve "slurmctl02"
[2026-07-22T01:16:07.467] error: _xgetaddrinfo: getaddrinfo(slurmctl01:6817) failed: System error: Device or resource busy
[2026-07-22T01:16:07.467] error: slurm_set_addr: Unable to resolve "slurmctl01"
[2026-07-22T01:16:07.472] error: _xgetaddrinfo: getaddrinfo(slurmctl02:6817) failed: System error: Device or resource busy
[2026-07-22T01:16:07.472] error: slurm_set_addr: Unable to resolve "slurmctl02"
[2026-07-22T01:16:32.482] error: _xgetaddrinfo: getaddrinfo(slurmctl01:6817) failed: System error: Device or resource busy
[2026-07-22T01:16:32.482] error: slurm_set_addr: Unable to resolve "slurmctl01"
[2026-07-22T01:16:32.489] error: _xgetaddrinfo: getaddrinfo(slurmctl02:6817) failed: System error: Device or resource busy
[2026-07-22T01:16:32.489] error: slurm_set_addr: Unable to resolve "slurmctl02"
[2026-07-22T01:16:57.498] error: _xgetaddrinfo: getaddrinfo(slurmctl01:6817) failed: System error: Device or resource busy
[2026-07-22T01:16:57.498] error: slurm_set_addr: Unable to resolve "slurmctl01"
[2026-07-22T01:16:57.504] error: _xgetaddrinfo: getaddrinfo(slurmctl02:6817) failed: System error: Device or resource busy
[2026-07-22T01:16:57.504] error: slurm_set_addr: Unable to resolve "slurmctl02"
[2026-07-22T01:17:22.513] error: _xgetaddrinfo: getaddrinfo(slurmctl01:6817) failed: System error: Device or resource busy
[2026-07-22T01:17:22.513] error: slurm_set_addr: Unable to resolve "slurmctl01"
[2026-07-22T01:17:22.519] error: _xgetaddrinfo: getaddrinfo(slurmctl02:6817) failed: System error: Device or resource busy
[2026-07-22T01:17:22.519] error: slurm_set_addr: Unable to resolve "slurmctl02"
[2026-07-22T01:17:47.527] error: _xgetaddrinfo: getaddrinfo(slurmctl01:6817) failed: System error: Device or resource busy
[2026-07-22T01:17:47.527] error: slurm_set_addr: Unable to resolve "slurmctl01"
[2026-07-22T01:17:47.533] error: _xgetaddrinfo: getaddrinfo(slurmctl02:6817) failed: System error: Device or resource busy
[2026-07-22T01:17:47.533] error: slurm_set_addr: Unable to resolve "slurmctl02"
[2026-07-22T01:18:12.542] error: _xgetaddrinfo: getaddrinfo(slurmctl01:6817) failed: System error: Device or resource busy
[2026-07-22T01:18:12.542] error: slurm_set_addr: Unable to resolve "slurmctl01"
[2026-07-22T01:18:12.548] error: _xgetaddrinfo: getaddrinfo(slurmctl02:6817) failed: System error: Device or resource busy
[2026-07-22T01:18:12.548] error: slurm_set_addr: Unable to resolve "slurmctl02"
[2026-07-22T01:18:37.556] error: _xgetaddrinfo: getaddrinfo(slurmctl01:6817) failed: System error: Device or resource busy
[2026-07-22T01:18:37.556] error: slurm_set_addr: Unable to resolve "slurmctl01"
[2026-07-22T01:18:37.562] error: _xgetaddrinfo: getaddrinfo(slurmctl02:6817) failed: System error: Device or resource busy
[2026-07-22T01:18:37.563] error: slurm_set_addr: Unable to resolve "slurmctl02"
[2026-07-22T01:19:02.571] error: _xgetaddrinfo: getaddrinfo(slurmctl01:6817) failed: System error: Device or resource busy
[2026-07-22T01:19:02.571] error: slurm_set_addr: Unable to resolve "slurmctl01"
[2026-07-22T01:19:02.577] error: _xgetaddrinfo: getaddrinfo(slurmctl02:6817) failed: System error: Device or resource busy
[2026-07-22T01:19:02.577] error: slurm_set_addr: Unable to resolve "slurmctl02"
[2026-07-22T01:19:27.585] error: _xgetaddrinfo: getaddrinfo(slurmctl01:6817) failed: System error: Device or resource busy
[2026-07-22T01:19:27.586] error: slurm_set_addr: Unable to resolve "slurmctl01"
[2026-07-22T01:19:27.592] error: _xgetaddrinfo: getaddrinfo(slurmctl02:6817) failed: System error: Device or resource busy
[2026-07-22T01:19:27.592] error: slurm_set_addr: Unable to resolve "slurmctl02"
[2026-07-22T01:19:52.600] error: _xgetaddrinfo: getaddrinfo(slurmctl01:6817) failed: System error: Device or resource busy
[2026-07-22T01:19:52.600] error: slurm_set_addr: Unable to resolve "slurmctl01"
[2026-07-22T01:19:52.605] error: _xgetaddrinfo: getaddrinfo(slurmctl02:6817) failed: System error: Device or resource busy
[2026-07-22T01:19:52.605] error: slurm_set_addr: Unable to resolve "slurmctl02"
[2026-07-22T01:20:17.613] error: _xgetaddrinfo: getaddrinfo(slurmctl01:6817) failed: System error: Device or resource busy
[2026-07-22T01:20:17.614] error: slurm_set_addr: Unable to resolve "slurmctl01"
[2026-07-22T01:20:17.620] error: _xgetaddrinfo: getaddrinfo(slurmctl02:6817) failed: System error: Device or resource busy
[2026-07-22T01:20:17.620] error: slurm_set_addr: Unable to resolve "slurmctl02"
[2026-07-22T01:20:42.629] error: _xgetaddrinfo: getaddrinfo(slurmctl01:6817) failed: System error: Device or resource busy
[2026-07-22T01:20:42.630] error: slurm_set_addr: Unable to resolve "slurmctl01"
[2026-07-22T01:20:42.636] error: _xgetaddrinfo: getaddrinfo(slurmctl02:6817) failed: System error: Device or resource busy
[2026-07-22T01:20:42.636] error: slurm_set_addr: Unable to resolve "slurmctl02"
[2026-07-22T01:21:07.644] error: _xgetaddrinfo: getaddrinfo(slurmctl01:6817) failed: System error: Device or resource busy
[2026-07-22T01:21:07.644] error: slurm_set_addr: Unable to resolve "slurmctl01"
[2026-07-22T01:21:07.649] error: _xgetaddrinfo: getaddrinfo(slurmctl02:6817) failed: System error: Device or resource busy
[2026-07-22T01:21:07.649] error: slurm_set_addr: Unable to resolve "slurmctl02"
[2026-07-22T01:21:32.657] error: _xgetaddrinfo: getaddrinfo(slurmctl01:6817) failed: System error: Device or resource busy
[2026-07-22T01:21:32.657] error: slurm_set_addr: Unable to resolve "slurmctl01"
[2026-07-22T01:21:32.674] error: _xgetaddrinfo: getaddrinfo(slurmctl02:6817) failed: System error: Device or resource busy
[2026-07-22T01:21:32.674] error: slurm_set_addr: Unable to resolve "slurmctl02"
[2026-07-22T01:21:57.682] error: _xgetaddrinfo: getaddrinfo(slurmctl01:6817) failed: System error: Device or resource busy
[2026-07-22T01:21:57.683] error: slurm_set_addr: Unable to resolve "slurmctl01"
[2026-07-22T01:21:57.688] error: _xgetaddrinfo: getaddrinfo(slurmctl02:6817) failed: System error: Device or resource busy
[2026-07-22T01:21:57.688] error: slurm_set_addr: Unable to resolve "slurmctl02"
[2026-07-22T01:22:22.696] error: _xgetaddrinfo: getaddrinfo(slurmctl01:6817) failed: System error: Device or resource busy
[2026-07-22T01:22:22.697] error: slurm_set_addr: Unable to resolve "slurmctl01"
[2026-07-22T01:22:22.703] error: _xgetaddrinfo: getaddrinfo(slurmctl02:6817) failed: System error: Device or resource busy
[2026-07-22T01:22:22.703] error: slurm_set_addr: Unable to resolve "slurmctl02"
[2026-07-22T01:22:47.711] error: _xgetaddrinfo: getaddrinfo(slurmctl01:6817) failed: System error: Device or resource busy
[2026-07-22T01:22:47.711] error: slurm_set_addr: Unable to resolve "slurmctl01"
[2026-07-22T01:22:47.718] error: _xgetaddrinfo: getaddrinfo(slurmctl02:6817) failed: System error: Device or resource busy
[2026-07-22T01:22:47.718] error: slurm_set_addr: Unable to resolve "slurmctl02"
[2026-07-22T01:23:12.726] error: _xgetaddrinfo: getaddrinfo(slurmctl01:6817) failed: System error: Device or resource busy
[2026-07-22T01:23:12.726] error: slurm_set_addr: Unable to resolve "slurmctl01"
[2026-07-22T01:23:12.733] error: _xgetaddrinfo: getaddrinfo(slurmctl02:6817) failed: System error: Device or resource busy
[2026-07-22T01:23:12.733] error: slurm_set_addr: Unable to resolve "slurmctl02"
[2026-07-22T01:23:37.742] error: _xgetaddrinfo: getaddrinfo(slurmctl01:6817) failed: System error: Device or resource busy
[2026-07-22T01:23:37.742] error: slurm_set_addr: Unable to resolve "slurmctl01"
[2026-07-22T01:23:37.748] error: _xgetaddrinfo: getaddrinfo(slurmctl02:6817) failed: System error: Device or resource busy
[2026-07-22T01:23:37.748] error: slurm_set_addr: Unable to resolve "slurmctl02"
[2026-07-22T01:24:02.758] error: _xgetaddrinfo: getaddrinfo(slurmctl01:6817) failed: System error: Device or resource busy
[2026-07-22T01:24:02.758] error: slurm_set_addr: Unable to resolve "slurmctl01"
[2026-07-22T01:24:02.763] error: _xgetaddrinfo: getaddrinfo(slurmctl02:6817) failed: System error: Device or resource busy
[2026-07-22T01:24:02.763] error: slurm_set_addr: Unable to resolve "slurmctl02"
[2026-07-22T01:24:27.804] error: _xgetaddrinfo: getaddrinfo(slurmctl01:6817) failed: System error: Device or resource busy
[2026-07-22T01:24:27.804] error: slurm_set_addr: Unable to resolve "slurmctl01"
[2026-07-22T01:24:27.812] error: _xgetaddrinfo: getaddrinfo(slurmctl02:6817) failed: System error: Device or resource busy
[2026-07-22T01:24:27.812] error: slurm_set_addr: Unable to resolve "slurmctl02"
[2026-07-22T01:24:52.828] error: _xgetaddrinfo: getaddrinfo(slurmctl01:6817) failed: System error: Device or resource busy
[2026-07-22T01:24:52.828] error: slurm_set_addr: Unable to resolve "slurmctl01"
[2026-07-22T01:24:52.850] error: _xgetaddrinfo: getaddrinfo(slurmctl02:6817) failed: System error: Device or resource busy
[2026-07-22T01:24:52.850] error: slurm_set_addr: Unable to resolve "slurmctl02"
[2026-07-22T01:25:17.858] error: _xgetaddrinfo: getaddrinfo(slurmctl01:6817) failed: System error: Device or resource busy
[2026-07-22T01:25:17.859] error: slurm_set_addr: Unable to resolve "slurmctl01"
[2026-07-22T01:25:17.864] error: _xgetaddrinfo: getaddrinfo(slurmctl02:6817) failed: System error: Device or resource busy
[2026-07-22T01:25:17.865] error: slurm_set_addr: Unable to resolve "slurmctl02"
[2026-07-22T01:25:42.873] error: _xgetaddrinfo: getaddrinfo(slurmctl01:6817) failed: System error: Device or resource busy
[2026-07-22T01:25:42.873] error: slurm_set_addr: Unable to resolve "slurmctl01"
[2026-07-22T01:25:42.879] error: _xgetaddrinfo: getaddrinfo(slurmctl02:6817) failed: System error: Device or resource busy
[2026-07-22T01:25:42.879] error: slurm_set_addr: Unable to resolve "slurmctl02"
[2026-07-22T01:26:07.888] error: _xgetaddrinfo: getaddrinfo(slurmctl01:6817) failed: System error: Device or resource busy
[2026-07-22T01:26:07.888] error: slurm_set_addr: Unable to resolve "slurmctl01"
[2026-07-22T01:26:07.894] error: _xgetaddrinfo: getaddrinfo(slurmctl02:6817) failed: System error: Device or resource busy
[2026-07-22T01:26:07.894] error: slurm_set_addr: Unable to resolve "slurmctl02"
[2026-07-22T01:26:32.903] error: _xgetaddrinfo: getaddrinfo(slurmctl01:6817) failed: System error: Device or resource busy
[2026-07-22T01:26:32.903] error: slurm_set_addr: Unable to resolve "slurmctl01"
[2026-07-22T01:26:32.909] error: _xgetaddrinfo: getaddrinfo(slurmctl02:6817) failed: System error: Device or resource busy
[2026-07-22T01:26:32.909] error: slurm_set_addr: Unable to resolve "slurmctl02"
[2026-07-22T01:27:02.920] error: _xgetaddrinfo: getaddrinfo(slurmctl01:6817) failed: System error: Device or resource busy
[2026-07-22T01:27:02.920] error: slurm_set_addr: Unable to resolve "slurmctl01"
[2026-07-22T01:27:02.926] error: _xgetaddrinfo: getaddrinfo(slurmctl02:6817) failed: System error: Device or resource busy
[2026-07-22T01:27:02.926] error: slurm_set_addr: Unable to resolve "slurmctl02"
[2026-07-22T01:27:32.716] error: _xgetaddrinfo: getaddrinfo(slurmctl01:6817) failed: System error: Device or resource busy
[2026-07-22T01:27:32.716] error: slurm_set_addr: Unable to resolve "slurmctl01"
[2026-07-22T01:27:37.725] error: _xgetaddrinfo: getaddrinfo(slurmctl02:6817) failed: System error: Device or resource busy
[2026-07-22T01:27:37.726] error: slurm_set_addr: Unable to resolve "slurmctl02"
[2026-07-22T01:28:07.737] error: _xgetaddrinfo: getaddrinfo(slurmctl01:6817) failed: System error: Device or resource busy
[2026-07-22T01:28:07.737] error: slurm_set_addr: Unable to resolve "slurmctl01"
[2026-07-22T01:28:12.747] error: _xgetaddrinfo: getaddrinfo(slurmctl02:6817) failed: System error: Device or resource busy
[2026-07-22T01:28:12.747] error: slurm_set_addr: Unable to resolve "slurmctl02"
[2026-07-22T01:28:37.905] error: _xgetaddrinfo: getaddrinfo(slurmctl01:6817) failed: System error: Device or resource busy
[2026-07-22T01:28:37.905] error: slurm_set_addr: Unable to resolve "slurmctl01"
[2026-07-22T01:28:37.910] error: _xgetaddrinfo: getaddrinfo(slurmctl02:6817) failed: System error: Device or resource busy
[2026-07-22T01:28:37.910] error: slurm_set_addr: Unable to resolve "slurmctl02"
[2026-07-22T01:29:02.920] error: _xgetaddrinfo: getaddrinfo(slurmctl01:6817) failed: System error: Device or resource busy
[2026-07-22T01:29:02.920] error: slurm_set_addr: Unable to resolve "slurmctl01"
[2026-07-22T01:29:02.926] error: _xgetaddrinfo: getaddrinfo(slurmctl02:6817) failed: System error: Device or resource busy
[2026-07-22T01:29:02.927] error: slurm_set_addr: Unable to resolve "slurmctl02"
[2026-07-22T01:29:27.936] error: _xgetaddrinfo: getaddrinfo(slurmctl01:6817) failed: System error: Device or resource busy
[2026-07-22T01:29:27.937] error: slurm_set_addr: Unable to resolve "slurmctl01"
[2026-07-22T01:29:27.943] error: _xgetaddrinfo: getaddrinfo(slurmctl02:6817) failed: System error: Device or resource busy
[2026-07-22T01:29:27.943] error: slurm_set_addr: Unable to resolve "slurmctl02"
[2026-07-22T01:29:52.961] error: _xgetaddrinfo: getaddrinfo(slurmctl01:6817) failed: System error: Device or resource busy
[2026-07-22T01:29:52.961] error: slurm_set_addr: Unable to resolve "slurmctl01"
[2026-07-22T01:29:52.971] error: _xgetaddrinfo: getaddrinfo(slurmctl02:6817) failed: System error: Device or resource busy
[2026-07-22T01:29:52.971] error: slurm_set_addr: Unable to resolve "slurmctl02"
[2026-07-22T01:30:17.981] error: _xgetaddrinfo: getaddrinfo(slurmctl01:6817) failed: System error: Device or resource busy
[2026-07-22T01:30:17.981] error: slurm_set_addr: Unable to resolve "slurmctl01"
[2026-07-22T01:30:17.987] error: _xgetaddrinfo: getaddrinfo(slurmctl02:6817) failed: System error: Device or resource busy
[2026-07-22T01:30:17.987] error: slurm_set_addr: Unable to resolve "slurmctl02"
[2026-07-22T01:30:42.996] error: _xgetaddrinfo: getaddrinfo(slurmctl01:6817) failed: System error: Device or resource busy
[2026-07-22T01:30:42.997] error: slurm_set_addr: Unable to resolve "slurmctl01"
[2026-07-22T01:30:43.003] error: _xgetaddrinfo: getaddrinfo(slurmctl02:6817) failed: System error: Device or resource busy
[2026-07-22T01:30:43.003] error: slurm_set_addr: Unable to resolve "slurmctl02"
[2026-07-22T01:31:08.013] error: _xgetaddrinfo: getaddrinfo(slurmctl01:6817) failed: System error: Device or resource busy
[2026-07-22T01:31:08.013] error: slurm_set_addr: Unable to resolve "slurmctl01"
[2026-07-22T01:31:08.019] error: _xgetaddrinfo: getaddrinfo(slurmctl02:6817) failed: System error: Device or resource busy
[2026-07-22T01:31:08.019] error: slurm_set_addr: Unable to resolve "slurmctl02"
[2026-07-22T01:31:33.028] error: _xgetaddrinfo: getaddrinfo(slurmctl01:6817) failed: System error: Device or resource busy
[2026-07-22T01:31:33.028] error: slurm_set_addr: Unable to resolve "slurmctl01"
[2026-07-22T01:31:33.034] error: _xgetaddrinfo: getaddrinfo(slurmctl02:6817) failed: System error: Device or resource busy
[2026-07-22T01:31:33.034] error: slurm_set_addr: Unable to resolve "slurmctl02"
[2026-07-22T01:31:58.043] error: _xgetaddrinfo: getaddrinfo(slurmctl01:6817) failed: System error: Device or resource busy
[2026-07-22T01:31:58.043] error: slurm_set_addr: Unable to resolve "slurmctl01"
[2026-07-22T01:31:58.049] error: _xgetaddrinfo: getaddrinfo(slurmctl02:6817) failed: System error: Device or resource busy
[2026-07-22T01:31:58.049] error: slurm_set_addr: Unable to resolve "slurmctl02"
[2026-07-22T01:32:23.058] error: _xgetaddrinfo: getaddrinfo(slurmctl01:6817) failed: System error: Device or resource busy
[2026-07-22T01:32:23.059] error: slurm_set_addr: Unable to resolve "slurmctl01"
[2026-07-22T01:32:23.065] error: _xgetaddrinfo: getaddrinfo(slurmctl02:6817) failed: System error: Device or resource busy
[2026-07-22T01:32:23.065] error: slurm_set_addr: Unable to resolve "slurmctl02"
[2026-07-22T01:32:48.074] error: _xgetaddrinfo: getaddrinfo(slurmctl01:6817) failed: System error: Device or resource busy
[2026-07-22T01:32:48.074] error: slurm_set_addr: Unable to resolve "slurmctl01"
[2026-07-22T01:32:48.080] error: _xgetaddrinfo: getaddrinfo(slurmctl02:6817) failed: System error: Device or resource busy
[2026-07-22T01:32:48.080] error: slurm_set_addr: Unable to resolve "slurmctl02"
[2026-07-22T01:33:18.091] error: _xgetaddrinfo: getaddrinfo(slurmctl01:6817) failed: System error: Device or resource busy
[2026-07-22T01:33:18.091] error: slurm_set_addr: Unable to resolve "slurmctl01"
[2026-07-22T01:33:23.098] error: _xgetaddrinfo: getaddrinfo(slurmctl02:6817) failed: System error: Device or resource busy
[2026-07-22T01:33:23.098] error: slurm_set_addr: Unable to resolve "slurmctl02"
[2026-07-22T01:33:48.106] error: _xgetaddrinfo: getaddrinfo(slurmctl01:6817) failed: System error: Device or resource busy
[2026-07-22T01:33:48.107] error: slurm_set_addr: Unable to resolve "slurmctl01"
[2026-07-22T01:33:48.117] error: _xgetaddrinfo: getaddrinfo(slurmctl02:6817) failed: System error: Device or resource busy
[2026-07-22T01:33:48.117] error: slurm_set_addr: Unable to resolve "slurmctl02"
[2026-07-22T01:34:13.125] error: _xgetaddrinfo: getaddrinfo(slurmctl01:6817) failed: System error: Device or resource busy
[2026-07-22T01:34:13.125] error: slurm_set_addr: Unable to resolve "slurmctl01"
[2026-07-22T01:34:13.132] error: _xgetaddrinfo: getaddrinfo(slurmctl02:6817) failed: System error: Device or resource busy
[2026-07-22T01:34:13.132] error: slurm_set_addr: Unable to resolve "slurmctl02"
[2026-07-22T01:34:38.141] error: _xgetaddrinfo: getaddrinfo(slurmctl01:6817) failed: System error: Device or resource busy
[2026-07-22T01:34:38.141] error: slurm_set_addr: Unable to resolve "slurmctl01"
[2026-07-22T01:34:38.147] error: _xgetaddrinfo: getaddrinfo(slurmctl02:6817) failed: System error: Device or resource busy
[2026-07-22T01:34:38.147] error: slurm_set_addr: Unable to resolve "slurmctl02"
[2026-07-22T01:35:03.156] error: _xgetaddrinfo: getaddrinfo(slurmctl01:6817) failed: System error: Device or resource busy
[2026-07-22T01:35:03.156] error: slurm_set_addr: Unable to resolve "slurmctl01"
[2026-07-22T01:35:03.162] error: _xgetaddrinfo: getaddrinfo(slurmctl02:6817) failed: System error: Device or resource busy
[2026-07-22T01:35:03.163] error: slurm_set_addr: Unable to resolve "slurmctl02"
[2026-07-22T01:35:28.172] error: _xgetaddrinfo: getaddrinfo(slurmctl01:6817) failed: System error: Device or resource busy
[2026-07-22T01:35:28.172] error: slurm_set_addr: Unable to resolve "slurmctl01"
[2026-07-22T01:35:28.178] error: _xgetaddrinfo: getaddrinfo(slurmctl02:6817) failed: System error: Device or resource busy
[2026-07-22T01:35:28.178] error: slurm_set_addr: Unable to resolve "slurmctl02"
[2026-07-22T01:35:53.186] error: _xgetaddrinfo: getaddrinfo(slurmctl01:6817) failed: System error: Device or resource busy
[2026-07-22T01:35:53.186] error: slurm_set_addr: Unable to resolve "slurmctl01"
[2026-07-22T01:35:53.192] error: _xgetaddrinfo: getaddrinfo(slurmctl02:6817) failed: System error: Device or resource busy
[2026-07-22T01:35:53.193] error: slurm_set_addr: Unable to resolve "slurmctl02"
[2026-07-22T01:36:18.201] error: _xgetaddrinfo: getaddrinfo(slurmctl01:6817) failed: System error: Device or resource busy
[2026-07-22T01:36:18.201] error: slurm_set_addr: Unable to resolve "slurmctl01"
[2026-07-22T01:36:18.207] error: _xgetaddrinfo: getaddrinfo(slurmctl02:6817) failed: System error: Device or resource busy
[2026-07-22T01:36:18.207] error: slurm_set_addr: Unable to resolve "slurmctl02"
[2026-07-22T01:36:43.228] error: _xgetaddrinfo: getaddrinfo(slurmctl01:6817) failed: System error: Device or resource busy
[2026-07-22T01:36:43.228] error: slurm_set_addr: Unable to resolve "slurmctl01"
[2026-07-22T01:36:43.235] error: _xgetaddrinfo: getaddrinfo(slurmctl02:6817) failed: System error: Device or resource busy
[2026-07-22T01:36:43.235] error: slurm_set_addr: Unable to resolve "slurmctl02"
[2026-07-22T01:37:08.245] error: _xgetaddrinfo: getaddrinfo(slurmctl01:6817) failed: System error: Device or resource busy
[2026-07-22T01:37:08.245] error: slurm_set_addr: Unable to resolve "slurmctl01"
[2026-07-22T01:37:08.252] error: _xgetaddrinfo: getaddrinfo(slurmctl02:6817) failed: System error: Device or resource busy
[2026-07-22T01:37:08.252] error: slurm_set_addr: Unable to resolve "slurmctl02"
[2026-07-22T01:37:33.265] error: _xgetaddrinfo: getaddrinfo(slurmctl01:6817) failed: System error: Device or resource busy
[2026-07-22T01:37:33.265] error: slurm_set_addr: Unable to resolve "slurmctl01"
[2026-07-22T01:37:33.272] error: _xgetaddrinfo: getaddrinfo(slurmctl02:6817) failed: System error: Device or resource busy
[2026-07-22T01:37:33.272] error: slurm_set_addr: Unable to resolve "slurmctl02"
[2026-07-22T01:37:58.281] error: _xgetaddrinfo: getaddrinfo(slurmctl01:6817) failed: System error: Device or resource busy
[2026-07-22T01:37:58.281] error: slurm_set_addr: Unable to resolve "slurmctl01"
[2026-07-22T01:37:58.286] error: _xgetaddrinfo: getaddrinfo(slurmctl02:6817) failed: System error: Device or resource busy
[2026-07-22T01:37:58.286] error: slurm_set_addr: Unable to resolve "slurmctl02"
[2026-07-22T01:38:23.294] error: _xgetaddrinfo: getaddrinfo(slurmctl01:6817) failed: System error: Device or resource busy
[2026-07-22T01:38:23.295] error: slurm_set_addr: Unable to resolve "slurmctl01"
[2026-07-22T01:38:23.300] error: _xgetaddrinfo: getaddrinfo(slurmctl02:6817) failed: System error: Device or resource busy
[2026-07-22T01:38:23.301] error: slurm_set_addr: Unable to resolve "slurmctl02"
[2026-07-22T01:38:48.308] error: _xgetaddrinfo: getaddrinfo(slurmctl01:6817) failed: System error: Device or resource busy
[2026-07-22T01:38:48.308] error: slurm_set_addr: Unable to resolve "slurmctl01"
[2026-07-22T01:38:48.314] error: _xgetaddrinfo: getaddrinfo(slurmctl02:6817) failed: System error: Device or resource busy
[2026-07-22T01:38:48.314] error: slurm_set_addr: Unable to resolve "slurmctl02"
[2026-07-22T01:39:13.323] error: _xgetaddrinfo: getaddrinfo(slurmctl01:6817) failed: System error: Device or resource busy
[2026-07-22T01:39:13.323] error: slurm_set_addr: Unable to resolve "slurmctl01"
[2026-07-22T01:39:13.329] error: _xgetaddrinfo: getaddrinfo(slurmctl02:6817) failed: System error: Device or resource busy
[2026-07-22T01:39:13.329] error: slurm_set_addr: Unable to resolve "slurmctl02"
[2026-07-22T01:39:38.338] error: _xgetaddrinfo: getaddrinfo(slurmctl01:6817) failed: System error: Device or resource busy
[2026-07-22T01:39:38.338] error: slurm_set_addr: Unable to resolve "slurmctl01"
[2026-07-22T01:39:38.344] error: _xgetaddrinfo: getaddrinfo(slurmctl02:6817) failed: System error: Device or resource busy
[2026-07-22T01:39:38.344] error: slurm_set_addr: Unable to resolve "slurmctl02"
[2026-07-22T01:40:03.353] error: _xgetaddrinfo: getaddrinfo(slurmctl01:6817) failed: System error: Device or resource busy
[2026-07-22T01:40:03.353] error: slurm_set_addr: Unable to resolve "slurmctl01"
[2026-07-22T01:40:03.358] error: _xgetaddrinfo: getaddrinfo(slurmctl02:6817) failed: System error: Device or resource busy
[2026-07-22T01:40:03.358] error: slurm_set_addr: Unable to resolve "slurmctl02"
[2026-07-22T01:40:28.367] error: _xgetaddrinfo: getaddrinfo(slurmctl01:6817) failed: System error: Device or resource busy
[2026-07-22T01:40:28.367] error: slurm_set_addr: Unable to resolve "slurmctl01"
[2026-07-22T01:40:28.372] error: _xgetaddrinfo: getaddrinfo(slurmctl02:6817) failed: System error: Device or resource busy
[2026-07-22T01:40:28.373] error: slurm_set_addr: Unable to resolve "slurmctl02"
[2026-07-22T01:40:53.381] error: _xgetaddrinfo: getaddrinfo(slurmctl01:6817) failed: System error: Device or resource busy
[2026-07-22T01:40:53.382] error: slurm_set_addr: Unable to resolve "slurmctl01"
[2026-07-22T01:40:53.389] error: _xgetaddrinfo: getaddrinfo(slurmctl02:6817) failed: System error: Device or resource busy
[2026-07-22T01:40:53.389] error: slurm_set_addr: Unable to resolve "slurmctl02"
[2026-07-22T01:41:18.398] error: _xgetaddrinfo: getaddrinfo(slurmctl01:6817) failed: System error: Device or resource busy
[2026-07-22T01:41:18.398] error: slurm_set_addr: Unable to resolve "slurmctl01"
[2026-07-22T01:41:18.404] error: _xgetaddrinfo: getaddrinfo(slurmctl02:6817) failed: System error: Device or resource busy
[2026-07-22T01:41:18.404] error: slurm_set_addr: Unable to resolve "slurmctl02"
[2026-07-22T01:41:43.412] error: _xgetaddrinfo: getaddrinfo(slurmctl01:6817) failed: System error: Device or resource busy
[2026-07-22T01:41:43.412] error: slurm_set_addr: Unable to resolve "slurmctl01"
[2026-07-22T01:41:43.418] error: _xgetaddrinfo: getaddrinfo(slurmctl02:6817) failed: System error: Device or resource busy
[2026-07-22T01:41:43.418] error: slurm_set_addr: Unable to resolve "slurmctl02"
[2026-07-22T01:42:13.427] error: _xgetaddrinfo: getaddrinfo(slurmctl01:6817) failed: System error: Device or resource busy
[2026-07-22T01:42:13.427] error: slurm_set_addr: Unable to resolve "slurmctl01"
[2026-07-22T01:42:18.436] error: _xgetaddrinfo: getaddrinfo(slurmctl02:6817) failed: System error: Device or resource busy
[2026-07-22T01:42:18.436] error: slurm_set_addr: Unable to resolve "slurmctl02"
[2026-07-22T01:42:43.445] error: _xgetaddrinfo: getaddrinfo(slurmctl01:6817) failed: System error: Device or resource busy
[2026-07-22T01:42:43.445] error: slurm_set_addr: Unable to resolve "slurmctl01"
[2026-07-22T01:42:43.451] error: _xgetaddrinfo: getaddrinfo(slurmctl02:6817) failed: System error: Device or resource busy
[2026-07-22T01:42:43.451] error: slurm_set_addr: Unable to resolve "slurmctl02"
[2026-07-22T01:43:08.461] error: _xgetaddrinfo: getaddrinfo(slurmctl01:6817) failed: System error: Device or resource busy
[2026-07-22T01:43:08.462] error: slurm_set_addr: Unable to resolve "slurmctl01"
[2026-07-22T01:43:08.468] error: _xgetaddrinfo: getaddrinfo(slurmctl02:6817) failed: System error: Device or resource busy
[2026-07-22T01:43:08.468] error: slurm_set_addr: Unable to resolve "slurmctl02"
[2026-07-22T01:43:38.476] error: _xgetaddrinfo: getaddrinfo(slurmctl01:6817) failed: System error: Device or resource busy
[2026-07-22T01:43:38.476] error: slurm_set_addr: Unable to resolve "slurmctl01"
[2026-07-22T01:43:38.482] error: _xgetaddrinfo: getaddrinfo(slurmctl02:6817) failed: System error: Device or resource busy
[2026-07-22T01:43:38.482] error: slurm_set_addr: Unable to resolve "slurmctl02"
[2026-07-22T01:44:03.493] error: _xgetaddrinfo: getaddrinfo(slurmctl01:6817) failed: System error: Device or resource busy
[2026-07-22T01:44:03.493] error: slurm_set_addr: Unable to resolve "slurmctl01"
[2026-07-22T01:44:03.499] error: _xgetaddrinfo: getaddrinfo(slurmctl02:6817) failed: System error: Device or resource busy
[2026-07-22T01:44:03.499] error: slurm_set_addr: Unable to resolve "slurmctl02"
[2026-07-22T01:44:28.508] error: _xgetaddrinfo: getaddrinfo(slurmctl01:6817) failed: System error: Device or resource busy
[2026-07-22T01:44:28.508] error: slurm_set_addr: Unable to resolve "slurmctl01"
[2026-07-22T01:44:28.514] error: _xgetaddrinfo: getaddrinfo(slurmctl02:6817) failed: System error: Device or resource busy
[2026-07-22T01:44:28.514] error: slurm_set_addr: Unable to resolve "slurmctl02"
[2026-07-22T01:44:53.522] error: _xgetaddrinfo: getaddrinfo(slurmctl01:6817) failed: System error: Device or resource busy
[2026-07-22T01:44:53.523] error: slurm_set_addr: Unable to resolve "slurmctl01"
[2026-07-22T01:44:53.529] error: _xgetaddrinfo: getaddrinfo(slurmctl02:6817) failed: System error: Device or resource busy
[2026-07-22T01:44:53.529] error: slurm_set_addr: Unable to resolve "slurmctl02"
[2026-07-22T01:45:18.537] error: _xgetaddrinfo: getaddrinfo(slurmctl01:6817) failed: System error: Device or resource busy
[2026-07-22T01:45:18.537] error: slurm_set_addr: Unable to resolve "slurmctl01"
[2026-07-22T01:45:18.543] error: _xgetaddrinfo: getaddrinfo(slurmctl02:6817) failed: System error: Device or resource busy
[2026-07-22T01:45:18.544] error: slurm_set_addr: Unable to resolve "slurmctl02"
[2026-07-22T01:45:43.552] error: _xgetaddrinfo: getaddrinfo(slurmctl01:6817) failed: System error: Device or resource busy
[2026-07-22T01:45:43.552] error: slurm_set_addr: Unable to resolve "slurmctl01"
[2026-07-22T01:45:43.559] error: _xgetaddrinfo: getaddrinfo(slurmctl02:6817) failed: System error: Device or resource busy
[2026-07-22T01:45:43.559] error: slurm_set_addr: Unable to resolve "slurmctl02"
[2026-07-22T01:46:08.575] error: _xgetaddrinfo: getaddrinfo(slurmctl01:6817) failed: System error: Device or resource busy
[2026-07-22T01:46:08.575] error: slurm_set_addr: Unable to resolve "slurmctl01"
[2026-07-22T01:46:08.582] error: _xgetaddrinfo: getaddrinfo(slurmctl02:6817) failed: System error: Device or resource busy
[2026-07-22T01:46:08.582] error: slurm_set_addr: Unable to resolve "slurmctl02"
[2026-07-22T01:46:33.591] error: _xgetaddrinfo: getaddrinfo(slurmctl01:6817) failed: System error: Device or resource busy
[2026-07-22T01:46:33.591] error: slurm_set_addr: Unable to resolve "slurmctl01"
[2026-07-22T01:46:33.598] error: _xgetaddrinfo: getaddrinfo(slurmctl02:6817) failed: System error: Device or resource busy
[2026-07-22T01:46:33.598] error: slurm_set_addr: Unable to resolve "slurmctl02"
[2026-07-22T01:46:58.606] error: _xgetaddrinfo: getaddrinfo(slurmctl01:6817) failed: System error: Device or resource busy
[2026-07-22T01:46:58.607] error: slurm_set_addr: Unable to resolve "slurmctl01"
[2026-07-22T01:46:58.613] error: _xgetaddrinfo: getaddrinfo(slurmctl02:6817) failed: System error: Device or resource busy
[2026-07-22T01:46:58.613] error: slurm_set_addr: Unable to resolve "slurmctl02"
[2026-07-22T01:47:23.622] error: _xgetaddrinfo: getaddrinfo(slurmctl01:6817) failed: System error: Device or resource busy
[2026-07-22T01:47:23.622] error: slurm_set_addr: Unable to resolve "slurmctl01"
[2026-07-22T01:47:23.629] error: _xgetaddrinfo: getaddrinfo(slurmctl02:6817) failed: System error: Device or resource busy
[2026-07-22T01:47:23.629] error: slurm_set_addr: Unable to resolve "slurmctl02"
[2026-07-22T01:47:48.637] error: _xgetaddrinfo: getaddrinfo(slurmctl01:6817) failed: System error: Device or resource busy
[2026-07-22T01:47:48.637] error: slurm_set_addr: Unable to resolve "slurmctl01"
[2026-07-22T01:47:48.644] error: _xgetaddrinfo: getaddrinfo(slurmctl02:6817) failed: System error: Device or resource busy
[2026-07-22T01:47:48.644] error: slurm_set_addr: Unable to resolve "slurmctl02"
[2026-07-22T01:48:13.652] error: _xgetaddrinfo: getaddrinfo(slurmctl01:6817) failed: System error: Device or resource busy
[2026-07-22T01:48:13.652] error: slurm_set_addr: Unable to resolve "slurmctl01"
[2026-07-22T01:48:13.658] error: _xgetaddrinfo: getaddrinfo(slurmctl02:6817) failed: System error: Device or resource busy
[2026-07-22T01:48:13.658] error: slurm_set_addr: Unable to resolve "slurmctl02"
[2026-07-22T01:48:38.666] error: _xgetaddrinfo: getaddrinfo(slurmctl01:6817) failed: System error: Device or resource busy
[2026-07-22T01:48:38.666] error: slurm_set_addr: Unable to resolve "slurmctl01"
[2026-07-22T01:48:38.672] error: _xgetaddrinfo: getaddrinfo(slurmctl02:6817) failed: System error: Device or resource busy
[2026-07-22T01:48:38.672] error: slurm_set_addr: Unable to resolve "slurmctl02"
[2026-07-22T01:49:03.680] error: _xgetaddrinfo: getaddrinfo(slurmctl01:6817) failed: System error: Device or resource busy
[2026-07-22T01:49:03.680] error: slurm_set_addr: Unable to resolve "slurmctl01"
[2026-07-22T01:49:03.687] error: _xgetaddrinfo: getaddrinfo(slurmctl02:6817) failed: System error: Device or resource busy
[2026-07-22T01:49:03.687] error: slurm_set_addr: Unable to resolve "slurmctl02"
[2026-07-22T01:49:28.695] error: _xgetaddrinfo: getaddrinfo(slurmctl01:6817) failed: System error: Device or resource busy
[2026-07-22T01:49:28.695] error: slurm_set_addr: Unable to resolve "slurmctl01"
[2026-07-22T01:49:28.702] error: _xgetaddrinfo: getaddrinfo(slurmctl02:6817) failed: System error: Device or resource busy
[2026-07-22T01:49:28.702] error: slurm_set_addr: Unable to resolve "slurmctl02"
[2026-07-22T01:49:53.711] error: _xgetaddrinfo: getaddrinfo(slurmctl01:6817) failed: System error: Device or resource busy
[2026-07-22T01:49:53.711] error: slurm_set_addr: Unable to resolve "slurmctl01"
[2026-07-22T01:49:53.717] error: _xgetaddrinfo: getaddrinfo(slurmctl02:6817) failed: System error: Device or resource busy
[2026-07-22T01:49:53.717] error: slurm_set_addr: Unable to resolve "slurmctl02"
[2026-07-22T01:50:18.737] error: _xgetaddrinfo: getaddrinfo(slurmctl01:6817) failed: System error: Device or resource busy
[2026-07-22T01:50:18.737] error: slurm_set_addr: Unable to resolve "slurmctl01"
[2026-07-22T01:50:18.745] error: _xgetaddrinfo: getaddrinfo(slurmctl02:6817) failed: System error: Device or resource busy
[2026-07-22T01:50:18.745] error: slurm_set_addr: Unable to resolve "slurmctl02"
[2026-07-22T01:50:43.753] error: _xgetaddrinfo: getaddrinfo(slurmctl01:6817) failed: System error: Device or resource busy
[2026-07-22T01:50:43.754] error: slurm_set_addr: Unable to resolve "slurmctl01"
[2026-07-22T01:50:43.760] error: _xgetaddrinfo: getaddrinfo(slurmctl02:6817) failed: System error: Device or resource busy
[2026-07-22T01:50:43.760] error: slurm_set_addr: Unable to resolve "slurmctl02"
[2026-07-22T01:51:08.769] error: _xgetaddrinfo: getaddrinfo(slurmctl01:6817) failed: System error: Device or resource busy
[2026-07-22T01:51:08.769] error: slurm_set_addr: Unable to resolve "slurmctl01"
[2026-07-22T01:51:08.775] error: _xgetaddrinfo: getaddrinfo(slurmctl02:6817) failed: System error: Device or resource busy
[2026-07-22T01:51:08.775] error: slurm_set_addr: Unable to resolve "slurmctl02"
[2026-07-22T01:51:33.783] error: _xgetaddrinfo: getaddrinfo(slurmctl01:6817) failed: System error: Device or resource busy
[2026-07-22T01:51:33.783] error: slurm_set_addr: Unable to resolve "slurmctl01"
[2026-07-22T01:51:33.789] error: _xgetaddrinfo: getaddrinfo(slurmctl02:6817) failed: System error: Device or resource busy
[2026-07-22T01:51:33.789] error: slurm_set_addr: Unable to resolve "slurmctl02"
[2026-07-22T01:51:58.798] error: _xgetaddrinfo: getaddrinfo(slurmctl01:6817) failed: System error: Device or resource busy
[2026-07-22T01:51:58.798] error: slurm_set_addr: Unable to resolve "slurmctl01"
[2026-07-22T01:51:58.804] error: _xgetaddrinfo: getaddrinfo(slurmctl02:6817) failed: System error: Device or resource busy
[2026-07-22T01:51:58.804] error: slurm_set_addr: Unable to resolve "slurmctl02"
[2026-07-22T01:52:23.813] error: _xgetaddrinfo: getaddrinfo(slurmctl01:6817) failed: System error: Device or resource busy
[2026-07-22T01:52:23.813] error: slurm_set_addr: Unable to resolve "slurmctl01"
[2026-07-22T01:52:23.820] error: _xgetaddrinfo: getaddrinfo(slurmctl02:6817) failed: System error: Device or resource busy
[2026-07-22T01:52:23.820] error: slurm_set_addr: Unable to resolve "slurmctl02"
[2026-07-22T01:52:48.831] error: _xgetaddrinfo: getaddrinfo(slurmctl01:6817) failed: System error: Device or resource busy
[2026-07-22T01:52:48.831] error: slurm_set_addr: Unable to resolve "slurmctl01"
[2026-07-22T01:52:48.837] error: _xgetaddrinfo: getaddrinfo(slurmctl02:6817) failed: System error: Device or resource busy
[2026-07-22T01:52:48.837] error: slurm_set_addr: Unable to resolve "slurmctl02"
[2026-07-22T01:53:13.860] error: _xgetaddrinfo: getaddrinfo(slurmctl01:6817) failed: System error: Device or resource busy
[2026-07-22T01:53:13.860] error: slurm_set_addr: Unable to resolve "slurmctl01"
[2026-07-22T01:53:13.866] error: _xgetaddrinfo: getaddrinfo(slurmctl02:6817) failed: System error: Device or resource busy
[2026-07-22T01:53:13.866] error: slurm_set_addr: Unable to resolve "slurmctl02"
[2026-07-22T01:53:38.874] error: _xgetaddrinfo: getaddrinfo(slurmctl01:6817) failed: System error: Device or resource busy
[2026-07-22T01:53:38.874] error: slurm_set_addr: Unable to resolve "slurmctl01"
[2026-07-22T01:53:38.880] error: _xgetaddrinfo: getaddrinfo(slurmctl02:6817) failed: System error: Device or resource busy
[2026-07-22T01:53:38.880] error: slurm_set_addr: Unable to resolve "slurmctl02"
[2026-07-22T01:54:03.888] error: _xgetaddrinfo: getaddrinfo(slurmctl01:6817) failed: System error: Device or resource busy
[2026-07-22T01:54:03.889] error: slurm_set_addr: Unable to resolve "slurmctl01"
[2026-07-22T01:54:03.894] error: _xgetaddrinfo: getaddrinfo(slurmctl02:6817) failed: System error: Device or resource busy
[2026-07-22T01:54:03.894] error: slurm_set_addr: Unable to resolve "slurmctl02"
[2026-07-22T01:54:28.902] error: _xgetaddrinfo: getaddrinfo(slurmctl01:6817) failed: System error: Device or resource busy
[2026-07-22T01:54:28.902] error: slurm_set_addr: Unable to resolve "slurmctl01"
[2026-07-22T01:54:28.908] error: _xgetaddrinfo: getaddrinfo(slurmctl02:6817) failed: System error: Device or resource busy
[2026-07-22T01:54:28.908] error: slurm_set_addr: Unable to resolve "slurmctl02"
[2026-07-22T01:54:53.916] error: _xgetaddrinfo: getaddrinfo(slurmctl01:6817) failed: System error: Device or resource busy
[2026-07-22T01:54:53.917] error: slurm_set_addr: Unable to resolve "slurmctl01"
[2026-07-22T01:54:53.922] error: _xgetaddrinfo: getaddrinfo(slurmctl02:6817) failed: System error: Device or resource busy
[2026-07-22T01:54:53.922] error: slurm_set_addr: Unable to resolve "slurmctl02"
[2026-07-22T01:55:18.930] error: _xgetaddrinfo: getaddrinfo(slurmctl01:6817) failed: System error: Device or resource busy
[2026-07-22T01:55:18.930] error: slurm_set_addr: Unable to resolve "slurmctl01"
[2026-07-22T01:55:18.936] error: _xgetaddrinfo: getaddrinfo(slurmctl02:6817) failed: System error: Device or resource busy
[2026-07-22T01:55:18.936] error: slurm_set_addr: Unable to resolve "slurmctl02"
[2026-07-22T01:55:43.944] error: _xgetaddrinfo: getaddrinfo(slurmctl01:6817) failed: System error: Device or resource busy
[2026-07-22T01:55:43.944] error: slurm_set_addr: Unable to resolve "slurmctl01"
[2026-07-22T01:55:43.950] error: _xgetaddrinfo: getaddrinfo(slurmctl02:6817) failed: System error: Device or resource busy
[2026-07-22T01:55:43.950] error: slurm_set_addr: Unable to resolve "slurmctl02"
[2026-07-22T01:56:08.959] error: _xgetaddrinfo: getaddrinfo(slurmctl01:6817) failed: System error: Device or resource busy
[2026-07-22T01:56:08.959] error: slurm_set_addr: Unable to resolve "slurmctl01"
[2026-07-22T01:56:08.964] error: _xgetaddrinfo: getaddrinfo(slurmctl02:6817) failed: System error: Device or resource busy
[2026-07-22T01:56:08.964] error: slurm_set_addr: Unable to resolve "slurmctl02"
[2026-07-22T01:56:33.972] error: _xgetaddrinfo: getaddrinfo(slurmctl01:6817) failed: System error: Device or resource busy
[2026-07-22T01:56:33.972] error: slurm_set_addr: Unable to resolve "slurmctl01"
[2026-07-22T01:56:33.978] error: _xgetaddrinfo: getaddrinfo(slurmctl02:6817) failed: System error: Device or resource busy
[2026-07-22T01:56:33.978] error: slurm_set_addr: Unable to resolve "slurmctl02"
[2026-07-22T01:56:58.986] error: _xgetaddrinfo: getaddrinfo(slurmctl01:6817) failed: System error: Device or resource busy
[2026-07-22T01:56:58.986] error: slurm_set_addr: Unable to resolve "slurmctl01"
[2026-07-22T01:56:58.992] error: _xgetaddrinfo: getaddrinfo(slurmctl02:6817) failed: System error: Device or resource busy
[2026-07-22T01:56:58.992] error: slurm_set_addr: Unable to resolve "slurmctl02"
[2026-07-22T01:57:24.000] error: _xgetaddrinfo: getaddrinfo(slurmctl01:6817) failed: System error: Device or resource busy
[2026-07-22T01:57:24.000] error: slurm_set_addr: Unable to resolve "slurmctl01"
[2026-07-22T01:57:24.006] error: _xgetaddrinfo: getaddrinfo(slurmctl02:6817) failed: System error: Device or resource busy
[2026-07-22T01:57:24.006] error: slurm_set_addr: Unable to resolve "slurmctl02"
[2026-07-22T01:57:49.014] error: _xgetaddrinfo: getaddrinfo(slurmctl01:6817) failed: System error: Device or resource busy
[2026-07-22T01:57:49.014] error: slurm_set_addr: Unable to resolve "slurmctl01"
[2026-07-22T01:57:49.020] error: _xgetaddrinfo: getaddrinfo(slurmctl02:6817) failed: System error: Device or resource busy
[2026-07-22T01:57:49.020] error: slurm_set_addr: Unable to resolve "slurmctl02"
[2026-07-22T01:58:14.029] error: _xgetaddrinfo: getaddrinfo(slurmctl01:6817) failed: System error: Device or resource busy
[2026-07-22T01:58:14.029] error: slurm_set_addr: Unable to resolve "slurmctl01"
[2026-07-22T01:58:14.034] error: _xgetaddrinfo: getaddrinfo(slurmctl02:6817) failed: System error: Device or resource busy
[2026-07-22T01:58:14.034] error: slurm_set_addr: Unable to resolve "slurmctl02"
[2026-07-22T01:58:39.041] error: _xgetaddrinfo: getaddrinfo(slurmctl01:6817) failed: System error: Device or resource busy
[2026-07-22T01:58:39.041] error: slurm_set_addr: Unable to resolve "slurmctl01"
[2026-07-22T01:58:39.048] error: _xgetaddrinfo: getaddrinfo(slurmctl02:6817) failed: System error: Device or resource busy
[2026-07-22T01:58:39.048] error: slurm_set_addr: Unable to resolve "slurmctl02"
[2026-07-22T01:59:04.055] error: _xgetaddrinfo: getaddrinfo(slurmctl01:6817) failed: System error: Device or resource busy
[2026-07-22T01:59:04.055] error: slurm_set_addr: Unable to resolve "slurmctl01"
[2026-07-22T01:59:04.061] error: _xgetaddrinfo: getaddrinfo(slurmctl02:6817) failed: System error: Device or resource busy
[2026-07-22T01:59:04.061] error: slurm_set_addr: Unable to resolve "slurmctl02"
[2026-07-22T01:59:29.069] error: _xgetaddrinfo: getaddrinfo(slurmctl01:6817) failed: System error: Device or resource busy
[2026-07-22T01:59:29.070] error: slurm_set_addr: Unable to resolve "slurmctl01"
[2026-07-22T01:59:29.076] error: _xgetaddrinfo: getaddrinfo(slurmctl02:6817) failed: System error: Device or resource busy
[2026-07-22T01:59:29.076] error: slurm_set_addr: Unable to resolve "slurmctl02"
[2026-07-22T01:59:54.084] error: _xgetaddrinfo: getaddrinfo(slurmctl01:6817) failed: System error: Device or resource busy
[2026-07-22T01:59:54.084] error: slurm_set_addr: Unable to resolve "slurmctl01"
[2026-07-22T01:59:54.090] error: _xgetaddrinfo: getaddrinfo(slurmctl02:6817) failed: System error: Device or resource busy
[2026-07-22T01:59:54.090] error: slurm_set_addr: Unable to resolve "slurmctl02"
[2026-07-22T02:00:19.097] error: _xgetaddrinfo: getaddrinfo(slurmctl01:6817) failed: System error: Device or resource busy
[2026-07-22T02:00:19.098] error: slurm_set_addr: Unable to resolve "slurmctl01"
[2026-07-22T02:00:19.103] error: _xgetaddrinfo: getaddrinfo(slurmctl02:6817) failed: System error: Device or resource busy
[2026-07-22T02:00:19.103] error: slurm_set_addr: Unable to resolve "slurmctl02"
[2026-07-22T02:00:44.111] error: _xgetaddrinfo: getaddrinfo(slurmctl01:6817) failed: System error: Device or resource busy
[2026-07-22T02:00:44.111] error: slurm_set_addr: Unable to resolve "slurmctl01"
[2026-07-22T02:00:44.116] error: _xgetaddrinfo: getaddrinfo(slurmctl02:6817) failed: System error: Device or resource busy
[2026-07-22T02:00:44.117] error: slurm_set_addr: Unable to resolve "slurmctl02"
[2026-07-22T02:01:09.124] error: _xgetaddrinfo: getaddrinfo(slurmctl01:6817) failed: System error: Device or resource busy
[2026-07-22T02:01:09.124] error: slurm_set_addr: Unable to resolve "slurmctl01"
[2026-07-22T02:01:09.131] error: _xgetaddrinfo: getaddrinfo(slurmctl02:6817) failed: System error: Device or resource busy
[2026-07-22T02:01:09.131] error: slurm_set_addr: Unable to resolve "slurmctl02"
[2026-07-22T02:01:34.139] error: _xgetaddrinfo: getaddrinfo(slurmctl01:6817) failed: System error: Device or resource busy
[2026-07-22T02:01:34.139] error: slurm_set_addr: Unable to resolve "slurmctl01"
[2026-07-22T02:01:34.145] error: _xgetaddrinfo: getaddrinfo(slurmctl02:6817) failed: System error: Device or resource busy
[2026-07-22T02:01:34.146] error: slurm_set_addr: Unable to resolve "slurmctl02"
[2026-07-22T02:01:59.153] error: _xgetaddrinfo: getaddrinfo(slurmctl01:6817) failed: System error: Device or resource busy
[2026-07-22T02:01:59.154] error: slurm_set_addr: Unable to resolve "slurmctl01"
[2026-07-22T02:01:59.160] error: _xgetaddrinfo: getaddrinfo(slurmctl02:6817) failed: System error: Device or resource busy
[2026-07-22T02:01:59.160] error: slurm_set_addr: Unable to resolve "slurmctl02"
[2026-07-22T02:02:24.168] error: _xgetaddrinfo: getaddrinfo(slurmctl01:6817) failed: System error: Device or resource busy
[2026-07-22T02:02:24.168] error: slurm_set_addr: Unable to resolve "slurmctl01"
[2026-07-22T02:02:24.175] error: _xgetaddrinfo: getaddrinfo(slurmctl02:6817) failed: System error: Device or resource busy
[2026-07-22T02:02:24.175] error: slurm_set_addr: Unable to resolve "slurmctl02"
[2026-07-22T02:02:49.183] error: _xgetaddrinfo: getaddrinfo(slurmctl01:6817) failed: System error: Device or resource busy
[2026-07-22T02:02:49.183] error: slurm_set_addr: Unable to resolve "slurmctl01"
[2026-07-22T02:02:49.190] error: _xgetaddrinfo: getaddrinfo(slurmctl02:6817) failed: System error: Device or resource busy
[2026-07-22T02:02:49.190] error: slurm_set_addr: Unable to resolve "slurmctl02"
[2026-07-22T02:03:14.198] error: _xgetaddrinfo: getaddrinfo(slurmctl01:6817) failed: System error: Device or resource busy
[2026-07-22T02:03:14.198] error: slurm_set_addr: Unable to resolve "slurmctl01"
[2026-07-22T02:03:14.204] error: _xgetaddrinfo: getaddrinfo(slurmctl02:6817) failed: System error: Device or resource busy
[2026-07-22T02:03:14.204] error: slurm_set_addr: Unable to resolve "slurmctl02"
[2026-07-22T02:03:39.212] error: _xgetaddrinfo: getaddrinfo(slurmctl01:6817) failed: System error: Device or resource busy
[2026-07-22T02:03:39.212] error: slurm_set_addr: Unable to resolve "slurmctl01"
[2026-07-22T02:03:39.218] error: _xgetaddrinfo: getaddrinfo(slurmctl02:6817) failed: System error: Device or resource busy
[2026-07-22T02:03:39.218] error: slurm_set_addr: Unable to resolve "slurmctl02"
[2026-07-22T02:04:04.226] error: _xgetaddrinfo: getaddrinfo(slurmctl01:6817) failed: System error: Device or resource busy
[2026-07-22T02:04:04.226] error: slurm_set_addr: Unable to resolve "slurmctl01"
[2026-07-22T02:04:04.232] error: _xgetaddrinfo: getaddrinfo(slurmctl02:6817) failed: System error: Device or resource busy
[2026-07-22T02:04:04.232] error: slurm_set_addr: Unable to resolve "slurmctl02"
[2026-07-22T02:04:29.240] error: _xgetaddrinfo: getaddrinfo(slurmctl01:6817) failed: System error: Device or resource busy
[2026-07-22T02:04:29.240] error: slurm_set_addr: Unable to resolve "slurmctl01"
[2026-07-22T02:04:29.246] error: _xgetaddrinfo: getaddrinfo(slurmctl02:6817) failed: System error: Device or resource busy
[2026-07-22T02:04:29.246] error: slurm_set_addr: Unable to resolve "slurmctl02"
[2026-07-22T02:04:54.254] error: _xgetaddrinfo: getaddrinfo(slurmctl01:6817) failed: System error: Device or resource busy
[2026-07-22T02:04:54.254] error: slurm_set_addr: Unable to resolve "slurmctl01"
[2026-07-22T02:04:54.261] error: _xgetaddrinfo: getaddrinfo(slurmctl02:6817) failed: System error: Device or resource busy
[2026-07-22T02:04:54.261] error: slurm_set_addr: Unable to resolve "slurmctl02"
[2026-07-22T02:05:19.269] error: _xgetaddrinfo: getaddrinfo(slurmctl01:6817) failed: System error: Device or resource busy
[2026-07-22T02:05:19.270] error: slurm_set_addr: Unable to resolve "slurmctl01"
[2026-07-22T02:05:19.275] error: _xgetaddrinfo: getaddrinfo(slurmctl02:6817) failed: System error: Device or resource busy
[2026-07-22T02:05:19.275] error: slurm_set_addr: Unable to resolve "slurmctl02"
[2026-07-22T02:05:44.284] error: _xgetaddrinfo: getaddrinfo(slurmctl01:6817) failed: System error: Device or resource busy
[2026-07-22T02:05:44.284] error: slurm_set_addr: Unable to resolve "slurmctl01"
[2026-07-22T02:05:44.290] error: _xgetaddrinfo: getaddrinfo(slurmctl02:6817) failed: System error: Device or resource busy
[2026-07-22T02:05:44.290] error: slurm_set_addr: Unable to resolve "slurmctl02"
[2026-07-22T02:06:09.299] error: _xgetaddrinfo: getaddrinfo(slurmctl01:6817) failed: System error: Device or resource busy
[2026-07-22T02:06:09.299] error: slurm_set_addr: Unable to resolve "slurmctl01"
[2026-07-22T02:06:09.305] error: _xgetaddrinfo: getaddrinfo(slurmctl02:6817) failed: System error: Device or resource busy
[2026-07-22T02:06:09.305] error: slurm_set_addr: Unable to resolve "slurmctl02"
[2026-07-22T02:06:34.313] error: _xgetaddrinfo: getaddrinfo(slurmctl01:6817) failed: System error: Device or resource busy
[2026-07-22T02:06:34.314] error: slurm_set_addr: Unable to resolve "slurmctl01"
[2026-07-22T02:06:34.319] error: _xgetaddrinfo: getaddrinfo(slurmctl02:6817) failed: System error: Device or resource busy
[2026-07-22T02:06:34.319] error: slurm_set_addr: Unable to resolve "slurmctl02"
[2026-07-22T02:06:59.327] error: _xgetaddrinfo: getaddrinfo(slurmctl01:6817) failed: System error: Device or resource busy
[2026-07-22T02:06:59.327] error: slurm_set_addr: Unable to resolve "slurmctl01"
[2026-07-22T02:06:59.333] error: _xgetaddrinfo: getaddrinfo(slurmctl02:6817) failed: System error: Device or resource busy
[2026-07-22T02:06:59.333] error: slurm_set_addr: Unable to resolve "slurmctl02"
[2026-07-22T02:07:24.341] error: _xgetaddrinfo: getaddrinfo(slurmctl01:6817) failed: System error: Device or resource busy
[2026-07-22T02:07:24.341] error: slurm_set_addr: Unable to resolve "slurmctl01"
[2026-07-22T02:07:24.348] error: _xgetaddrinfo: getaddrinfo(slurmctl02:6817) failed: System error: Device or resource busy
[2026-07-22T02:07:24.348] error: slurm_set_addr: Unable to resolve "slurmctl02"
[2026-07-22T02:07:49.356] error: _xgetaddrinfo: getaddrinfo(slurmctl01:6817) failed: System error: Device or resource busy
[2026-07-22T02:07:49.356] error: slurm_set_addr: Unable to resolve "slurmctl01"
[2026-07-22T02:07:49.363] error: _xgetaddrinfo: getaddrinfo(slurmctl02:6817) failed: System error: Device or resource busy
[2026-07-22T02:07:49.363] error: slurm_set_addr: Unable to resolve "slurmctl02"
[2026-07-22T02:08:14.371] error: _xgetaddrinfo: getaddrinfo(slurmctl01:6817) failed: System error: Device or resource busy
[2026-07-22T02:08:14.371] error: slurm_set_addr: Unable to resolve "slurmctl01"
[2026-07-22T02:08:14.377] error: _xgetaddrinfo: getaddrinfo(slurmctl02:6817) failed: System error: Device or resource busy
[2026-07-22T02:08:14.377] error: slurm_set_addr: Unable to resolve "slurmctl02"
[2026-07-22T02:08:39.385] error: _xgetaddrinfo: getaddrinfo(slurmctl01:6817) failed: System error: Device or resource busy
[2026-07-22T02:08:39.385] error: slurm_set_addr: Unable to resolve "slurmctl01"
[2026-07-22T02:08:39.391] error: _xgetaddrinfo: getaddrinfo(slurmctl02:6817) failed: System error: Device or resource busy
[2026-07-22T02:08:39.391] error: slurm_set_addr: Unable to resolve "slurmctl02"
[2026-07-22T02:09:04.399] error: _xgetaddrinfo: getaddrinfo(slurmctl01:6817) failed: System error: Device or resource busy
[2026-07-22T02:09:04.399] error: slurm_set_addr: Unable to resolve "slurmctl01"
[2026-07-22T02:09:04.405] error: _xgetaddrinfo: getaddrinfo(slurmctl02:6817) failed: System error: Device or resource busy
[2026-07-22T02:09:04.405] error: slurm_set_addr: Unable to resolve "slurmctl02"
[2026-07-22T02:09:29.413] error: _xgetaddrinfo: getaddrinfo(slurmctl01:6817) failed: System error: Device or resource busy
[2026-07-22T02:09:29.413] error: slurm_set_addr: Unable to resolve "slurmctl01"
[2026-07-22T02:09:29.419] error: _xgetaddrinfo: getaddrinfo(slurmctl02:6817) failed: System error: Device or resource busy
[2026-07-22T02:09:29.419] error: slurm_set_addr: Unable to resolve "slurmctl02"
[2026-07-22T02:09:54.427] error: _xgetaddrinfo: getaddrinfo(slurmctl01:6817) failed: System error: Device or resource busy
[2026-07-22T02:09:54.427] error: slurm_set_addr: Unable to resolve "slurmctl01"
[2026-07-22T02:09:54.434] error: _xgetaddrinfo: getaddrinfo(slurmctl02:6817) failed: System error: Device or resource busy
[2026-07-22T02:09:54.434] error: slurm_set_addr: Unable to resolve "slurmctl02"
[2026-07-22T02:10:19.442] error: _xgetaddrinfo: getaddrinfo(slurmctl01:6817) failed: System error: Device or resource busy
[2026-07-22T02:10:19.442] error: slurm_set_addr: Unable to resolve "slurmctl01"
[2026-07-22T02:10:19.448] error: _xgetaddrinfo: getaddrinfo(slurmctl02:6817) failed: System error: Device or resource busy
[2026-07-22T02:10:19.448] error: slurm_set_addr: Unable to resolve "slurmctl02"
[2026-07-22T02:10:44.457] error: _xgetaddrinfo: getaddrinfo(slurmctl01:6817) failed: System error: Device or resource busy
[2026-07-22T02:10:44.457] error: slurm_set_addr: Unable to resolve "slurmctl01"
[2026-07-22T02:10:44.462] error: _xgetaddrinfo: getaddrinfo(slurmctl02:6817) failed: System error: Device or resource busy
[2026-07-22T02:10:44.462] error: slurm_set_addr: Unable to resolve "slurmctl02"
[2026-07-22T02:11:09.471] error: _xgetaddrinfo: getaddrinfo(slurmctl01:6817) failed: System error: Device or resource busy
[2026-07-22T02:11:09.471] error: slurm_set_addr: Unable to resolve "slurmctl01"
[2026-07-22T02:11:09.476] error: _xgetaddrinfo: getaddrinfo(slurmctl02:6817) failed: System error: Device or resource busy
[2026-07-22T02:11:09.476] error: slurm_set_addr: Unable to resolve "slurmctl02"
[2026-07-22T02:11:34.484] error: _xgetaddrinfo: getaddrinfo(slurmctl01:6817) failed: System error: Device or resource busy
[2026-07-22T02:11:34.484] error: slurm_set_addr: Unable to resolve "slurmctl01"
[2026-07-22T02:11:34.491] error: _xgetaddrinfo: getaddrinfo(slurmctl02:6817) failed: System error: Device or resource busy
[2026-07-22T02:11:34.491] error: slurm_set_addr: Unable to resolve "slurmctl02"
[2026-07-22T02:11:59.498] error: _xgetaddrinfo: getaddrinfo(slurmctl01:6817) failed: System error: Device or resource busy
[2026-07-22T02:11:59.498] error: slurm_set_addr: Unable to resolve "slurmctl01"
[2026-07-22T02:11:59.504] error: _xgetaddrinfo: getaddrinfo(slurmctl02:6817) failed: System error: Device or resource busy
[2026-07-22T02:11:59.504] error: slurm_set_addr: Unable to resolve "slurmctl02"
[2026-07-22T02:12:24.512] error: _xgetaddrinfo: getaddrinfo(slurmctl01:6817) failed: System error: Device or resource busy
[2026-07-22T02:12:24.512] error: slurm_set_addr: Unable to resolve "slurmctl01"
[2026-07-22T02:12:24.518] error: _xgetaddrinfo: getaddrinfo(slurmctl02:6817) failed: System error: Device or resource busy
[2026-07-22T02:12:24.518] error: slurm_set_addr: Unable to resolve "slurmctl02"
[2026-07-22T02:12:49.525] error: _xgetaddrinfo: getaddrinfo(slurmctl01:6817) failed: System error: Device or resource busy
[2026-07-22T02:12:49.526] error: slurm_set_addr: Unable to resolve "slurmctl01"
[2026-07-22T02:12:49.531] error: _xgetaddrinfo: getaddrinfo(slurmctl02:6817) failed: System error: Device or resource busy
[2026-07-22T02:12:49.531] error: slurm_set_addr: Unable to resolve "slurmctl02"
[2026-07-22T02:13:14.539] error: _xgetaddrinfo: getaddrinfo(slurmctl01:6817) failed: System error: Device or resource busy
[2026-07-22T02:13:14.539] error: slurm_set_addr: Unable to resolve "slurmctl01"
[2026-07-22T02:13:14.545] error: _xgetaddrinfo: getaddrinfo(slurmctl02:6817) failed: System error: Device or resource busy
[2026-07-22T02:13:14.545] error: slurm_set_addr: Unable to resolve "slurmctl02"
[2026-07-22T02:13:39.553] error: _xgetaddrinfo: getaddrinfo(slurmctl01:6817) failed: System error: Device or resource busy
[2026-07-22T02:13:39.553] error: slurm_set_addr: Unable to resolve "slurmctl01"
[2026-07-22T02:13:39.558] error: _xgetaddrinfo: getaddrinfo(slurmctl02:6817) failed: System error: Device or resource busy
[2026-07-22T02:13:39.558] error: slurm_set_addr: Unable to resolve "slurmctl02"
[2026-07-22T02:14:04.567] error: _xgetaddrinfo: getaddrinfo(slurmctl01:6817) failed: System error: Device or resource busy
[2026-07-22T02:14:04.567] error: slurm_set_addr: Unable to resolve "slurmctl01"
[2026-07-22T02:14:04.573] error: _xgetaddrinfo: getaddrinfo(slurmctl02:6817) failed: System error: Device or resource busy
[2026-07-22T02:14:04.573] error: slurm_set_addr: Unable to resolve "slurmctl02"
[2026-07-22T02:14:29.581] error: _xgetaddrinfo: getaddrinfo(slurmctl01:6817) failed: System error: Device or resource busy
[2026-07-22T02:14:29.581] error: slurm_set_addr: Unable to resolve "slurmctl01"
[2026-07-22T02:14:29.587] error: _xgetaddrinfo: getaddrinfo(slurmctl02:6817) failed: System error: Device or resource busy
[2026-07-22T02:14:29.587] error: slurm_set_addr: Unable to resolve "slurmctl02"
[2026-07-22T02:14:54.595] error: _xgetaddrinfo: getaddrinfo(slurmctl01:6817) failed: System error: Device or resource busy
[2026-07-22T02:14:54.595] error: slurm_set_addr: Unable to resolve "slurmctl01"
[2026-07-22T02:14:54.601] error: _xgetaddrinfo: getaddrinfo(slurmctl02:6817) failed: System error: Device or resource busy
[2026-07-22T02:14:54.601] error: slurm_set_addr: Unable to resolve "slurmctl02"
[2026-07-22T02:15:19.608] error: _xgetaddrinfo: getaddrinfo(slurmctl01:6817) failed: System error: Device or resource busy
[2026-07-22T02:15:19.608] error: slurm_set_addr: Unable to resolve "slurmctl01"
[2026-07-22T02:15:19.614] error: _xgetaddrinfo: getaddrinfo(slurmctl02:6817) failed: System error: Device or resource busy
[2026-07-22T02:15:19.614] error: slurm_set_addr: Unable to resolve "slurmctl02"
[2026-07-22T02:15:44.622] error: _xgetaddrinfo: getaddrinfo(slurmctl01:6817) failed: System error: Device or resource busy
[2026-07-22T02:15:44.622] error: slurm_set_addr: Unable to resolve "slurmctl01"
[2026-07-22T02:15:44.628] error: _xgetaddrinfo: getaddrinfo(slurmctl02:6817) failed: System error: Device or resource busy
[2026-07-22T02:15:44.628] error: slurm_set_addr: Unable to resolve "slurmctl02"
[2026-07-22T02:16:09.636] error: _xgetaddrinfo: getaddrinfo(slurmctl01:6817) failed: System error: Device or resource busy
[2026-07-22T02:16:09.636] error: slurm_set_addr: Unable to resolve "slurmctl01"
[2026-07-22T02:16:09.642] error: _xgetaddrinfo: getaddrinfo(slurmctl02:6817) failed: System error: Device or resource busy
[2026-07-22T02:16:09.642] error: slurm_set_addr: Unable to resolve "slurmctl02"
[2026-07-22T02:16:34.650] error: _xgetaddrinfo: getaddrinfo(slurmctl01:6817) failed: System error: Device or resource busy
[2026-07-22T02:16:34.650] error: slurm_set_addr: Unable to resolve "slurmctl01"
[2026-07-22T02:16:34.657] error: _xgetaddrinfo: getaddrinfo(slurmctl02:6817) failed: System error: Device or resource busy
[2026-07-22T02:16:34.657] error: slurm_set_addr: Unable to resolve "slurmctl02"
[2026-07-22T02:16:59.665] error: _xgetaddrinfo: getaddrinfo(slurmctl01:6817) failed: System error: Device or resource busy
[2026-07-22T02:16:59.665] error: slurm_set_addr: Unable to resolve "slurmctl01"
[2026-07-22T02:16:59.671] error: _xgetaddrinfo: getaddrinfo(slurmctl02:6817) failed: System error: Device or resource busy
[2026-07-22T02:16:59.671] error: slurm_set_addr: Unable to resolve "slurmctl02"
[2026-07-22T02:17:24.679] error: _xgetaddrinfo: getaddrinfo(slurmctl01:6817) failed: System error: Device or resource busy
[2026-07-22T02:17:24.679] error: slurm_set_addr: Unable to resolve "slurmctl01"
[2026-07-22T02:17:24.685] error: _xgetaddrinfo: getaddrinfo(slurmctl02:6817) failed: System error: Device or resource busy
[2026-07-22T02:17:24.685] error: slurm_set_addr: Unable to resolve "slurmctl02"
[2026-07-22T02:17:49.693] error: _xgetaddrinfo: getaddrinfo(slurmctl01:6817) failed: System error: Device or resource busy
[2026-07-22T02:17:49.693] error: slurm_set_addr: Unable to resolve "slurmctl01"
[2026-07-22T02:17:49.699] error: _xgetaddrinfo: getaddrinfo(slurmctl02:6817) failed: System error: Device or resource busy
[2026-07-22T02:17:49.699] error: slurm_set_addr: Unable to resolve "slurmctl02"
[2026-07-22T02:18:14.708] error: _xgetaddrinfo: getaddrinfo(slurmctl01:6817) failed: System error: Device or resource busy
[2026-07-22T02:18:14.708] error: slurm_set_addr: Unable to resolve "slurmctl01"
[2026-07-22T02:18:14.714] error: _xgetaddrinfo: getaddrinfo(slurmctl02:6817) failed: System error: Device or resource busy
[2026-07-22T02:18:14.714] error: slurm_set_addr: Unable to resolve "slurmctl02"
[2026-07-22T02:18:39.722] error: _xgetaddrinfo: getaddrinfo(slurmctl01:6817) failed: System error: Device or resource busy
[2026-07-22T02:18:39.722] error: slurm_set_addr: Unable to resolve "slurmctl01"
[2026-07-22T02:18:39.728] error: _xgetaddrinfo: getaddrinfo(slurmctl02:6817) failed: System error: Device or resource busy
[2026-07-22T02:18:39.728] error: slurm_set_addr: Unable to resolve "slurmctl02"
[2026-07-22T02:19:04.736] error: _xgetaddrinfo: getaddrinfo(slurmctl01:6817) failed: System error: Device or resource busy
[2026-07-22T02:19:04.736] error: slurm_set_addr: Unable to resolve "slurmctl01"
[2026-07-22T02:19:04.742] error: _xgetaddrinfo: getaddrinfo(slurmctl02:6817) failed: System error: Device or resource busy
[2026-07-22T02:19:04.743] error: slurm_set_addr: Unable to resolve "slurmctl02"
[2026-07-22T02:19:29.750] error: _xgetaddrinfo: getaddrinfo(slurmctl01:6817) failed: System error: Device or resource busy
[2026-07-22T02:19:29.750] error: slurm_set_addr: Unable to resolve "slurmctl01"
[2026-07-22T02:19:29.756] error: _xgetaddrinfo: getaddrinfo(slurmctl02:6817) failed: System error: Device or resource busy
[2026-07-22T02:19:29.756] error: slurm_set_addr: Unable to resolve "slurmctl02"
[2026-07-22T02:19:54.765] error: _xgetaddrinfo: getaddrinfo(slurmctl01:6817) failed: System error: Device or resource busy
[2026-07-22T02:19:54.765] error: slurm_set_addr: Unable to resolve "slurmctl01"
[2026-07-22T02:19:54.770] error: _xgetaddrinfo: getaddrinfo(slurmctl02:6817) failed: System error: Device or resource busy
[2026-07-22T02:19:54.770] error: slurm_set_addr: Unable to resolve "slurmctl02"
[2026-07-22T02:20:19.778] error: _xgetaddrinfo: getaddrinfo(slurmctl01:6817) failed: System error: Device or resource busy
[2026-07-22T02:20:19.778] error: slurm_set_addr: Unable to resolve "slurmctl01"
[2026-07-22T02:20:19.784] error: _xgetaddrinfo: getaddrinfo(slurmctl02:6817) failed: System error: Device or resource busy
[2026-07-22T02:20:19.784] error: slurm_set_addr: Unable to resolve "slurmctl02"
[2026-07-22T02:20:44.793] error: _xgetaddrinfo: getaddrinfo(slurmctl01:6817) failed: System error: Device or resource busy
[2026-07-22T02:20:44.793] error: slurm_set_addr: Unable to resolve "slurmctl01"
[2026-07-22T02:20:44.804] error: _xgetaddrinfo: getaddrinfo(slurmctl02:6817) failed: System error: Device or resource busy
[2026-07-22T02:20:44.804] error: slurm_set_addr: Unable to resolve "slurmctl02"
[2026-07-22T02:21:09.812] error: _xgetaddrinfo: getaddrinfo(slurmctl01:6817) failed: System error: Device or resource busy
[2026-07-22T02:21:09.812] error: slurm_set_addr: Unable to resolve "slurmctl01"
[2026-07-22T02:21:09.818] error: _xgetaddrinfo: getaddrinfo(slurmctl02:6817) failed: System error: Device or resource busy
[2026-07-22T02:21:09.818] error: slurm_set_addr: Unable to resolve "slurmctl02"
[2026-07-22T02:21:34.826] error: _xgetaddrinfo: getaddrinfo(slurmctl01:6817) failed: System error: Device or resource busy
[2026-07-22T02:21:34.826] error: slurm_set_addr: Unable to resolve "slurmctl01"
[2026-07-22T02:21:34.831] error: _xgetaddrinfo: getaddrinfo(slurmctl02:6817) failed: System error: Device or resource busy
[2026-07-22T02:21:34.832] error: slurm_set_addr: Unable to resolve "slurmctl02"
[2026-07-22T02:21:59.840] error: _xgetaddrinfo: getaddrinfo(slurmctl01:6817) failed: System error: Device or resource busy
[2026-07-22T02:21:59.840] error: slurm_set_addr: Unable to resolve "slurmctl01"
[2026-07-22T02:21:59.846] error: _xgetaddrinfo: getaddrinfo(slurmctl02:6817) failed: System error: Device or resource busy
[2026-07-22T02:21:59.846] error: slurm_set_addr: Unable to resolve "slurmctl02"
[2026-07-22T02:22:24.854] error: _xgetaddrinfo: getaddrinfo(slurmctl01:6817) failed: System error: Device or resource busy
[2026-07-22T02:22:24.854] error: slurm_set_addr: Unable to resolve "slurmctl01"
[2026-07-22T02:22:24.860] error: _xgetaddrinfo: getaddrinfo(slurmctl02:6817) failed: System error: Device or resource busy
[2026-07-22T02:22:24.860] error: slurm_set_addr: Unable to resolve "slurmctl02"
[2026-07-22T02:22:49.868] error: _xgetaddrinfo: getaddrinfo(slurmctl01:6817) failed: System error: Device or resource busy
[2026-07-22T02:22:49.868] error: slurm_set_addr: Unable to resolve "slurmctl01"
[2026-07-22T02:22:49.874] error: _xgetaddrinfo: getaddrinfo(slurmctl02:6817) failed: System error: Device or resource busy
[2026-07-22T02:22:49.874] error: slurm_set_addr: Unable to resolve "slurmctl02"
[2026-07-22T02:23:14.882] error: _xgetaddrinfo: getaddrinfo(slurmctl01:6817) failed: System error: Device or resource busy
[2026-07-22T02:23:14.882] error: slurm_set_addr: Unable to resolve "slurmctl01"
[2026-07-22T02:23:14.888] error: _xgetaddrinfo: getaddrinfo(slurmctl02:6817) failed: System error: Device or resource busy
[2026-07-22T02:23:14.888] error: slurm_set_addr: Unable to resolve "slurmctl02"
[2026-07-22T02:23:39.895] error: _xgetaddrinfo: getaddrinfo(slurmctl01:6817) failed: System error: Device or resource busy
[2026-07-22T02:23:39.896] error: slurm_set_addr: Unable to resolve "slurmctl01"
[2026-07-22T02:23:39.902] error: _xgetaddrinfo: getaddrinfo(slurmctl02:6817) failed: System error: Device or resource busy
[2026-07-22T02:23:39.902] error: slurm_set_addr: Unable to resolve "slurmctl02"
[2026-07-22T02:24:04.910] error: _xgetaddrinfo: getaddrinfo(slurmctl01:6817) failed: System error: Device or resource busy
[2026-07-22T02:24:04.910] error: slurm_set_addr: Unable to resolve "slurmctl01"
[2026-07-22T02:24:04.917] error: _xgetaddrinfo: getaddrinfo(slurmctl02:6817) failed: System error: Device or resource busy
[2026-07-22T02:24:04.917] error: slurm_set_addr: Unable to resolve "slurmctl02"
[2026-07-22T02:24:29.925] error: _xgetaddrinfo: getaddrinfo(slurmctl01:6817) failed: System error: Device or resource busy
[2026-07-22T02:24:29.925] error: slurm_set_addr: Unable to resolve "slurmctl01"
[2026-07-22T02:24:29.930] error: _xgetaddrinfo: getaddrinfo(slurmctl02:6817) failed: System error: Device or resource busy
[2026-07-22T02:24:29.930] error: slurm_set_addr: Unable to resolve "slurmctl02"
[2026-07-22T02:24:54.938] error: _xgetaddrinfo: getaddrinfo(slurmctl01:6817) failed: System error: Device or resource busy
[2026-07-22T02:24:54.938] error: slurm_set_addr: Unable to resolve "slurmctl01"
[2026-07-22T02:24:54.944] error: _xgetaddrinfo: getaddrinfo(slurmctl02:6817) failed: System error: Device or resource busy
[2026-07-22T02:24:54.944] error: slurm_set_addr: Unable to resolve "slurmctl02"
[2026-07-22T02:25:19.952] error: _xgetaddrinfo: getaddrinfo(slurmctl01:6817) failed: System error: Device or resource busy
[2026-07-22T02:25:19.952] error: slurm_set_addr: Unable to resolve "slurmctl01"
[2026-07-22T02:25:19.958] error: _xgetaddrinfo: getaddrinfo(slurmctl02:6817) failed: System error: Device or resource busy
[2026-07-22T02:25:19.958] error: slurm_set_addr: Unable to resolve "slurmctl02"
[2026-07-22T02:25:44.966] error: _xgetaddrinfo: getaddrinfo(slurmctl01:6817) failed: System error: Device or resource busy
[2026-07-22T02:25:44.966] error: slurm_set_addr: Unable to resolve "slurmctl01"
[2026-07-22T02:25:44.971] error: _xgetaddrinfo: getaddrinfo(slurmctl02:6817) failed: System error: Device or resource busy
[2026-07-22T02:25:44.971] error: slurm_set_addr: Unable to resolve "slurmctl02"
[2026-07-22T02:26:09.979] error: _xgetaddrinfo: getaddrinfo(slurmctl01:6817) failed: System error: Device or resource busy
[2026-07-22T02:26:09.979] error: slurm_set_addr: Unable to resolve "slurmctl01"
[2026-07-22T02:26:09.985] error: _xgetaddrinfo: getaddrinfo(slurmctl02:6817) failed: System error: Device or resource busy
[2026-07-22T02:26:09.985] error: slurm_set_addr: Unable to resolve "slurmctl02"
[2026-07-22T02:26:34.993] error: _xgetaddrinfo: getaddrinfo(slurmctl01:6817) failed: System error: Device or resource busy
[2026-07-22T02:26:34.993] error: slurm_set_addr: Unable to resolve "slurmctl01"
[2026-07-22T02:26:35.000] error: _xgetaddrinfo: getaddrinfo(slurmctl02:6817) failed: System error: Device or resource busy
[2026-07-22T02:26:35.000] error: slurm_set_addr: Unable to resolve "slurmctl02"
[2026-07-22T02:27:00.008] error: _xgetaddrinfo: getaddrinfo(slurmctl01:6817) failed: System error: Device or resource busy
[2026-07-22T02:27:00.008] error: slurm_set_addr: Unable to resolve "slurmctl01"
[2026-07-22T02:27:00.014] error: _xgetaddrinfo: getaddrinfo(slurmctl02:6817) failed: System error: Device or resource busy
[2026-07-22T02:27:00.015] error: slurm_set_addr: Unable to resolve "slurmctl02"
[2026-07-22T02:27:25.023] error: _xgetaddrinfo: getaddrinfo(slurmctl01:6817) failed: System error: Device or resource busy
[2026-07-22T02:27:25.024] error: slurm_set_addr: Unable to resolve "slurmctl01"
[2026-07-22T02:27:25.030] error: _xgetaddrinfo: getaddrinfo(slurmctl02:6817) failed: System error: Device or resource busy
[2026-07-22T02:27:25.030] error: slurm_set_addr: Unable to resolve "slurmctl02"
[2026-07-22T02:27:50.038] error: _xgetaddrinfo: getaddrinfo(slurmctl01:6817) failed: System error: Device or resource busy
[2026-07-22T02:27:50.039] error: slurm_set_addr: Unable to resolve "slurmctl01"
[2026-07-22T02:27:50.045] error: _xgetaddrinfo: getaddrinfo(slurmctl02:6817) failed: System error: Device or resource busy
[2026-07-22T02:27:50.045] error: slurm_set_addr: Unable to resolve "slurmctl02"
[2026-07-22T02:28:15.052] error: _xgetaddrinfo: getaddrinfo(slurmctl01:6817) failed: System error: Device or resource busy
[2026-07-22T02:28:15.053] error: slurm_set_addr: Unable to resolve "slurmctl01"
[2026-07-22T02:28:15.058] error: _xgetaddrinfo: getaddrinfo(slurmctl02:6817) failed: System error: Device or resource busy
[2026-07-22T02:28:15.058] error: slurm_set_addr: Unable to resolve "slurmctl02"
[2026-07-22T02:28:40.066] error: _xgetaddrinfo: getaddrinfo(slurmctl01:6817) failed: System error: Device or resource busy
[2026-07-22T02:28:40.066] error: slurm_set_addr: Unable to resolve "slurmctl01"
[2026-07-22T02:28:40.072] error: _xgetaddrinfo: getaddrinfo(slurmctl02:6817) failed: System error: Device or resource busy
[2026-07-22T02:28:40.072] error: slurm_set_addr: Unable to resolve "slurmctl02"
[2026-07-22T02:29:05.080] error: _xgetaddrinfo: getaddrinfo(slurmctl01:6817) failed: System error: Device or resource busy
[2026-07-22T02:29:05.081] error: slurm_set_addr: Unable to resolve "slurmctl01"
[2026-07-22T02:29:05.086] error: _xgetaddrinfo: getaddrinfo(slurmctl02:6817) failed: System error: Device or resource busy
[2026-07-22T02:29:05.087] error: slurm_set_addr: Unable to resolve "slurmctl02"
[2026-07-22T02:29:30.094] error: _xgetaddrinfo: getaddrinfo(slurmctl01:6817) failed: System error: Device or resource busy
[2026-07-22T02:29:30.094] error: slurm_set_addr: Unable to resolve "slurmctl01"
[2026-07-22T02:29:30.100] error: _xgetaddrinfo: getaddrinfo(slurmctl02:6817) failed: System error: Device or resource busy
[2026-07-22T02:29:30.100] error: slurm_set_addr: Unable to resolve "slurmctl02"
[2026-07-22T02:29:55.108] error: _xgetaddrinfo: getaddrinfo(slurmctl01:6817) failed: System error: Device or resource busy
[2026-07-22T02:29:55.108] error: slurm_set_addr: Unable to resolve "slurmctl01"
[2026-07-22T02:29:55.115] error: _xgetaddrinfo: getaddrinfo(slurmctl02:6817) failed: System error: Device or resource busy
[2026-07-22T02:29:55.115] error: slurm_set_addr: Unable to resolve "slurmctl02"
[2026-07-22T02:30:20.122] error: _xgetaddrinfo: getaddrinfo(slurmctl01:6817) failed: System error: Device or resource busy
[2026-07-22T02:30:20.122] error: slurm_set_addr: Unable to resolve "slurmctl01"
[2026-07-22T02:30:20.127] error: _xgetaddrinfo: getaddrinfo(slurmctl02:6817) failed: System error: Device or resource busy
[2026-07-22T02:30:20.127] error: slurm_set_addr: Unable to resolve "slurmctl02"
[2026-07-22T02:30:45.135] error: _xgetaddrinfo: getaddrinfo(slurmctl01:6817) failed: System error: Device or resource busy
[2026-07-22T02:30:45.135] error: slurm_set_addr: Unable to resolve "slurmctl01"
[2026-07-22T02:30:45.141] error: _xgetaddrinfo: getaddrinfo(slurmctl02:6817) failed: System error: Device or resource busy
[2026-07-22T02:30:45.142] error: slurm_set_addr: Unable to resolve "slurmctl02"
[2026-07-22T02:31:10.149] error: _xgetaddrinfo: getaddrinfo(slurmctl01:6817) failed: System error: Device or resource busy
[2026-07-22T02:31:10.149] error: slurm_set_addr: Unable to resolve "slurmctl01"
[2026-07-22T02:31:10.155] error: _xgetaddrinfo: getaddrinfo(slurmctl02:6817) failed: System error: Device or resource busy
[2026-07-22T02:31:10.155] error: slurm_set_addr: Unable to resolve "slurmctl02"
[2026-07-22T02:31:35.163] error: _xgetaddrinfo: getaddrinfo(slurmctl01:6817) failed: System error: Device or resource busy
[2026-07-22T02:31:35.163] error: slurm_set_addr: Unable to resolve "slurmctl01"
[2026-07-22T02:31:35.169] error: _xgetaddrinfo: getaddrinfo(slurmctl02:6817) failed: System error: Device or resource busy
[2026-07-22T02:31:35.169] error: slurm_set_addr: Unable to resolve "slurmctl02"
[2026-07-22T02:32:00.177] error: _xgetaddrinfo: getaddrinfo(slurmctl01:6817) failed: System error: Device or resource busy
[2026-07-22T02:32:00.177] error: slurm_set_addr: Unable to resolve "slurmctl01"
[2026-07-22T02:32:00.183] error: _xgetaddrinfo: getaddrinfo(slurmctl02:6817) failed: System error: Device or resource busy
[2026-07-22T02:32:00.183] error: slurm_set_addr: Unable to resolve "slurmctl02"
[2026-07-22T02:32:25.191] error: _xgetaddrinfo: getaddrinfo(slurmctl01:6817) failed: System error: Device or resource busy
[2026-07-22T02:32:25.192] error: slurm_set_addr: Unable to resolve "slurmctl01"
[2026-07-22T02:32:25.198] error: _xgetaddrinfo: getaddrinfo(slurmctl02:6817) failed: System error: Device or resource busy
[2026-07-22T02:32:25.198] error: slurm_set_addr: Unable to resolve "slurmctl02"
[2026-07-22T02:32:50.206] error: _xgetaddrinfo: getaddrinfo(slurmctl01:6817) failed: System error: Device or resource busy
[2026-07-22T02:32:50.206] error: slurm_set_addr: Unable to resolve "slurmctl01"
[2026-07-22T02:32:50.211] error: _xgetaddrinfo: getaddrinfo(slurmctl02:6817) failed: System error: Device or resource busy
[2026-07-22T02:32:50.211] error: slurm_set_addr: Unable to resolve "slurmctl02"
[2026-07-22T02:33:15.219] error: _xgetaddrinfo: getaddrinfo(slurmctl01:6817) failed: System error: Device or resource busy
[2026-07-22T02:33:15.220] error: slurm_set_addr: Unable to resolve "slurmctl01"
[2026-07-22T02:33:15.225] error: _xgetaddrinfo: getaddrinfo(slurmctl02:6817) failed: System error: Device or resource busy
[2026-07-22T02:33:15.226] error: slurm_set_addr: Unable to resolve "slurmctl02"
[2026-07-22T02:33:40.234] error: _xgetaddrinfo: getaddrinfo(slurmctl01:6817) failed: System error: Device or resource busy
[2026-07-22T02:33:40.234] error: slurm_set_addr: Unable to resolve "slurmctl01"
[2026-07-22T02:33:40.239] error: _xgetaddrinfo: getaddrinfo(slurmctl02:6817) failed: System error: Device or resource busy
[2026-07-22T02:33:40.239] error: slurm_set_addr: Unable to resolve "slurmctl02"
[2026-07-22T02:34:05.247] error: _xgetaddrinfo: getaddrinfo(slurmctl01:6817) failed: System error: Device or resource busy
[2026-07-22T02:34:05.247] error: slurm_set_addr: Unable to resolve "slurmctl01"
[2026-07-22T02:34:05.253] error: _xgetaddrinfo: getaddrinfo(slurmctl02:6817) failed: System error: Device or resource busy
[2026-07-22T02:34:05.253] error: slurm_set_addr: Unable to resolve "slurmctl02"
[2026-07-22T02:34:30.261] error: _xgetaddrinfo: getaddrinfo(slurmctl01:6817) failed: System error: Device or resource busy
[2026-07-22T02:34:30.262] error: slurm_set_addr: Unable to resolve "slurmctl01"
[2026-07-22T02:34:30.267] error: _xgetaddrinfo: getaddrinfo(slurmctl02:6817) failed: System error: Device or resource busy
[2026-07-22T02:34:30.267] error: slurm_set_addr: Unable to resolve "slurmctl02"
[2026-07-22T02:34:55.274] error: _xgetaddrinfo: getaddrinfo(slurmctl01:6817) failed: System error: Device or resource busy
[2026-07-22T02:34:55.275] error: slurm_set_addr: Unable to resolve "slurmctl01"
[2026-07-22T02:34:55.280] error: _xgetaddrinfo: getaddrinfo(slurmctl02:6817) failed: System error: Device or resource busy
[2026-07-22T02:34:55.280] error: slurm_set_addr: Unable to resolve "slurmctl02"
[2026-07-22T02:35:20.288] error: _xgetaddrinfo: getaddrinfo(slurmctl01:6817) failed: System error: Device or resource busy
[2026-07-22T02:35:20.288] error: slurm_set_addr: Unable to resolve "slurmctl01"
[2026-07-22T02:35:20.294] error: _xgetaddrinfo: getaddrinfo(slurmctl02:6817) failed: System error: Device or resource busy
[2026-07-22T02:35:20.294] error: slurm_set_addr: Unable to resolve "slurmctl02"
[2026-07-22T02:35:45.302] error: _xgetaddrinfo: getaddrinfo(slurmctl01:6817) failed: System error: Device or resource busy
[2026-07-22T02:35:45.302] error: slurm_set_addr: Unable to resolve "slurmctl01"
[2026-07-22T02:35:45.308] error: _xgetaddrinfo: getaddrinfo(slurmctl02:6817) failed: System error: Device or resource busy
[2026-07-22T02:35:45.308] error: slurm_set_addr: Unable to resolve "slurmctl02"
[2026-07-22T02:36:10.315] error: _xgetaddrinfo: getaddrinfo(slurmctl01:6817) failed: System error: Device or resource busy
[2026-07-22T02:36:10.315] error: slurm_set_addr: Unable to resolve "slurmctl01"
[2026-07-22T02:36:10.321] error: _xgetaddrinfo: getaddrinfo(slurmctl02:6817) failed: System error: Device or resource busy
[2026-07-22T02:36:10.321] error: slurm_set_addr: Unable to resolve "slurmctl02"
[2026-07-22T02:36:35.329] error: _xgetaddrinfo: getaddrinfo(slurmctl01:6817) failed: System error: Device or resource busy
[2026-07-22T02:36:35.329] error: slurm_set_addr: Unable to resolve "slurmctl01"
[2026-07-22T02:36:35.334] error: _xgetaddrinfo: getaddrinfo(slurmctl02:6817) failed: System error: Device or resource busy
[2026-07-22T02:36:35.334] error: slurm_set_addr: Unable to resolve "slurmctl02"
[2026-07-22T02:37:00.342] error: _xgetaddrinfo: getaddrinfo(slurmctl01:6817) failed: System error: Device or resource busy
[2026-07-22T02:37:00.342] error: slurm_set_addr: Unable to resolve "slurmctl01"
[2026-07-22T02:37:00.347] error: _xgetaddrinfo: getaddrinfo(slurmctl02:6817) failed: System error: Device or resource busy
[2026-07-22T02:37:00.347] error: slurm_set_addr: Unable to resolve "slurmctl02"
[2026-07-22T02:37:25.355] error: _xgetaddrinfo: getaddrinfo(slurmctl01:6817) failed: System error: Device or resource busy
[2026-07-22T02:37:25.355] error: slurm_set_addr: Unable to resolve "slurmctl01"
[2026-07-22T02:37:25.360] error: _xgetaddrinfo: getaddrinfo(slurmctl02:6817) failed: System error: Device or resource busy
[2026-07-22T02:37:25.360] error: slurm_set_addr: Unable to resolve "slurmctl02"
[2026-07-22T02:37:50.368] error: _xgetaddrinfo: getaddrinfo(slurmctl01:6817) failed: System error: Device or resource busy
[2026-07-22T02:37:50.368] error: slurm_set_addr: Unable to resolve "slurmctl01"
[2026-07-22T02:37:50.374] error: _xgetaddrinfo: getaddrinfo(slurmctl02:6817) failed: System error: Device or resource busy
[2026-07-22T02:37:50.374] error: slurm_set_addr: Unable to resolve "slurmctl02"
[2026-07-22T02:38:15.383] error: _xgetaddrinfo: getaddrinfo(slurmctl01:6817) failed: System error: Device or resource busy
[2026-07-22T02:38:15.383] error: slurm_set_addr: Unable to resolve "slurmctl01"
[2026-07-22T02:38:15.389] error: _xgetaddrinfo: getaddrinfo(slurmctl02:6817) failed: System error: Device or resource busy
[2026-07-22T02:38:15.389] error: slurm_set_addr: Unable to resolve "slurmctl02"
[2026-07-22T02:38:40.396] error: _xgetaddrinfo: getaddrinfo(slurmctl01:6817) failed: System error: Device or resource busy
[2026-07-22T02:38:40.396] error: slurm_set_addr: Unable to resolve "slurmctl01"
[2026-07-22T02:38:40.402] error: _xgetaddrinfo: getaddrinfo(slurmctl02:6817) failed: System error: Device or resource busy
[2026-07-22T02:38:40.402] error: slurm_set_addr: Unable to resolve "slurmctl02"
[2026-07-22T02:39:05.410] error: _xgetaddrinfo: getaddrinfo(slurmctl01:6817) failed: System error: Device or resource busy
[2026-07-22T02:39:05.410] error: slurm_set_addr: Unable to resolve "slurmctl01"
[2026-07-22T02:39:05.415] error: _xgetaddrinfo: getaddrinfo(slurmctl02:6817) failed: System error: Device or resource busy
[2026-07-22T02:39:05.415] error: slurm_set_addr: Unable to resolve "slurmctl02"
[2026-07-22T02:39:30.424] error: _xgetaddrinfo: getaddrinfo(slurmctl01:6817) failed: System error: Device or resource busy
[2026-07-22T02:39:30.424] error: slurm_set_addr: Unable to resolve "slurmctl01"
[2026-07-22T02:39:30.430] error: _xgetaddrinfo: getaddrinfo(slurmctl02:6817) failed: System error: Device or resource busy
[2026-07-22T02:39:30.431] error: slurm_set_addr: Unable to resolve "slurmctl02"
[2026-07-22T02:39:55.438] error: _xgetaddrinfo: getaddrinfo(slurmctl01:6817) failed: System error: Device or resource busy
[2026-07-22T02:39:55.438] error: slurm_set_addr: Unable to resolve "slurmctl01"
[2026-07-22T02:39:55.444] error: _xgetaddrinfo: getaddrinfo(slurmctl02:6817) failed: System error: Device or resource busy
[2026-07-22T02:39:55.444] error: slurm_set_addr: Unable to resolve "slurmctl02"
[2026-07-22T02:40:20.452] error: _xgetaddrinfo: getaddrinfo(slurmctl01:6817) failed: System error: Device or resource busy
[2026-07-22T02:40:20.452] error: slurm_set_addr: Unable to resolve "slurmctl01"
[2026-07-22T02:40:20.458] error: _xgetaddrinfo: getaddrinfo(slurmctl02:6817) failed: System error: Device or resource busy
[2026-07-22T02:40:20.458] error: slurm_set_addr: Unable to resolve "slurmctl02"
[2026-07-22T02:40:45.466] error: _xgetaddrinfo: getaddrinfo(slurmctl01:6817) failed: System error: Device or resource busy
[2026-07-22T02:40:45.466] error: slurm_set_addr: Unable to resolve "slurmctl01"
[2026-07-22T02:40:45.472] error: _xgetaddrinfo: getaddrinfo(slurmctl02:6817) failed: System error: Device or resource busy
[2026-07-22T02:40:45.472] error: slurm_set_addr: Unable to resolve "slurmctl02"
[2026-07-22T02:41:10.480] error: _xgetaddrinfo: getaddrinfo(slurmctl01:6817) failed: System error: Device or resource busy
[2026-07-22T02:41:10.480] error: slurm_set_addr: Unable to resolve "slurmctl01"
[2026-07-22T02:41:10.486] error: _xgetaddrinfo: getaddrinfo(slurmctl02:6817) failed: System error: Device or resource busy
[2026-07-22T02:41:10.486] error: slurm_set_addr: Unable to resolve "slurmctl02"
[2026-07-22T02:41:35.493] error: _xgetaddrinfo: getaddrinfo(slurmctl01:6817) failed: System error: Device or resource busy
[2026-07-22T02:41:35.494] error: slurm_set_addr: Unable to resolve "slurmctl01"
[2026-07-22T02:41:35.499] error: _xgetaddrinfo: getaddrinfo(slurmctl02:6817) failed: System error: Device or resource busy
[2026-07-22T02:41:35.499] error: slurm_set_addr: Unable to resolve "slurmctl02"
[2026-07-22T02:42:00.507] error: _xgetaddrinfo: getaddrinfo(slurmctl01:6817) failed: System error: Device or resource busy
[2026-07-22T02:42:00.507] error: slurm_set_addr: Unable to resolve "slurmctl01"
[2026-07-22T02:42:00.513] error: _xgetaddrinfo: getaddrinfo(slurmctl02:6817) failed: System error: Device or resource busy
[2026-07-22T02:42:00.513] error: slurm_set_addr: Unable to resolve "slurmctl02"
[2026-07-22T02:42:25.522] error: _xgetaddrinfo: getaddrinfo(slurmctl01:6817) failed: System error: Device or resource busy
[2026-07-22T02:42:25.522] error: slurm_set_addr: Unable to resolve "slurmctl01"
[2026-07-22T02:42:25.527] error: _xgetaddrinfo: getaddrinfo(slurmctl02:6817) failed: System error: Device or resource busy
[2026-07-22T02:42:25.527] error: slurm_set_addr: Unable to resolve "slurmctl02"
[2026-07-22T02:42:50.535] error: _xgetaddrinfo: getaddrinfo(slurmctl01:6817) failed: System error: Device or resource busy
[2026-07-22T02:42:50.536] error: slurm_set_addr: Unable to resolve "slurmctl01"
[2026-07-22T02:42:50.542] error: _xgetaddrinfo: getaddrinfo(slurmctl02:6817) failed: System error: Device or resource busy
[2026-07-22T02:42:50.542] error: slurm_set_addr: Unable to resolve "slurmctl02"
[2026-07-22T02:43:15.550] error: _xgetaddrinfo: getaddrinfo(slurmctl01:6817) failed: System error: Device or resource busy
[2026-07-22T02:43:15.550] error: slurm_set_addr: Unable to resolve "slurmctl01"
[2026-07-22T02:43:15.555] error: _xgetaddrinfo: getaddrinfo(slurmctl02:6817) failed: System error: Device or resource busy
[2026-07-22T02:43:15.556] error: slurm_set_addr: Unable to resolve "slurmctl02"
[2026-07-22T02:43:40.563] error: _xgetaddrinfo: getaddrinfo(slurmctl01:6817) failed: System error: Device or resource busy
[2026-07-22T02:43:40.564] error: slurm_set_addr: Unable to resolve "slurmctl01"
[2026-07-22T02:43:40.569] error: _xgetaddrinfo: getaddrinfo(slurmctl02:6817) failed: System error: Device or resource busy
[2026-07-22T02:43:40.569] error: slurm_set_addr: Unable to resolve "slurmctl02"
[2026-07-22T02:44:05.577] error: _xgetaddrinfo: getaddrinfo(slurmctl01:6817) failed: System error: Device or resource busy
[2026-07-22T02:44:05.577] error: slurm_set_addr: Unable to resolve "slurmctl01"
[2026-07-22T02:44:05.583] error: _xgetaddrinfo: getaddrinfo(slurmctl02:6817) failed: System error: Device or resource busy
[2026-07-22T02:44:05.583] error: slurm_set_addr: Unable to resolve "slurmctl02"
[2026-07-22T02:44:30.591] error: _xgetaddrinfo: getaddrinfo(slurmctl01:6817) failed: System error: Device or resource busy
[2026-07-22T02:44:30.591] error: slurm_set_addr: Unable to resolve "slurmctl01"
[2026-07-22T02:44:30.597] error: _xgetaddrinfo: getaddrinfo(slurmctl02:6817) failed: System error: Device or resource busy
[2026-07-22T02:44:30.597] error: slurm_set_addr: Unable to resolve "slurmctl02"
[2026-07-22T02:44:55.605] error: _xgetaddrinfo: getaddrinfo(slurmctl01:6817) failed: System error: Device or resource busy
[2026-07-22T02:44:55.605] error: slurm_set_addr: Unable to resolve "slurmctl01"
[2026-07-22T02:44:55.611] error: _xgetaddrinfo: getaddrinfo(slurmctl02:6817) failed: System error: Device or resource busy
[2026-07-22T02:44:55.611] error: slurm_set_addr: Unable to resolve "slurmctl02"
[2026-07-22T02:45:20.618] error: _xgetaddrinfo: getaddrinfo(slurmctl01:6817) failed: System error: Device or resource busy
[2026-07-22T02:45:20.618] error: slurm_set_addr: Unable to resolve "slurmctl01"
[2026-07-22T02:45:20.624] error: _xgetaddrinfo: getaddrinfo(slurmctl02:6817) failed: System error: Device or resource busy
[2026-07-22T02:45:20.624] error: slurm_set_addr: Unable to resolve "slurmctl02"
[2026-07-22T02:45:45.632] error: _xgetaddrinfo: getaddrinfo(slurmctl01:6817) failed: System error: Device or resource busy
[2026-07-22T02:45:45.633] error: slurm_set_addr: Unable to resolve "slurmctl01"
[2026-07-22T02:45:45.639] error: _xgetaddrinfo: getaddrinfo(slurmctl02:6817) failed: System error: Device or resource busy
[2026-07-22T02:45:45.639] error: slurm_set_addr: Unable to resolve "slurmctl02"
[2026-07-22T02:46:10.648] error: _xgetaddrinfo: getaddrinfo(slurmctl01:6817) failed: System error: Device or resource busy
[2026-07-22T02:46:10.648] error: slurm_set_addr: Unable to resolve "slurmctl01"
[2026-07-22T02:46:10.654] error: _xgetaddrinfo: getaddrinfo(slurmctl02:6817) failed: System error: Device or resource busy
[2026-07-22T02:46:10.654] error: slurm_set_addr: Unable to resolve "slurmctl02"
[2026-07-22T02:46:35.662] error: _xgetaddrinfo: getaddrinfo(slurmctl01:6817) failed: System error: Device or resource busy
[2026-07-22T02:46:35.662] error: slurm_set_addr: Unable to resolve "slurmctl01"
[2026-07-22T02:46:35.668] error: _xgetaddrinfo: getaddrinfo(slurmctl02:6817) failed: System error: Device or resource busy
[2026-07-22T02:46:35.668] error: slurm_set_addr: Unable to resolve "slurmctl02"
[2026-07-22T02:47:00.675] error: _xgetaddrinfo: getaddrinfo(slurmctl01:6817) failed: System error: Device or resource busy
[2026-07-22T02:47:00.676] error: slurm_set_addr: Unable to resolve "slurmctl01"
[2026-07-22T02:47:00.681] error: _xgetaddrinfo: getaddrinfo(slurmctl02:6817) failed: System error: Device or resource busy
[2026-07-22T02:47:00.681] error: slurm_set_addr: Unable to resolve "slurmctl02"
[2026-07-22T02:47:25.689] error: _xgetaddrinfo: getaddrinfo(slurmctl01:6817) failed: System error: Device or resource busy
[2026-07-22T02:47:25.689] error: slurm_set_addr: Unable to resolve "slurmctl01"
[2026-07-22T02:47:25.695] error: _xgetaddrinfo: getaddrinfo(slurmctl02:6817) failed: System error: Device or resource busy
[2026-07-22T02:47:25.695] error: slurm_set_addr: Unable to resolve "slurmctl02"
[2026-07-22T02:47:50.704] error: _xgetaddrinfo: getaddrinfo(slurmctl01:6817) failed: System error: Device or resource busy
[2026-07-22T02:47:50.704] error: slurm_set_addr: Unable to resolve "slurmctl01"
[2026-07-22T02:47:50.710] error: _xgetaddrinfo: getaddrinfo(slurmctl02:6817) failed: System error: Device or resource busy
[2026-07-22T02:47:50.710] error: slurm_set_addr: Unable to resolve "slurmctl02"
[2026-07-22T02:48:15.718] error: _xgetaddrinfo: getaddrinfo(slurmctl01:6817) failed: System error: Device or resource busy
[2026-07-22T02:48:15.718] error: slurm_set_addr: Unable to resolve "slurmctl01"
[2026-07-22T02:48:15.724] error: _xgetaddrinfo: getaddrinfo(slurmctl02:6817) failed: System error: Device or resource busy
[2026-07-22T02:48:15.724] error: slurm_set_addr: Unable to resolve "slurmctl02"
[2026-07-22T02:48:40.732] error: _xgetaddrinfo: getaddrinfo(slurmctl01:6817) failed: System error: Device or resource busy
[2026-07-22T02:48:40.732] error: slurm_set_addr: Unable to resolve "slurmctl01"
[2026-07-22T02:48:40.738] error: _xgetaddrinfo: getaddrinfo(slurmctl02:6817) failed: System error: Device or resource busy
[2026-07-22T02:48:40.738] error: slurm_set_addr: Unable to resolve "slurmctl02"
[2026-07-22T02:49:05.745] error: _xgetaddrinfo: getaddrinfo(slurmctl01:6817) failed: System error: Device or resource busy
[2026-07-22T02:49:05.746] error: slurm_set_addr: Unable to resolve "slurmctl01"
[2026-07-22T02:49:05.751] error: _xgetaddrinfo: getaddrinfo(slurmctl02:6817) failed: System error: Device or resource busy
[2026-07-22T02:49:05.751] error: slurm_set_addr: Unable to resolve "slurmctl02"
[2026-07-22T02:49:30.759] error: _xgetaddrinfo: getaddrinfo(slurmctl01:6817) failed: System error: Device or resource busy
[2026-07-22T02:49:30.759] error: slurm_set_addr: Unable to resolve "slurmctl01"
[2026-07-22T02:49:30.765] error: _xgetaddrinfo: getaddrinfo(slurmctl02:6817) failed: System error: Device or resource busy
[2026-07-22T02:49:30.765] error: slurm_set_addr: Unable to resolve "slurmctl02"
[2026-07-22T02:49:55.772] error: _xgetaddrinfo: getaddrinfo(slurmctl01:6817) failed: System error: Device or resource busy
[2026-07-22T02:49:55.773] error: slurm_set_addr: Unable to resolve "slurmctl01"
[2026-07-22T02:49:55.778] error: _xgetaddrinfo: getaddrinfo(slurmctl02:6817) failed: System error: Device or resource busy
[2026-07-22T02:49:55.778] error: slurm_set_addr: Unable to resolve "slurmctl02"
[2026-07-22T02:50:20.786] error: _xgetaddrinfo: getaddrinfo(slurmctl01:6817) failed: System error: Device or resource busy
[2026-07-22T02:50:20.786] error: slurm_set_addr: Unable to resolve "slurmctl01"
[2026-07-22T02:50:20.792] error: _xgetaddrinfo: getaddrinfo(slurmctl02:6817) failed: System error: Device or resource busy
[2026-07-22T02:50:20.792] error: slurm_set_addr: Unable to resolve "slurmctl02"
[2026-07-22T02:50:45.799] error: _xgetaddrinfo: getaddrinfo(slurmctl01:6817) failed: System error: Device or resource busy
[2026-07-22T02:50:45.800] error: slurm_set_addr: Unable to resolve "slurmctl01"
[2026-07-22T02:50:45.805] error: _xgetaddrinfo: getaddrinfo(slurmctl02:6817) failed: System error: Device or resource busy
[2026-07-22T02:50:45.805] error: slurm_set_addr: Unable to resolve "slurmctl02"
[2026-07-22T02:51:10.812] error: _xgetaddrinfo: getaddrinfo(slurmctl01:6817) failed: System error: Device or resource busy
[2026-07-22T02:51:10.812] error: slurm_set_addr: Unable to resolve "slurmctl01"
[2026-07-22T02:51:10.819] error: _xgetaddrinfo: getaddrinfo(slurmctl02:6817) failed: System error: Device or resource busy
[2026-07-22T02:51:10.819] error: slurm_set_addr: Unable to resolve "slurmctl02"
[2026-07-22T02:51:35.826] error: _xgetaddrinfo: getaddrinfo(slurmctl01:6817) failed: System error: Device or resource busy
[2026-07-22T02:51:35.826] error: slurm_set_addr: Unable to resolve "slurmctl01"
[2026-07-22T02:51:35.832] error: _xgetaddrinfo: getaddrinfo(slurmctl02:6817) failed: System error: Device or resource busy
[2026-07-22T02:51:35.832] error: slurm_set_addr: Unable to resolve "slurmctl02"
[2026-07-22T02:52:00.839] error: _xgetaddrinfo: getaddrinfo(slurmctl01:6817) failed: System error: Device or resource busy
[2026-07-22T02:52:00.839] error: slurm_set_addr: Unable to resolve "slurmctl01"
[2026-07-22T02:52:00.845] error: _xgetaddrinfo: getaddrinfo(slurmctl02:6817) failed: System error: Device or resource busy
[2026-07-22T02:52:00.845] error: slurm_set_addr: Unable to resolve "slurmctl02"
[2026-07-22T02:52:25.852] error: _xgetaddrinfo: getaddrinfo(slurmctl01:6817) failed: System error: Device or resource busy
[2026-07-22T02:52:25.853] error: slurm_set_addr: Unable to resolve "slurmctl01"
[2026-07-22T02:52:25.858] error: _xgetaddrinfo: getaddrinfo(slurmctl02:6817) failed: System error: Device or resource busy
[2026-07-22T02:52:25.858] error: slurm_set_addr: Unable to resolve "slurmctl02"
[2026-07-22T02:52:50.866] error: _xgetaddrinfo: getaddrinfo(slurmctl01:6817) failed: System error: Device or resource busy
[2026-07-22T02:52:50.866] error: slurm_set_addr: Unable to resolve "slurmctl01"
[2026-07-22T02:52:50.872] error: _xgetaddrinfo: getaddrinfo(slurmctl02:6817) failed: System error: Device or resource busy
[2026-07-22T02:52:50.872] error: slurm_set_addr: Unable to resolve "slurmctl02"
[2026-07-22T02:53:15.880] error: _xgetaddrinfo: getaddrinfo(slurmctl01:6817) failed: System error: Device or resource busy
[2026-07-22T02:53:15.880] error: slurm_set_addr: Unable to resolve "slurmctl01"
[2026-07-22T02:53:15.886] error: _xgetaddrinfo: getaddrinfo(slurmctl02:6817) failed: System error: Device or resource busy
[2026-07-22T02:53:15.886] error: slurm_set_addr: Unable to resolve "slurmctl02"
[2026-07-22T02:53:40.894] error: _xgetaddrinfo: getaddrinfo(slurmctl01:6817) failed: System error: Device or resource busy
[2026-07-22T02:53:40.894] error: slurm_set_addr: Unable to resolve "slurmctl01"
[2026-07-22T02:53:40.899] error: _xgetaddrinfo: getaddrinfo(slurmctl02:6817) failed: System error: Device or resource busy
[2026-07-22T02:53:40.900] error: slurm_set_addr: Unable to resolve "slurmctl02"
[2026-07-22T02:54:05.907] error: _xgetaddrinfo: getaddrinfo(slurmctl01:6817) failed: System error: Device or resource busy
[2026-07-22T02:54:05.907] error: slurm_set_addr: Unable to resolve "slurmctl01"
[2026-07-22T02:54:05.913] error: _xgetaddrinfo: getaddrinfo(slurmctl02:6817) failed: System error: Device or resource busy
[2026-07-22T02:54:05.913] error: slurm_set_addr: Unable to resolve "slurmctl02"
[2026-07-22T02:54:30.921] error: _xgetaddrinfo: getaddrinfo(slurmctl01:6817) failed: System error: Device or resource busy
[2026-07-22T02:54:30.921] error: slurm_set_addr: Unable to resolve "slurmctl01"
[2026-07-22T02:54:30.926] error: _xgetaddrinfo: getaddrinfo(slurmctl02:6817) failed: System error: Device or resource busy
[2026-07-22T02:54:30.926] error: slurm_set_addr: Unable to resolve "slurmctl02"
[2026-07-22T02:54:55.934] error: _xgetaddrinfo: getaddrinfo(slurmctl01:6817) failed: System error: Device or resource busy
[2026-07-22T02:54:55.934] error: slurm_set_addr: Unable to resolve "slurmctl01"
[2026-07-22T02:54:55.940] error: _xgetaddrinfo: getaddrinfo(slurmctl02:6817) failed: System error: Device or resource busy
[2026-07-22T02:54:55.940] error: slurm_set_addr: Unable to resolve "slurmctl02"
[2026-07-22T02:55:20.948] error: _xgetaddrinfo: getaddrinfo(slurmctl01:6817) failed: System error: Device or resource busy
[2026-07-22T02:55:20.949] error: slurm_set_addr: Unable to resolve "slurmctl01"
[2026-07-22T02:55:20.955] error: _xgetaddrinfo: getaddrinfo(slurmctl02:6817) failed: System error: Device or resource busy
[2026-07-22T02:55:20.955] error: slurm_set_addr: Unable to resolve "slurmctl02"
[2026-07-22T02:55:45.962] error: _xgetaddrinfo: getaddrinfo(slurmctl01:6817) failed: System error: Device or resource busy
[2026-07-22T02:55:45.962] error: slurm_set_addr: Unable to resolve "slurmctl01"
[2026-07-22T02:55:45.968] error: _xgetaddrinfo: getaddrinfo(slurmctl02:6817) failed: System error: Device or resource busy
[2026-07-22T02:55:45.968] error: slurm_set_addr: Unable to resolve "slurmctl02"
[2026-07-22T02:56:10.976] error: _xgetaddrinfo: getaddrinfo(slurmctl01:6817) failed: System error: Device or resource busy
[2026-07-22T02:56:10.976] error: slurm_set_addr: Unable to resolve "slurmctl01"
[2026-07-22T02:56:10.982] error: _xgetaddrinfo: getaddrinfo(slurmctl02:6817) failed: System error: Device or resource busy
[2026-07-22T02:56:10.982] error: slurm_set_addr: Unable to resolve "slurmctl02"
[2026-07-22T02:56:35.990] error: _xgetaddrinfo: getaddrinfo(slurmctl01:6817) failed: System error: Device or resource busy
[2026-07-22T02:56:35.990] error: slurm_set_addr: Unable to resolve "slurmctl01"
[2026-07-22T02:56:35.995] error: _xgetaddrinfo: getaddrinfo(slurmctl02:6817) failed: System error: Device or resource busy
[2026-07-22T02:56:35.995] error: slurm_set_addr: Unable to resolve "slurmctl02"
[2026-07-22T02:57:01.003] error: _xgetaddrinfo: getaddrinfo(slurmctl01:6817) failed: System error: Device or resource busy
[2026-07-22T02:57:01.003] error: slurm_set_addr: Unable to resolve "slurmctl01"
[2026-07-22T02:57:01.009] error: _xgetaddrinfo: getaddrinfo(slurmctl02:6817) failed: System error: Device or resource busy
[2026-07-22T02:57:01.009] error: slurm_set_addr: Unable to resolve "slurmctl02"
[2026-07-22T02:57:26.017] error: _xgetaddrinfo: getaddrinfo(slurmctl01:6817) failed: System error: Device or resource busy
[2026-07-22T02:57:26.017] error: slurm_set_addr: Unable to resolve "slurmctl01"
[2026-07-22T02:57:26.023] error: _xgetaddrinfo: getaddrinfo(slurmctl02:6817) failed: System error: Device or resource busy
[2026-07-22T02:57:26.023] error: slurm_set_addr: Unable to resolve "slurmctl02"
[2026-07-22T02:57:51.031] error: _xgetaddrinfo: getaddrinfo(slurmctl01:6817) failed: System error: Device or resource busy
[2026-07-22T02:57:51.031] error: slurm_set_addr: Unable to resolve "slurmctl01"
[2026-07-22T02:57:51.036] error: _xgetaddrinfo: getaddrinfo(slurmctl02:6817) failed: System error: Device or resource busy
[2026-07-22T02:57:51.036] error: slurm_set_addr: Unable to resolve "slurmctl02"
[2026-07-22T02:58:16.044] error: _xgetaddrinfo: getaddrinfo(slurmctl01:6817) failed: System error: Device or resource busy
[2026-07-22T02:58:16.044] error: slurm_set_addr: Unable to resolve "slurmctl01"
[2026-07-22T02:58:16.050] error: _xgetaddrinfo: getaddrinfo(slurmctl02:6817) failed: System error: Device or resource busy
[2026-07-22T02:58:16.050] error: slurm_set_addr: Unable to resolve "slurmctl02"
[2026-07-22T02:58:41.057] error: _xgetaddrinfo: getaddrinfo(slurmctl01:6817) failed: System error: Device or resource busy
[2026-07-22T02:58:41.058] error: slurm_set_addr: Unable to resolve "slurmctl01"
[2026-07-22T02:58:41.063] error: _xgetaddrinfo: getaddrinfo(slurmctl02:6817) failed: System error: Device or resource busy
[2026-07-22T02:58:41.063] error: slurm_set_addr: Unable to resolve "slurmctl02"
[2026-07-22T02:59:06.070] error: _xgetaddrinfo: getaddrinfo(slurmctl01:6817) failed: System error: Device or resource busy
[2026-07-22T02:59:06.070] error: slurm_set_addr: Unable to resolve "slurmctl01"
[2026-07-22T02:59:06.076] error: _xgetaddrinfo: getaddrinfo(slurmctl02:6817) failed: System error: Device or resource busy
[2026-07-22T02:59:06.076] error: slurm_set_addr: Unable to resolve "slurmctl02"
[2026-07-22T02:59:31.084] error: _xgetaddrinfo: getaddrinfo(slurmctl01:6817) failed: System error: Device or resource busy
[2026-07-22T02:59:31.084] error: slurm_set_addr: Unable to resolve "slurmctl01"
[2026-07-22T02:59:31.089] error: _xgetaddrinfo: getaddrinfo(slurmctl02:6817) failed: System error: Device or resource busy
[2026-07-22T02:59:31.089] error: slurm_set_addr: Unable to resolve "slurmctl02"
[2026-07-22T02:59:56.097] error: _xgetaddrinfo: getaddrinfo(slurmctl01:6817) failed: System error: Device or resource busy
[2026-07-22T02:59:56.097] error: slurm_set_addr: Unable to resolve "slurmctl01"
[2026-07-22T02:59:56.103] error: _xgetaddrinfo: getaddrinfo(slurmctl02:6817) failed: System error: Device or resource busy
[2026-07-22T02:59:56.103] error: slurm_set_addr: Unable to resolve "slurmctl02"
[2026-07-22T03:00:21.111] error: _xgetaddrinfo: getaddrinfo(slurmctl01:6817) failed: System error: Device or resource busy
[2026-07-22T03:00:21.111] error: slurm_set_addr: Unable to resolve "slurmctl01"
[2026-07-22T03:00:21.117] error: _xgetaddrinfo: getaddrinfo(slurmctl02:6817) failed: System error: Device or resource busy
[2026-07-22T03:00:21.118] error: slurm_set_addr: Unable to resolve "slurmctl02"
[2026-07-22T03:00:46.125] error: _xgetaddrinfo: getaddrinfo(slurmctl01:6817) failed: System error: Device or resource busy
[2026-07-22T03:00:46.125] error: slurm_set_addr: Unable to resolve "slurmctl01"
[2026-07-22T03:00:46.131] error: _xgetaddrinfo: getaddrinfo(slurmctl02:6817) failed: System error: Device or resource busy
[2026-07-22T03:00:46.131] error: slurm_set_addr: Unable to resolve "slurmctl02"
[2026-07-22T03:01:11.138] error: _xgetaddrinfo: getaddrinfo(slurmctl01:6817) failed: System error: Device or resource busy
[2026-07-22T03:01:11.138] error: slurm_set_addr: Unable to resolve "slurmctl01"
[2026-07-22T03:01:11.144] error: _xgetaddrinfo: getaddrinfo(slurmctl02:6817) failed: System error: Device or resource busy
[2026-07-22T03:01:11.144] error: slurm_set_addr: Unable to resolve "slurmctl02"
[2026-07-22T03:01:36.152] error: _xgetaddrinfo: getaddrinfo(slurmctl01:6817) failed: System error: Device or resource busy
[2026-07-22T03:01:36.152] error: slurm_set_addr: Unable to resolve "slurmctl01"
[2026-07-22T03:01:36.157] error: _xgetaddrinfo: getaddrinfo(slurmctl02:6817) failed: System error: Device or resource busy
[2026-07-22T03:01:36.157] error: slurm_set_addr: Unable to resolve "slurmctl02"
[2026-07-22T03:02:01.165] error: _xgetaddrinfo: getaddrinfo(slurmctl01:6817) failed: System error: Device or resource busy
[2026-07-22T03:02:01.165] error: slurm_set_addr: Unable to resolve "slurmctl01"
[2026-07-22T03:02:01.170] error: _xgetaddrinfo: getaddrinfo(slurmctl02:6817) failed: System error: Device or resource busy
[2026-07-22T03:02:01.170] error: slurm_set_addr: Unable to resolve "slurmctl02"
[2026-07-22T03:02:26.178] error: _xgetaddrinfo: getaddrinfo(slurmctl01:6817) failed: System error: Device or resource busy
[2026-07-22T03:02:26.178] error: slurm_set_addr: Unable to resolve "slurmctl01"
[2026-07-22T03:02:26.184] error: _xgetaddrinfo: getaddrinfo(slurmctl02:6817) failed: System error: Device or resource busy
[2026-07-22T03:02:26.184] error: slurm_set_addr: Unable to resolve "slurmctl02"
[2026-07-22T03:02:51.192] error: _xgetaddrinfo: getaddrinfo(slurmctl01:6817) failed: System error: Device or resource busy
[2026-07-22T03:02:51.192] error: slurm_set_addr: Unable to resolve "slurmctl01"
[2026-07-22T03:02:51.198] error: _xgetaddrinfo: getaddrinfo(slurmctl02:6817) failed: System error: Device or resource busy
[2026-07-22T03:02:51.198] error: slurm_set_addr: Unable to resolve "slurmctl02"
[2026-07-22T03:03:16.205] error: _xgetaddrinfo: getaddrinfo(slurmctl01:6817) failed: System error: Device or resource busy
[2026-07-22T03:03:16.205] error: slurm_set_addr: Unable to resolve "slurmctl01"
[2026-07-22T03:03:16.211] error: _xgetaddrinfo: getaddrinfo(slurmctl02:6817) failed: System error: Device or resource busy
[2026-07-22T03:03:16.211] error: slurm_set_addr: Unable to resolve "slurmctl02"
[2026-07-22T03:03:41.218] error: _xgetaddrinfo: getaddrinfo(slurmctl01:6817) failed: System error: Device or resource busy
[2026-07-22T03:03:41.218] error: slurm_set_addr: Unable to resolve "slurmctl01"
[2026-07-22T03:03:41.224] error: _xgetaddrinfo: getaddrinfo(slurmctl02:6817) failed: System error: Device or resource busy
[2026-07-22T03:03:41.224] error: slurm_set_addr: Unable to resolve "slurmctl02"
[2026-07-22T03:04:06.232] error: _xgetaddrinfo: getaddrinfo(slurmctl01:6817) failed: System error: Device or resource busy
[2026-07-22T03:04:06.232] error: slurm_set_addr: Unable to resolve "slurmctl01"
[2026-07-22T03:04:06.238] error: _xgetaddrinfo: getaddrinfo(slurmctl02:6817) failed: System error: Device or resource busy
[2026-07-22T03:04:06.238] error: slurm_set_addr: Unable to resolve "slurmctl02"
[2026-07-22T03:04:31.246] error: _xgetaddrinfo: getaddrinfo(slurmctl01:6817) failed: System error: Device or resource busy
[2026-07-22T03:04:31.246] error: slurm_set_addr: Unable to resolve "slurmctl01"
[2026-07-22T03:04:31.252] error: _xgetaddrinfo: getaddrinfo(slurmctl02:6817) failed: System error: Device or resource busy
[2026-07-22T03:04:31.252] error: slurm_set_addr: Unable to resolve "slurmctl02"
[2026-07-22T03:04:56.259] error: _xgetaddrinfo: getaddrinfo(slurmctl01:6817) failed: System error: Device or resource busy
[2026-07-22T03:04:56.259] error: slurm_set_addr: Unable to resolve "slurmctl01"
[2026-07-22T03:04:56.265] error: _xgetaddrinfo: getaddrinfo(slurmctl02:6817) failed: System error: Device or resource busy
[2026-07-22T03:04:56.265] error: slurm_set_addr: Unable to resolve "slurmctl02"
[2026-07-22T03:05:21.272] error: _xgetaddrinfo: getaddrinfo(slurmctl01:6817) failed: System error: Device or resource busy
[2026-07-22T03:05:21.272] error: slurm_set_addr: Unable to resolve "slurmctl01"
[2026-07-22T03:05:21.278] error: _xgetaddrinfo: getaddrinfo(slurmctl02:6817) failed: System error: Device or resource busy
[2026-07-22T03:05:21.278] error: slurm_set_addr: Unable to resolve "slurmctl02"
[2026-07-22T03:05:46.285] error: _xgetaddrinfo: getaddrinfo(slurmctl01:6817) failed: System error: Device or resource busy
[2026-07-22T03:05:46.286] error: slurm_set_addr: Unable to resolve "slurmctl01"
[2026-07-22T03:05:46.291] error: _xgetaddrinfo: getaddrinfo(slurmctl02:6817) failed: System error: Device or resource busy
[2026-07-22T03:05:46.291] error: slurm_set_addr: Unable to resolve "slurmctl02"
[2026-07-22T03:06:11.298] error: _xgetaddrinfo: getaddrinfo(slurmctl01:6817) failed: System error: Device or resource busy
[2026-07-22T03:06:11.299] error: slurm_set_addr: Unable to resolve "slurmctl01"
[2026-07-22T03:06:11.304] error: _xgetaddrinfo: getaddrinfo(slurmctl02:6817) failed: System error: Device or resource busy
[2026-07-22T03:06:11.304] error: slurm_set_addr: Unable to resolve "slurmctl02"
[2026-07-22T03:06:36.311] error: _xgetaddrinfo: getaddrinfo(slurmctl01:6817) failed: System error: Device or resource busy
[2026-07-22T03:06:36.311] error: slurm_set_addr: Unable to resolve "slurmctl01"
[2026-07-22T03:06:36.318] error: _xgetaddrinfo: getaddrinfo(slurmctl02:6817) failed: System error: Device or resource busy
[2026-07-22T03:06:36.318] error: slurm_set_addr: Unable to resolve "slurmctl02"
[2026-07-22T03:07:01.324] error: _xgetaddrinfo: getaddrinfo(slurmctl01:6817) failed: System error: Device or resource busy
[2026-07-22T03:07:01.325] error: slurm_set_addr: Unable to resolve "slurmctl01"
[2026-07-22T03:07:01.330] error: _xgetaddrinfo: getaddrinfo(slurmctl02:6817) failed: System error: Device or resource busy
[2026-07-22T03:07:01.330] error: slurm_set_addr: Unable to resolve "slurmctl02"
[2026-07-22T03:07:26.337] error: _xgetaddrinfo: getaddrinfo(slurmctl01:6817) failed: System error: Device or resource busy
[2026-07-22T03:07:26.338] error: slurm_set_addr: Unable to resolve "slurmctl01"
[2026-07-22T03:07:26.343] error: _xgetaddrinfo: getaddrinfo(slurmctl02:6817) failed: System error: Device or resource busy
[2026-07-22T03:07:26.343] error: slurm_set_addr: Unable to resolve "slurmctl02"
[2026-07-22T03:07:51.350] error: _xgetaddrinfo: getaddrinfo(slurmctl01:6817) failed: System error: Device or resource busy
[2026-07-22T03:07:51.351] error: slurm_set_addr: Unable to resolve "slurmctl01"
[2026-07-22T03:07:51.356] error: _xgetaddrinfo: getaddrinfo(slurmctl02:6817) failed: System error: Device or resource busy
[2026-07-22T03:07:51.356] error: slurm_set_addr: Unable to resolve "slurmctl02"
[2026-07-22T03:08:16.363] error: _xgetaddrinfo: getaddrinfo(slurmctl01:6817) failed: System error: Device or resource busy
[2026-07-22T03:08:16.364] error: slurm_set_addr: Unable to resolve "slurmctl01"
[2026-07-22T03:08:16.369] error: _xgetaddrinfo: getaddrinfo(slurmctl02:6817) failed: System error: Device or resource busy
[2026-07-22T03:08:16.369] error: slurm_set_addr: Unable to resolve "slurmctl02"
[2026-07-22T03:08:41.377] error: _xgetaddrinfo: getaddrinfo(slurmctl01:6817) failed: System error: Device or resource busy
[2026-07-22T03:08:41.377] error: slurm_set_addr: Unable to resolve "slurmctl01"
[2026-07-22T03:08:41.383] error: _xgetaddrinfo: getaddrinfo(slurmctl02:6817) failed: System error: Device or resource busy
[2026-07-22T03:08:41.383] error: slurm_set_addr: Unable to resolve "slurmctl02"
[2026-07-22T03:09:06.390] error: _xgetaddrinfo: getaddrinfo(slurmctl01:6817) failed: System error: Device or resource busy
[2026-07-22T03:09:06.390] error: slurm_set_addr: Unable to resolve "slurmctl01"
[2026-07-22T03:09:06.396] error: _xgetaddrinfo: getaddrinfo(slurmctl02:6817) failed: System error: Device or resource busy
[2026-07-22T03:09:06.396] error: slurm_set_addr: Unable to resolve "slurmctl02"
[2026-07-22T03:09:31.404] error: _xgetaddrinfo: getaddrinfo(slurmctl01:6817) failed: System error: Device or resource busy
[2026-07-22T03:09:31.404] error: slurm_set_addr: Unable to resolve "slurmctl01"
[2026-07-22T03:09:31.410] error: _xgetaddrinfo: getaddrinfo(slurmctl02:6817) failed: System error: Device or resource busy
[2026-07-22T03:09:31.410] error: slurm_set_addr: Unable to resolve "slurmctl02"
[2026-07-22T03:09:56.417] error: _xgetaddrinfo: getaddrinfo(slurmctl01:6817) failed: System error: Device or resource busy
[2026-07-22T03:09:56.417] error: slurm_set_addr: Unable to resolve "slurmctl01"
[2026-07-22T03:09:56.423] error: _xgetaddrinfo: getaddrinfo(slurmctl02:6817) failed: System error: Device or resource busy
[2026-07-22T03:09:56.423] error: slurm_set_addr: Unable to resolve "slurmctl02"
[2026-07-22T03:10:21.430] error: _xgetaddrinfo: getaddrinfo(slurmctl01:6817) failed: System error: Device or resource busy
[2026-07-22T03:10:21.430] error: slurm_set_addr: Unable to resolve "slurmctl01"
[2026-07-22T03:10:21.435] error: _xgetaddrinfo: getaddrinfo(slurmctl02:6817) failed: System error: Device or resource busy
[2026-07-22T03:10:21.436] error: slurm_set_addr: Unable to resolve "slurmctl02"
[2026-07-22T03:10:46.443] error: _xgetaddrinfo: getaddrinfo(slurmctl01:6817) failed: System error: Device or resource busy
[2026-07-22T03:10:46.443] error: slurm_set_addr: Unable to resolve "slurmctl01"
[2026-07-22T03:10:46.449] error: _xgetaddrinfo: getaddrinfo(slurmctl02:6817) failed: System error: Device or resource busy
[2026-07-22T03:10:46.449] error: slurm_set_addr: Unable to resolve "slurmctl02"
[2026-07-22T03:11:11.456] error: _xgetaddrinfo: getaddrinfo(slurmctl01:6817) failed: System error: Device or resource busy
[2026-07-22T03:11:11.459] error: slurm_set_addr: Unable to resolve "slurmctl01"
[2026-07-22T03:11:11.463] error: _xgetaddrinfo: getaddrinfo(slurmctl02:6817) failed: System error: Device or resource busy
[2026-07-22T03:11:11.463] error: slurm_set_addr: Unable to resolve "slurmctl02"
[2026-07-22T03:11:36.470] error: _xgetaddrinfo: getaddrinfo(slurmctl01:6817) failed: System error: Device or resource busy
[2026-07-22T03:11:36.470] error: slurm_set_addr: Unable to resolve "slurmctl01"
[2026-07-22T03:11:36.476] error: _xgetaddrinfo: getaddrinfo(slurmctl02:6817) failed: System error: Device or resource busy
[2026-07-22T03:11:36.476] error: slurm_set_addr: Unable to resolve "slurmctl02"
[2026-07-22T03:12:01.484] error: _xgetaddrinfo: getaddrinfo(slurmctl01:6817) failed: System error: Device or resource busy
[2026-07-22T03:12:01.484] error: slurm_set_addr: Unable to resolve "slurmctl01"
[2026-07-22T03:12:01.490] error: _xgetaddrinfo: getaddrinfo(slurmctl02:6817) failed: System error: Device or resource busy
[2026-07-22T03:12:01.490] error: slurm_set_addr: Unable to resolve "slurmctl02"
[2026-07-22T03:12:26.497] error: _xgetaddrinfo: getaddrinfo(slurmctl01:6817) failed: System error: Device or resource busy
[2026-07-22T03:12:26.497] error: slurm_set_addr: Unable to resolve "slurmctl01"
[2026-07-22T03:12:26.503] error: _xgetaddrinfo: getaddrinfo(slurmctl02:6817) failed: System error: Device or resource busy
[2026-07-22T03:12:26.503] error: slurm_set_addr: Unable to resolve "slurmctl02"
[2026-07-22T03:12:51.511] error: _xgetaddrinfo: getaddrinfo(slurmctl01:6817) failed: System error: Device or resource busy
[2026-07-22T03:12:51.511] error: slurm_set_addr: Unable to resolve "slurmctl01"
[2026-07-22T03:12:51.516] error: _xgetaddrinfo: getaddrinfo(slurmctl02:6817) failed: System error: Device or resource busy
[2026-07-22T03:12:51.516] error: slurm_set_addr: Unable to resolve "slurmctl02"
[2026-07-22T03:13:16.524] error: _xgetaddrinfo: getaddrinfo(slurmctl01:6817) failed: System error: Device or resource busy
[2026-07-22T03:13:16.525] error: slurm_set_addr: Unable to resolve "slurmctl01"
[2026-07-22T03:13:16.530] error: _xgetaddrinfo: getaddrinfo(slurmctl02:6817) failed: System error: Device or resource busy
[2026-07-22T03:13:16.530] error: slurm_set_addr: Unable to resolve "slurmctl02"
[2026-07-22T03:13:41.539] error: _xgetaddrinfo: getaddrinfo(slurmctl01:6817) failed: System error: Device or resource busy
[2026-07-22T03:13:41.539] error: slurm_set_addr: Unable to resolve "slurmctl01"
[2026-07-22T03:13:41.544] error: _xgetaddrinfo: getaddrinfo(slurmctl02:6817) failed: System error: Device or resource busy
[2026-07-22T03:13:41.544] error: slurm_set_addr: Unable to resolve "slurmctl02"
[2026-07-22T03:14:06.552] error: _xgetaddrinfo: getaddrinfo(slurmctl01:6817) failed: System error: Device or resource busy
[2026-07-22T03:14:06.552] error: slurm_set_addr: Unable to resolve "slurmctl01"
[2026-07-22T03:14:06.558] error: _xgetaddrinfo: getaddrinfo(slurmctl02:6817) failed: System error: Device or resource busy
[2026-07-22T03:14:06.559] error: slurm_set_addr: Unable to resolve "slurmctl02"
[2026-07-22T03:14:31.567] error: _xgetaddrinfo: getaddrinfo(slurmctl01:6817) failed: System error: Device or resource busy
[2026-07-22T03:14:31.567] error: slurm_set_addr: Unable to resolve "slurmctl01"
[2026-07-22T03:14:31.573] error: _xgetaddrinfo: getaddrinfo(slurmctl02:6817) failed: System error: Device or resource busy
[2026-07-22T03:14:31.573] error: slurm_set_addr: Unable to resolve "slurmctl02"
[2026-07-22T03:14:56.580] error: _xgetaddrinfo: getaddrinfo(slurmctl01:6817) failed: System error: Device or resource busy
[2026-07-22T03:14:56.581] error: slurm_set_addr: Unable to resolve "slurmctl01"
[2026-07-22T03:14:56.587] error: _xgetaddrinfo: getaddrinfo(slurmctl02:6817) failed: System error: Device or resource busy
[2026-07-22T03:14:56.587] error: slurm_set_addr: Unable to resolve "slurmctl02"
[2026-07-22T03:15:21.595] error: _xgetaddrinfo: getaddrinfo(slurmctl01:6817) failed: System error: Device or resource busy
[2026-07-22T03:15:21.595] error: slurm_set_addr: Unable to resolve "slurmctl01"
[2026-07-22T03:15:21.601] error: _xgetaddrinfo: getaddrinfo(slurmctl02:6817) failed: System error: Device or resource busy
[2026-07-22T03:15:21.601] error: slurm_set_addr: Unable to resolve "slurmctl02"
[2026-07-22T03:15:46.609] error: _xgetaddrinfo: getaddrinfo(slurmctl01:6817) failed: System error: Device or resource busy
[2026-07-22T03:15:46.609] error: slurm_set_addr: Unable to resolve "slurmctl01"
[2026-07-22T03:15:46.614] error: _xgetaddrinfo: getaddrinfo(slurmctl02:6817) failed: System error: Device or resource busy
[2026-07-22T03:15:46.614] error: slurm_set_addr: Unable to resolve "slurmctl02"
[2026-07-22T03:16:11.622] error: _xgetaddrinfo: getaddrinfo(slurmctl01:6817) failed: System error: Device or resource busy
[2026-07-22T03:16:11.622] error: slurm_set_addr: Unable to resolve "slurmctl01"
[2026-07-22T03:16:11.627] error: _xgetaddrinfo: getaddrinfo(slurmctl02:6817) failed: System error: Device or resource busy
[2026-07-22T03:16:11.627] error: slurm_set_addr: Unable to resolve "slurmctl02"
[2026-07-22T03:16:36.635] error: _xgetaddrinfo: getaddrinfo(slurmctl01:6817) failed: System error: Device or resource busy
[2026-07-22T03:16:36.635] error: slurm_set_addr: Unable to resolve "slurmctl01"
[2026-07-22T03:16:36.641] error: _xgetaddrinfo: getaddrinfo(slurmctl02:6817) failed: System error: Device or resource busy
[2026-07-22T03:16:36.641] error: slurm_set_addr: Unable to resolve "slurmctl02"
[2026-07-22T03:17:01.649] error: _xgetaddrinfo: getaddrinfo(slurmctl01:6817) failed: System error: Device or resource busy
[2026-07-22T03:17:01.649] error: slurm_set_addr: Unable to resolve "slurmctl01"
[2026-07-22T03:17:01.655] error: _xgetaddrinfo: getaddrinfo(slurmctl02:6817) failed: System error: Device or resource busy
[2026-07-22T03:17:01.655] error: slurm_set_addr: Unable to resolve "slurmctl02"
[2026-07-22T03:17:26.663] error: _xgetaddrinfo: getaddrinfo(slurmctl01:6817) failed: System error: Device or resource busy
[2026-07-22T03:17:26.663] error: slurm_set_addr: Unable to resolve "slurmctl01"
[2026-07-22T03:17:26.670] error: _xgetaddrinfo: getaddrinfo(slurmctl02:6817) failed: System error: Device or resource busy
[2026-07-22T03:17:26.670] error: slurm_set_addr: Unable to resolve "slurmctl02"
[2026-07-22T03:17:51.678] error: _xgetaddrinfo: getaddrinfo(slurmctl01:6817) failed: System error: Device or resource busy
[2026-07-22T03:17:51.678] error: slurm_set_addr: Unable to resolve "slurmctl01"
[2026-07-22T03:17:51.684] error: _xgetaddrinfo: getaddrinfo(slurmctl02:6817) failed: System error: Device or resource busy
[2026-07-22T03:17:51.684] error: slurm_set_addr: Unable to resolve "slurmctl02"
[2026-07-22T03:18:16.691] error: _xgetaddrinfo: getaddrinfo(slurmctl01:6817) failed: System error: Device or resource busy
[2026-07-22T03:18:16.692] error: slurm_set_addr: Unable to resolve "slurmctl01"
[2026-07-22T03:18:16.698] error: _xgetaddrinfo: getaddrinfo(slurmctl02:6817) failed: System error: Device or resource busy
[2026-07-22T03:18:16.698] error: slurm_set_addr: Unable to resolve "slurmctl02"
[2026-07-22T03:18:41.706] error: _xgetaddrinfo: getaddrinfo(slurmctl01:6817) failed: System error: Device or resource busy
[2026-07-22T03:18:41.707] error: slurm_set_addr: Unable to resolve "slurmctl01"
[2026-07-22T03:18:41.712] error: _xgetaddrinfo: getaddrinfo(slurmctl02:6817) failed: System error: Device or resource busy
[2026-07-22T03:18:41.712] error: slurm_set_addr: Unable to resolve "slurmctl02"
[2026-07-22T03:19:06.720] error: _xgetaddrinfo: getaddrinfo(slurmctl01:6817) failed: System error: Device or resource busy
[2026-07-22T03:19:06.720] error: slurm_set_addr: Unable to resolve "slurmctl01"
[2026-07-22T03:19:06.726] error: _xgetaddrinfo: getaddrinfo(slurmctl02:6817) failed: System error: Device or resource busy
[2026-07-22T03:19:06.726] error: slurm_set_addr: Unable to resolve "slurmctl02"
[2026-07-22T03:19:31.734] error: _xgetaddrinfo: getaddrinfo(slurmctl01:6817) failed: System error: Device or resource busy
[2026-07-22T03:19:31.735] error: slurm_set_addr: Unable to resolve "slurmctl01"
[2026-07-22T03:19:31.741] error: _xgetaddrinfo: getaddrinfo(slurmctl02:6817) failed: System error: Device or resource busy
[2026-07-22T03:19:31.741] error: slurm_set_addr: Unable to resolve "slurmctl02"
[2026-07-22T03:19:56.748] error: _xgetaddrinfo: getaddrinfo(slurmctl01:6817) failed: System error: Device or resource busy
[2026-07-22T03:19:56.748] error: slurm_set_addr: Unable to resolve "slurmctl01"
[2026-07-22T03:19:56.754] error: _xgetaddrinfo: getaddrinfo(slurmctl02:6817) failed: System error: Device or resource busy
[2026-07-22T03:19:56.754] error: slurm_set_addr: Unable to resolve "slurmctl02"
[2026-07-22T03:20:21.762] error: _xgetaddrinfo: getaddrinfo(slurmctl01:6817) failed: System error: Device or resource busy
[2026-07-22T03:20:21.763] error: slurm_set_addr: Unable to resolve "slurmctl01"
[2026-07-22T03:20:21.768] error: _xgetaddrinfo: getaddrinfo(slurmctl02:6817) failed: System error: Device or resource busy
[2026-07-22T03:20:21.768] error: slurm_set_addr: Unable to resolve "slurmctl02"
[2026-07-22T03:20:46.776] error: _xgetaddrinfo: getaddrinfo(slurmctl01:6817) failed: System error: Device or resource busy
[2026-07-22T03:20:46.776] error: slurm_set_addr: Unable to resolve "slurmctl01"
[2026-07-22T03:20:46.782] error: _xgetaddrinfo: getaddrinfo(slurmctl02:6817) failed: System error: Device or resource busy
[2026-07-22T03:20:46.783] error: slurm_set_addr: Unable to resolve "slurmctl02"
[2026-07-22T03:21:11.790] error: _xgetaddrinfo: getaddrinfo(slurmctl01:6817) failed: System error: Device or resource busy
[2026-07-22T03:21:11.790] error: slurm_set_addr: Unable to resolve "slurmctl01"
[2026-07-22T03:21:11.796] error: _xgetaddrinfo: getaddrinfo(slurmctl02:6817) failed: System error: Device or resource busy
[2026-07-22T03:21:11.796] error: slurm_set_addr: Unable to resolve "slurmctl02"
[2026-07-22T03:21:36.804] error: _xgetaddrinfo: getaddrinfo(slurmctl01:6817) failed: System error: Device or resource busy
[2026-07-22T03:21:36.804] error: slurm_set_addr: Unable to resolve "slurmctl01"
[2026-07-22T03:21:36.811] error: _xgetaddrinfo: getaddrinfo(slurmctl02:6817) failed: System error: Device or resource busy
[2026-07-22T03:21:36.811] error: slurm_set_addr: Unable to resolve "slurmctl02"
[2026-07-22T03:22:01.818] error: _xgetaddrinfo: getaddrinfo(slurmctl01:6817) failed: System error: Device or resource busy
[2026-07-22T03:22:01.818] error: slurm_set_addr: Unable to resolve "slurmctl01"
[2026-07-22T03:22:01.824] error: _xgetaddrinfo: getaddrinfo(slurmctl02:6817) failed: System error: Device or resource busy
[2026-07-22T03:22:01.824] error: slurm_set_addr: Unable to resolve "slurmctl02"
[2026-07-22T03:22:26.832] error: _xgetaddrinfo: getaddrinfo(slurmctl01:6817) failed: System error: Device or resource busy
[2026-07-22T03:22:26.832] error: slurm_set_addr: Unable to resolve "slurmctl01"
[2026-07-22T03:22:26.837] error: _xgetaddrinfo: getaddrinfo(slurmctl02:6817) failed: System error: Device or resource busy
[2026-07-22T03:22:26.837] error: slurm_set_addr: Unable to resolve "slurmctl02"
[2026-07-22T03:22:51.845] error: _xgetaddrinfo: getaddrinfo(slurmctl01:6817) failed: System error: Device or resource busy
[2026-07-22T03:22:51.845] error: slurm_set_addr: Unable to resolve "slurmctl01"
[2026-07-22T03:22:51.851] error: _xgetaddrinfo: getaddrinfo(slurmctl02:6817) failed: System error: Device or resource busy
[2026-07-22T03:22:51.851] error: slurm_set_addr: Unable to resolve "slurmctl02"
[2026-07-22T03:23:16.859] error: _xgetaddrinfo: getaddrinfo(slurmctl01:6817) failed: System error: Device or resource busy
[2026-07-22T03:23:16.859] error: slurm_set_addr: Unable to resolve "slurmctl01"
[2026-07-22T03:23:16.865] error: _xgetaddrinfo: getaddrinfo(slurmctl02:6817) failed: System error: Device or resource busy
[2026-07-22T03:23:16.865] error: slurm_set_addr: Unable to resolve "slurmctl02"
[2026-07-22T03:23:41.873] error: _xgetaddrinfo: getaddrinfo(slurmctl01:6817) failed: System error: Device or resource busy
[2026-07-22T03:23:41.873] error: slurm_set_addr: Unable to resolve "slurmctl01"
[2026-07-22T03:23:41.879] error: _xgetaddrinfo: getaddrinfo(slurmctl02:6817) failed: System error: Device or resource busy
[2026-07-22T03:23:41.879] error: slurm_set_addr: Unable to resolve "slurmctl02"
[2026-07-22T03:24:06.887] error: _xgetaddrinfo: getaddrinfo(slurmctl01:6817) failed: System error: Device or resource busy
[2026-07-22T03:24:06.888] error: slurm_set_addr: Unable to resolve "slurmctl01"
[2026-07-22T03:24:06.893] error: _xgetaddrinfo: getaddrinfo(slurmctl02:6817) failed: System error: Device or resource busy
[2026-07-22T03:24:06.894] error: slurm_set_addr: Unable to resolve "slurmctl02"
[2026-07-22T03:24:31.901] error: _xgetaddrinfo: getaddrinfo(slurmctl01:6817) failed: System error: Device or resource busy
[2026-07-22T03:24:31.901] error: slurm_set_addr: Unable to resolve "slurmctl01"
[2026-07-22T03:24:31.907] error: _xgetaddrinfo: getaddrinfo(slurmctl02:6817) failed: System error: Device or resource busy
[2026-07-22T03:24:31.907] error: slurm_set_addr: Unable to resolve "slurmctl02"
[2026-07-22T03:24:56.915] error: _xgetaddrinfo: getaddrinfo(slurmctl01:6817) failed: System error: Device or resource busy
[2026-07-22T03:24:56.915] error: slurm_set_addr: Unable to resolve "slurmctl01"
[2026-07-22T03:24:56.921] error: _xgetaddrinfo: getaddrinfo(slurmctl02:6817) failed: System error: Device or resource busy
[2026-07-22T03:24:56.921] error: slurm_set_addr: Unable to resolve "slurmctl02"
[2026-07-22T03:25:21.929] error: _xgetaddrinfo: getaddrinfo(slurmctl01:6817) failed: System error: Device or resource busy
[2026-07-22T03:25:21.929] error: slurm_set_addr: Unable to resolve "slurmctl01"
[2026-07-22T03:25:21.935] error: _xgetaddrinfo: getaddrinfo(slurmctl02:6817) failed: System error: Device or resource busy
[2026-07-22T03:25:21.935] error: slurm_set_addr: Unable to resolve "slurmctl02"
[2026-07-22T03:25:46.943] error: _xgetaddrinfo: getaddrinfo(slurmctl01:6817) failed: System error: Device or resource busy
[2026-07-22T03:25:46.943] error: slurm_set_addr: Unable to resolve "slurmctl01"
[2026-07-22T03:25:46.948] error: _xgetaddrinfo: getaddrinfo(slurmctl02:6817) failed: System error: Device or resource busy
[2026-07-22T03:25:46.948] error: slurm_set_addr: Unable to resolve "slurmctl02"
[2026-07-22T03:26:11.956] error: _xgetaddrinfo: getaddrinfo(slurmctl01:6817) failed: System error: Device or resource busy
[2026-07-22T03:26:11.956] error: slurm_set_addr: Unable to resolve "slurmctl01"
[2026-07-22T03:26:11.962] error: _xgetaddrinfo: getaddrinfo(slurmctl02:6817) failed: System error: Device or resource busy
[2026-07-22T03:26:11.962] error: slurm_set_addr: Unable to resolve "slurmctl02"
[2026-07-22T03:26:36.970] error: _xgetaddrinfo: getaddrinfo(slurmctl01:6817) failed: System error: Device or resource busy
[2026-07-22T03:26:36.970] error: slurm_set_addr: Unable to resolve "slurmctl01"
[2026-07-22T03:26:36.976] error: _xgetaddrinfo: getaddrinfo(slurmctl02:6817) failed: System error: Device or resource busy
[2026-07-22T03:26:36.976] error: slurm_set_addr: Unable to resolve "slurmctl02"
[2026-07-22T03:27:01.984] error: _xgetaddrinfo: getaddrinfo(slurmctl01:6817) failed: System error: Device or resource busy
[2026-07-22T03:27:01.984] error: slurm_set_addr: Unable to resolve "slurmctl01"
[2026-07-22T03:27:01.990] error: _xgetaddrinfo: getaddrinfo(slurmctl02:6817) failed: System error: Device or resource busy
[2026-07-22T03:27:01.990] error: slurm_set_addr: Unable to resolve "slurmctl02"
[2026-07-22T03:27:26.998] error: _xgetaddrinfo: getaddrinfo(slurmctl01:6817) failed: System error: Device or resource busy
[2026-07-22T03:27:26.998] error: slurm_set_addr: Unable to resolve "slurmctl01"
[2026-07-22T03:27:27.005] error: _xgetaddrinfo: getaddrinfo(slurmctl02:6817) failed: System error: Device or resource busy
[2026-07-22T03:27:27.005] error: slurm_set_addr: Unable to resolve "slurmctl02"
[2026-07-22T03:27:52.012] error: _xgetaddrinfo: getaddrinfo(slurmctl01:6817) failed: System error: Device or resource busy
[2026-07-22T03:27:52.012] error: slurm_set_addr: Unable to resolve "slurmctl01"
[2026-07-22T03:27:52.018] error: _xgetaddrinfo: getaddrinfo(slurmctl02:6817) failed: System error: Device or resource busy
[2026-07-22T03:27:52.018] error: slurm_set_addr: Unable to resolve "slurmctl02"
[2026-07-22T03:28:17.026] error: _xgetaddrinfo: getaddrinfo(slurmctl01:6817) failed: System error: Device or resource busy
[2026-07-22T03:28:17.026] error: slurm_set_addr: Unable to resolve "slurmctl01"
[2026-07-22T03:28:17.032] error: _xgetaddrinfo: getaddrinfo(slurmctl02:6817) failed: System error: Device or resource busy
[2026-07-22T03:28:17.032] error: slurm_set_addr: Unable to resolve "slurmctl02"
[2026-07-22T03:28:42.040] error: _xgetaddrinfo: getaddrinfo(slurmctl01:6817) failed: System error: Device or resource busy
[2026-07-22T03:28:42.040] error: slurm_set_addr: Unable to resolve "slurmctl01"
[2026-07-22T03:28:42.046] error: _xgetaddrinfo: getaddrinfo(slurmctl02:6817) failed: System error: Device or resource busy
[2026-07-22T03:28:42.046] error: slurm_set_addr: Unable to resolve "slurmctl02"
[2026-07-22T03:29:07.056] error: _xgetaddrinfo: getaddrinfo(slurmctl01:6817) failed: System error: Device or resource busy
[2026-07-22T03:29:07.056] error: slurm_set_addr: Unable to resolve "slurmctl01"
[2026-07-22T03:29:07.064] error: _xgetaddrinfo: getaddrinfo(slurmctl02:6817) failed: System error: Device or resource busy
[2026-07-22T03:29:07.064] error: slurm_set_addr: Unable to resolve "slurmctl02"
[2026-07-22T03:29:32.071] error: _xgetaddrinfo: getaddrinfo(slurmctl01:6817) failed: System error: Device or resource busy
[2026-07-22T03:29:32.072] error: slurm_set_addr: Unable to resolve "slurmctl01"
[2026-07-22T03:29:32.077] error: _xgetaddrinfo: getaddrinfo(slurmctl02:6817) failed: System error: Device or resource busy
[2026-07-22T03:29:32.077] error: slurm_set_addr: Unable to resolve "slurmctl02"
[2026-07-22T03:29:57.084] error: _xgetaddrinfo: getaddrinfo(slurmctl01:6817) failed: System error: Device or resource busy
[2026-07-22T03:29:57.085] error: slurm_set_addr: Unable to resolve "slurmctl01"
[2026-07-22T03:29:57.091] error: _xgetaddrinfo: getaddrinfo(slurmctl02:6817) failed: System error: Device or resource busy
[2026-07-22T03:29:57.091] error: slurm_set_addr: Unable to resolve "slurmctl02"
[2026-07-22T03:30:22.098] error: _xgetaddrinfo: getaddrinfo(slurmctl01:6817) failed: System error: Device or resource busy
[2026-07-22T03:30:22.099] error: slurm_set_addr: Unable to resolve "slurmctl01"
[2026-07-22T03:30:22.104] error: _xgetaddrinfo: getaddrinfo(slurmctl02:6817) failed: System error: Device or resource busy
[2026-07-22T03:30:22.104] error: slurm_set_addr: Unable to resolve "slurmctl02"
[2026-07-22T03:30:47.112] error: _xgetaddrinfo: getaddrinfo(slurmctl01:6817) failed: System error: Device or resource busy
[2026-07-22T03:30:47.112] error: slurm_set_addr: Unable to resolve "slurmctl01"
[2026-07-22T03:30:47.118] error: _xgetaddrinfo: getaddrinfo(slurmctl02:6817) failed: System error: Device or resource busy
[2026-07-22T03:30:47.118] error: slurm_set_addr: Unable to resolve "slurmctl02"
[2026-07-22T03:31:12.126] error: _xgetaddrinfo: getaddrinfo(slurmctl01:6817) failed: System error: Device or resource busy
[2026-07-22T03:31:12.126] error: slurm_set_addr: Unable to resolve "slurmctl01"
[2026-07-22T03:31:12.132] error: _xgetaddrinfo: getaddrinfo(slurmctl02:6817) failed: System error: Device or resource busy
[2026-07-22T03:31:12.132] error: slurm_set_addr: Unable to resolve "slurmctl02"
[2026-07-22T03:31:37.139] error: _xgetaddrinfo: getaddrinfo(slurmctl01:6817) failed: System error: Device or resource busy
[2026-07-22T03:31:37.139] error: slurm_set_addr: Unable to resolve "slurmctl01"
[2026-07-22T03:31:37.145] error: _xgetaddrinfo: getaddrinfo(slurmctl02:6817) failed: System error: Device or resource busy
[2026-07-22T03:31:37.145] error: slurm_set_addr: Unable to resolve "slurmctl02"
[2026-07-22T03:32:02.153] error: _xgetaddrinfo: getaddrinfo(slurmctl01:6817) failed: System error: Device or resource busy
[2026-07-22T03:32:02.154] error: slurm_set_addr: Unable to resolve "slurmctl01"
[2026-07-22T03:32:02.159] error: _xgetaddrinfo: getaddrinfo(slurmctl02:6817) failed: System error: Device or resource busy
[2026-07-22T03:32:02.159] error: slurm_set_addr: Unable to resolve "slurmctl02"
[2026-07-22T03:32:27.167] error: _xgetaddrinfo: getaddrinfo(slurmctl01:6817) failed: System error: Device or resource busy
[2026-07-22T03:32:27.167] error: slurm_set_addr: Unable to resolve "slurmctl01"
[2026-07-22T03:32:27.173] error: _xgetaddrinfo: getaddrinfo(slurmctl02:6817) failed: System error: Device or resource busy
[2026-07-22T03:32:27.173] error: slurm_set_addr: Unable to resolve "slurmctl02"
[2026-07-22T03:32:52.181] error: _xgetaddrinfo: getaddrinfo(slurmctl01:6817) failed: System error: Device or resource busy
[2026-07-22T03:32:52.181] error: slurm_set_addr: Unable to resolve "slurmctl01"
[2026-07-22T03:32:52.187] error: _xgetaddrinfo: getaddrinfo(slurmctl02:6817) failed: System error: Device or resource busy
[2026-07-22T03:32:52.187] error: slurm_set_addr: Unable to resolve "slurmctl02"
[2026-07-22T03:33:17.195] error: _xgetaddrinfo: getaddrinfo(slurmctl01:6817) failed: System error: Device or resource busy
[2026-07-22T03:33:17.195] error: slurm_set_addr: Unable to resolve "slurmctl01"
[2026-07-22T03:33:17.201] error: _xgetaddrinfo: getaddrinfo(slurmctl02:6817) failed: System error: Device or resource busy
[2026-07-22T03:33:17.201] error: slurm_set_addr: Unable to resolve "slurmctl02"
[2026-07-22T03:33:42.208] error: _xgetaddrinfo: getaddrinfo(slurmctl01:6817) failed: System error: Device or resource busy
[2026-07-22T03:33:42.209] error: slurm_set_addr: Unable to resolve "slurmctl01"
[2026-07-22T03:33:42.214] error: _xgetaddrinfo: getaddrinfo(slurmctl02:6817) failed: System error: Device or resource busy
[2026-07-22T03:33:42.214] error: slurm_set_addr: Unable to resolve "slurmctl02"
[2026-07-22T03:34:07.222] error: _xgetaddrinfo: getaddrinfo(slurmctl01:6817) failed: System error: Device or resource busy
[2026-07-22T03:34:07.223] error: slurm_set_addr: Unable to resolve "slurmctl01"
[2026-07-22T03:34:07.228] error: _xgetaddrinfo: getaddrinfo(slurmctl02:6817) failed: System error: Device or resource busy
[2026-07-22T03:34:07.228] error: slurm_set_addr: Unable to resolve "slurmctl02"
[2026-07-22T03:34:32.236] error: _xgetaddrinfo: getaddrinfo(slurmctl01:6817) failed: System error: Device or resource busy
[2026-07-22T03:34:32.237] error: slurm_set_addr: Unable to resolve "slurmctl01"
[2026-07-22T03:34:32.242] error: _xgetaddrinfo: getaddrinfo(slurmctl02:6817) failed: System error: Device or resource busy
[2026-07-22T03:34:32.242] error: slurm_set_addr: Unable to resolve "slurmctl02"
[2026-07-22T03:34:57.249] error: _xgetaddrinfo: getaddrinfo(slurmctl01:6817) failed: System error: Device or resource busy
[2026-07-22T03:34:57.249] error: slurm_set_addr: Unable to resolve "slurmctl01"
[2026-07-22T03:34:57.255] error: _xgetaddrinfo: getaddrinfo(slurmctl02:6817) failed: System error: Device or resource busy
[2026-07-22T03:34:57.255] error: slurm_set_addr: Unable to resolve "slurmctl02"
[2026-07-22T03:35:22.263] error: _xgetaddrinfo: getaddrinfo(slurmctl01:6817) failed: System error: Device or resource busy
[2026-07-22T03:35:22.263] error: slurm_set_addr: Unable to resolve "slurmctl01"
[2026-07-22T03:35:22.269] error: _xgetaddrinfo: getaddrinfo(slurmctl02:6817) failed: System error: Device or resource busy
[2026-07-22T03:35:22.269] error: slurm_set_addr: Unable to resolve "slurmctl02"
[2026-07-22T03:35:47.276] error: _xgetaddrinfo: getaddrinfo(slurmctl01:6817) failed: System error: Device or resource busy
[2026-07-22T03:35:47.277] error: slurm_set_addr: Unable to resolve "slurmctl01"
[2026-07-22T03:35:47.283] error: _xgetaddrinfo: getaddrinfo(slurmctl02:6817) failed: System error: Device or resource busy
[2026-07-22T03:35:47.283] error: slurm_set_addr: Unable to resolve "slurmctl02"
[2026-07-22T03:36:12.291] error: _xgetaddrinfo: getaddrinfo(slurmctl01:6817) failed: System error: Device or resource busy
[2026-07-22T03:36:12.291] error: slurm_set_addr: Unable to resolve "slurmctl01"
[2026-07-22T03:36:12.297] error: _xgetaddrinfo: getaddrinfo(slurmctl02:6817) failed: System error: Device or resource busy
[2026-07-22T03:36:12.297] error: slurm_set_addr: Unable to resolve "slurmctl02"
[2026-07-22T03:36:37.304] error: _xgetaddrinfo: getaddrinfo(slurmctl01:6817) failed: System error: Device or resource busy
[2026-07-22T03:36:37.305] error: slurm_set_addr: Unable to resolve "slurmctl01"
[2026-07-22T03:36:37.310] error: _xgetaddrinfo: getaddrinfo(slurmctl02:6817) failed: System error: Device or resource busy
[2026-07-22T03:36:37.310] error: slurm_set_addr: Unable to resolve "slurmctl02"
[2026-07-22T03:37:02.318] error: _xgetaddrinfo: getaddrinfo(slurmctl01:6817) failed: System error: Device or resource busy
[2026-07-22T03:37:02.318] error: slurm_set_addr: Unable to resolve "slurmctl01"
[2026-07-22T03:37:02.324] error: _xgetaddrinfo: getaddrinfo(slurmctl02:6817) failed: System error: Device or resource busy
[2026-07-22T03:37:02.324] error: slurm_set_addr: Unable to resolve "slurmctl02"
[2026-07-22T03:37:27.332] error: _xgetaddrinfo: getaddrinfo(slurmctl01:6817) failed: System error: Device or resource busy
[2026-07-22T03:37:27.332] error: slurm_set_addr: Unable to resolve "slurmctl01"
[2026-07-22T03:37:27.337] error: _xgetaddrinfo: getaddrinfo(slurmctl02:6817) failed: System error: Device or resource busy
[2026-07-22T03:37:27.337] error: slurm_set_addr: Unable to resolve "slurmctl02"
[2026-07-22T03:37:52.345] error: _xgetaddrinfo: getaddrinfo(slurmctl01:6817) failed: System error: Device or resource busy
[2026-07-22T03:37:52.345] error: slurm_set_addr: Unable to resolve "slurmctl01"
[2026-07-22T03:37:52.350] error: _xgetaddrinfo: getaddrinfo(slurmctl02:6817) failed: System error: Device or resource busy
[2026-07-22T03:37:52.351] error: slurm_set_addr: Unable to resolve "slurmctl02"
[2026-07-22T03:38:17.359] error: _xgetaddrinfo: getaddrinfo(slurmctl01:6817) failed: System error: Device or resource busy
[2026-07-22T03:38:17.359] error: slurm_set_addr: Unable to resolve "slurmctl01"
[2026-07-22T03:38:17.364] error: _xgetaddrinfo: getaddrinfo(slurmctl02:6817) failed: System error: Device or resource busy
[2026-07-22T03:38:17.364] error: slurm_set_addr: Unable to resolve "slurmctl02"
[2026-07-22T03:38:42.373] error: _xgetaddrinfo: getaddrinfo(slurmctl01:6817) failed: System error: Device or resource busy
[2026-07-22T03:38:42.373] error: slurm_set_addr: Unable to resolve "slurmctl01"
[2026-07-22T03:38:42.378] error: _xgetaddrinfo: getaddrinfo(slurmctl02:6817) failed: System error: Device or resource busy
[2026-07-22T03:38:42.379] error: slurm_set_addr: Unable to resolve "slurmctl02"
[2026-07-22T03:39:07.386] error: _xgetaddrinfo: getaddrinfo(slurmctl01:6817) failed: System error: Device or resource busy
[2026-07-22T03:39:07.386] error: slurm_set_addr: Unable to resolve "slurmctl01"
[2026-07-22T03:39:07.391] error: _xgetaddrinfo: getaddrinfo(slurmctl02:6817) failed: System error: Device or resource busy
[2026-07-22T03:39:07.392] error: slurm_set_addr: Unable to resolve "slurmctl02"
[2026-07-22T03:39:32.399] error: _xgetaddrinfo: getaddrinfo(slurmctl01:6817) failed: System error: Device or resource busy
[2026-07-22T03:39:32.400] error: slurm_set_addr: Unable to resolve "slurmctl01"
[2026-07-22T03:39:32.405] error: _xgetaddrinfo: getaddrinfo(slurmctl02:6817) failed: System error: Device or resource busy
[2026-07-22T03:39:32.405] error: slurm_set_addr: Unable to resolve "slurmctl02"
[2026-07-22T03:39:57.413] error: _xgetaddrinfo: getaddrinfo(slurmctl01:6817) failed: System error: Device or resource busy
[2026-07-22T03:39:57.413] error: slurm_set_addr: Unable to resolve "slurmctl01"
[2026-07-22T03:39:57.419] error: _xgetaddrinfo: getaddrinfo(slurmctl02:6817) failed: System error: Device or resource busy
[2026-07-22T03:39:57.419] error: slurm_set_addr: Unable to resolve "slurmctl02"
[2026-07-22T03:40:22.427] error: _xgetaddrinfo: getaddrinfo(slurmctl01:6817) failed: System error: Device or resource busy
[2026-07-22T03:40:22.427] error: slurm_set_addr: Unable to resolve "slurmctl01"
[2026-07-22T03:40:22.433] error: _xgetaddrinfo: getaddrinfo(slurmctl02:6817) failed: System error: Device or resource busy
[2026-07-22T03:40:22.433] error: slurm_set_addr: Unable to resolve "slurmctl02"
[2026-07-22T03:40:47.441] error: _xgetaddrinfo: getaddrinfo(slurmctl01:6817) failed: System error: Device or resource busy
[2026-07-22T03:40:47.441] error: slurm_set_addr: Unable to resolve "slurmctl01"
[2026-07-22T03:40:47.447] error: _xgetaddrinfo: getaddrinfo(slurmctl02:6817) failed: System error: Device or resource busy
[2026-07-22T03:40:47.447] error: slurm_set_addr: Unable to resolve "slurmctl02"
[2026-07-22T03:41:12.455] error: _xgetaddrinfo: getaddrinfo(slurmctl01:6817) failed: System error: Device or resource busy
[2026-07-22T03:41:12.455] error: slurm_set_addr: Unable to resolve "slurmctl01"
[2026-07-22T03:41:12.460] error: _xgetaddrinfo: getaddrinfo(slurmctl02:6817) failed: System error: Device or resource busy
[2026-07-22T03:41:12.460] error: slurm_set_addr: Unable to resolve "slurmctl02"
[2026-07-22T03:41:37.468] error: _xgetaddrinfo: getaddrinfo(slurmctl01:6817) failed: System error: Device or resource busy
[2026-07-22T03:41:37.468] error: slurm_set_addr: Unable to resolve "slurmctl01"
[2026-07-22T03:41:37.474] error: _xgetaddrinfo: getaddrinfo(slurmctl02:6817) failed: System error: Device or resource busy
[2026-07-22T03:41:37.474] error: slurm_set_addr: Unable to resolve "slurmctl02"
[2026-07-22T03:42:02.482] error: _xgetaddrinfo: getaddrinfo(slurmctl01:6817) failed: System error: Device or resource busy
[2026-07-22T03:42:02.482] error: slurm_set_addr: Unable to resolve "slurmctl01"
[2026-07-22T03:42:02.488] error: _xgetaddrinfo: getaddrinfo(slurmctl02:6817) failed: System error: Device or resource busy
[2026-07-22T03:42:02.488] error: slurm_set_addr: Unable to resolve "slurmctl02"
[2026-07-22T03:42:27.496] error: _xgetaddrinfo: getaddrinfo(slurmctl01:6817) failed: System error: Device or resource busy
[2026-07-22T03:42:27.496] error: slurm_set_addr: Unable to resolve "slurmctl01"
[2026-07-22T03:42:27.501] error: _xgetaddrinfo: getaddrinfo(slurmctl02:6817) failed: System error: Device or resource busy
[2026-07-22T03:42:27.502] error: slurm_set_addr: Unable to resolve "slurmctl02"
[2026-07-22T03:42:52.510] error: _xgetaddrinfo: getaddrinfo(slurmctl01:6817) failed: System error: Device or resource busy
[2026-07-22T03:42:52.510] error: slurm_set_addr: Unable to resolve "slurmctl01"
[2026-07-22T03:42:52.515] error: _xgetaddrinfo: getaddrinfo(slurmctl02:6817) failed: System error: Device or resource busy
[2026-07-22T03:42:52.516] error: slurm_set_addr: Unable to resolve "slurmctl02"
[2026-07-22T03:43:17.524] error: _xgetaddrinfo: getaddrinfo(slurmctl01:6817) failed: System error: Device or resource busy
[2026-07-22T03:43:17.524] error: slurm_set_addr: Unable to resolve "slurmctl01"
[2026-07-22T03:43:17.529] error: _xgetaddrinfo: getaddrinfo(slurmctl02:6817) failed: System error: Device or resource busy
[2026-07-22T03:43:17.529] error: slurm_set_addr: Unable to resolve "slurmctl02"
[2026-07-22T03:43:42.537] error: _xgetaddrinfo: getaddrinfo(slurmctl01:6817) failed: System error: Device or resource busy
[2026-07-22T03:43:42.538] error: slurm_set_addr: Unable to resolve "slurmctl01"
[2026-07-22T03:43:42.543] error: _xgetaddrinfo: getaddrinfo(slurmctl02:6817) failed: System error: Device or resource busy
[2026-07-22T03:43:42.543] error: slurm_set_addr: Unable to resolve "slurmctl02"
[2026-07-22T03:44:07.551] error: _xgetaddrinfo: getaddrinfo(slurmctl01:6817) failed: System error: Device or resource busy
[2026-07-22T03:44:07.551] error: slurm_set_addr: Unable to resolve "slurmctl01"
[2026-07-22T03:44:07.558] error: _xgetaddrinfo: getaddrinfo(slurmctl02:6817) failed: System error: Device or resource busy
[2026-07-22T03:44:07.558] error: slurm_set_addr: Unable to resolve "slurmctl02"
[2026-07-22T03:44:32.566] error: _xgetaddrinfo: getaddrinfo(slurmctl01:6817) failed: System error: Device or resource busy
[2026-07-22T03:44:32.566] error: slurm_set_addr: Unable to resolve "slurmctl01"
[2026-07-22T03:44:32.571] error: _xgetaddrinfo: getaddrinfo(slurmctl02:6817) failed: System error: Device or resource busy
[2026-07-22T03:44:32.571] error: slurm_set_addr: Unable to resolve "slurmctl02"
[2026-07-22T03:44:57.579] error: _xgetaddrinfo: getaddrinfo(slurmctl01:6817) failed: System error: Device or resource busy
[2026-07-22T03:44:57.579] error: slurm_set_addr: Unable to resolve "slurmctl01"
[2026-07-22T03:44:57.584] error: _xgetaddrinfo: getaddrinfo(slurmctl02:6817) failed: System error: Device or resource busy
[2026-07-22T03:44:57.585] error: slurm_set_addr: Unable to resolve "slurmctl02"
[2026-07-22T03:45:22.592] error: _xgetaddrinfo: getaddrinfo(slurmctl01:6817) failed: System error: Device or resource busy
[2026-07-22T03:45:22.592] error: slurm_set_addr: Unable to resolve "slurmctl01"
[2026-07-22T03:45:22.598] error: _xgetaddrinfo: getaddrinfo(slurmctl02:6817) failed: System error: Device or resource busy
[2026-07-22T03:45:22.598] error: slurm_set_addr: Unable to resolve "slurmctl02"
[2026-07-22T03:45:47.605] error: _xgetaddrinfo: getaddrinfo(slurmctl01:6817) failed: System error: Device or resource busy
[2026-07-22T03:45:47.606] error: slurm_set_addr: Unable to resolve "slurmctl01"
[2026-07-22T03:45:47.611] error: _xgetaddrinfo: getaddrinfo(slurmctl02:6817) failed: System error: Device or resource busy
[2026-07-22T03:45:47.612] error: slurm_set_addr: Unable to resolve "slurmctl02"
[2026-07-22T03:46:12.620] error: _xgetaddrinfo: getaddrinfo(slurmctl01:6817) failed: System error: Device or resource busy
[2026-07-22T03:46:12.620] error: slurm_set_addr: Unable to resolve "slurmctl01"
[2026-07-22T03:46:12.626] error: _xgetaddrinfo: getaddrinfo(slurmctl02:6817) failed: System error: Device or resource busy
[2026-07-22T03:46:12.626] error: slurm_set_addr: Unable to resolve "slurmctl02"
[2026-07-22T03:46:37.634] error: _xgetaddrinfo: getaddrinfo(slurmctl01:6817) failed: System error: Device or resource busy
[2026-07-22T03:46:37.634] error: slurm_set_addr: Unable to resolve "slurmctl01"
[2026-07-22T03:46:37.640] error: _xgetaddrinfo: getaddrinfo(slurmctl02:6817) failed: System error: Device or resource busy
[2026-07-22T03:46:37.640] error: slurm_set_addr: Unable to resolve "slurmctl02"
[2026-07-22T03:47:02.648] error: _xgetaddrinfo: getaddrinfo(slurmctl01:6817) failed: System error: Device or resource busy
[2026-07-22T03:47:02.648] error: slurm_set_addr: Unable to resolve "slurmctl01"
[2026-07-22T03:47:02.654] error: _xgetaddrinfo: getaddrinfo(slurmctl02:6817) failed: System error: Device or resource busy
[2026-07-22T03:47:02.654] error: slurm_set_addr: Unable to resolve "slurmctl02"
[2026-07-22T03:47:27.661] error: _xgetaddrinfo: getaddrinfo(slurmctl01:6817) failed: System error: Device or resource busy
[2026-07-22T03:47:27.662] error: slurm_set_addr: Unable to resolve "slurmctl01"
[2026-07-22T03:47:27.667] error: _xgetaddrinfo: getaddrinfo(slurmctl02:6817) failed: System error: Device or resource busy
[2026-07-22T03:47:27.667] error: slurm_set_addr: Unable to resolve "slurmctl02"
[2026-07-22T03:47:52.675] error: _xgetaddrinfo: getaddrinfo(slurmctl01:6817) failed: System error: Device or resource busy
[2026-07-22T03:47:52.675] error: slurm_set_addr: Unable to resolve "slurmctl01"
[2026-07-22T03:47:52.681] error: _xgetaddrinfo: getaddrinfo(slurmctl02:6817) failed: System error: Device or resource busy
[2026-07-22T03:47:52.681] error: slurm_set_addr: Unable to resolve "slurmctl02"
[2026-07-22T03:48:17.689] error: _xgetaddrinfo: getaddrinfo(slurmctl01:6817) failed: System error: Device or resource busy
[2026-07-22T03:48:17.689] error: slurm_set_addr: Unable to resolve "slurmctl01"
[2026-07-22T03:48:17.695] error: _xgetaddrinfo: getaddrinfo(slurmctl02:6817) failed: System error: Device or resource busy
[2026-07-22T03:48:17.695] error: slurm_set_addr: Unable to resolve "slurmctl02"
[2026-07-22T03:48:42.703] error: _xgetaddrinfo: getaddrinfo(slurmctl01:6817) failed: System error: Device or resource busy
[2026-07-22T03:48:42.703] error: slurm_set_addr: Unable to resolve "slurmctl01"
[2026-07-22T03:48:42.715] error: _xgetaddrinfo: getaddrinfo(slurmctl02:6817) failed: System error: Device or resource busy
[2026-07-22T03:48:42.715] error: slurm_set_addr: Unable to resolve "slurmctl02"
[2026-07-22T03:49:07.723] error: _xgetaddrinfo: getaddrinfo(slurmctl01:6817) failed: System error: Device or resource busy
[2026-07-22T03:49:07.723] error: slurm_set_addr: Unable to resolve "slurmctl01"
[2026-07-22T03:49:07.729] error: _xgetaddrinfo: getaddrinfo(slurmctl02:6817) failed: System error: Device or resource busy
[2026-07-22T03:49:07.729] error: slurm_set_addr: Unable to resolve "slurmctl02"
[2026-07-22T03:49:32.737] error: _xgetaddrinfo: getaddrinfo(slurmctl01:6817) failed: System error: Device or resource busy
[2026-07-22T03:49:32.737] error: slurm_set_addr: Unable to resolve "slurmctl01"
[2026-07-22T03:49:32.742] error: _xgetaddrinfo: getaddrinfo(slurmctl02:6817) failed: System error: Device or resource busy
[2026-07-22T03:49:32.743] error: slurm_set_addr: Unable to resolve "slurmctl02"
[2026-07-22T03:49:57.751] error: _xgetaddrinfo: getaddrinfo(slurmctl01:6817) failed: System error: Device or resource busy
[2026-07-22T03:49:57.751] error: slurm_set_addr: Unable to resolve "slurmctl01"
[2026-07-22T03:49:57.757] error: _xgetaddrinfo: getaddrinfo(slurmctl02:6817) failed: System error: Device or resource busy
[2026-07-22T03:49:57.757] error: slurm_set_addr: Unable to resolve "slurmctl02"
[2026-07-22T03:50:22.765] error: _xgetaddrinfo: getaddrinfo(slurmctl01:6817) failed: System error: Device or resource busy
[2026-07-22T03:50:22.765] error: slurm_set_addr: Unable to resolve "slurmctl01"
[2026-07-22T03:50:22.772] error: _xgetaddrinfo: getaddrinfo(slurmctl02:6817) failed: System error: Device or resource busy
[2026-07-22T03:50:22.772] error: slurm_set_addr: Unable to resolve "slurmctl02"
[2026-07-22T03:50:47.780] error: _xgetaddrinfo: getaddrinfo(slurmctl01:6817) failed: System error: Device or resource busy
[2026-07-22T03:50:47.780] error: slurm_set_addr: Unable to resolve "slurmctl01"
[2026-07-22T03:50:47.786] error: _xgetaddrinfo: getaddrinfo(slurmctl02:6817) failed: System error: Device or resource busy
[2026-07-22T03:50:47.786] error: slurm_set_addr: Unable to resolve "slurmctl02"
[2026-07-22T03:51:12.793] error: _xgetaddrinfo: getaddrinfo(slurmctl01:6817) failed: System error: Device or resource busy
[2026-07-22T03:51:12.794] error: slurm_set_addr: Unable to resolve "slurmctl01"
[2026-07-22T03:51:12.800] error: _xgetaddrinfo: getaddrinfo(slurmctl02:6817) failed: System error: Device or resource busy
[2026-07-22T03:51:12.800] error: slurm_set_addr: Unable to resolve "slurmctl02"
[2026-07-22T03:51:37.808] error: _xgetaddrinfo: getaddrinfo(slurmctl01:6817) failed: System error: Device or resource busy
[2026-07-22T03:51:37.808] error: slurm_set_addr: Unable to resolve "slurmctl01"
[2026-07-22T03:51:37.814] error: _xgetaddrinfo: getaddrinfo(slurmctl02:6817) failed: System error: Device or resource busy
[2026-07-22T03:51:37.814] error: slurm_set_addr: Unable to resolve "slurmctl02"
[2026-07-22T03:52:02.822] error: _xgetaddrinfo: getaddrinfo(slurmctl01:6817) failed: System error: Device or resource busy
[2026-07-22T03:52:02.822] error: slurm_set_addr: Unable to resolve "slurmctl01"
[2026-07-22T03:52:02.827] error: _xgetaddrinfo: getaddrinfo(slurmctl02:6817) failed: System error: Device or resource busy
[2026-07-22T03:52:02.827] error: slurm_set_addr: Unable to resolve "slurmctl02"
[2026-07-22T03:52:27.835] error: _xgetaddrinfo: getaddrinfo(slurmctl01:6817) failed: System error: Device or resource busy
[2026-07-22T03:52:27.835] error: slurm_set_addr: Unable to resolve "slurmctl01"
[2026-07-22T03:52:27.841] error: _xgetaddrinfo: getaddrinfo(slurmctl02:6817) failed: System error: Device or resource busy
[2026-07-22T03:52:27.841] error: slurm_set_addr: Unable to resolve "slurmctl02"
[2026-07-22T03:52:52.849] error: _xgetaddrinfo: getaddrinfo(slurmctl01:6817) failed: System error: Device or resource busy
[2026-07-22T03:52:52.850] error: slurm_set_addr: Unable to resolve "slurmctl01"
[2026-07-22T03:52:52.855] error: _xgetaddrinfo: getaddrinfo(slurmctl02:6817) failed: System error: Device or resource busy
[2026-07-22T03:52:52.855] error: slurm_set_addr: Unable to resolve "slurmctl02"
[2026-07-22T03:53:17.864] error: _xgetaddrinfo: getaddrinfo(slurmctl01:6817) failed: System error: Device or resource busy
[2026-07-22T03:53:17.864] error: slurm_set_addr: Unable to resolve "slurmctl01"
[2026-07-22T03:53:17.870] error: _xgetaddrinfo: getaddrinfo(slurmctl02:6817) failed: System error: Device or resource busy
[2026-07-22T03:53:17.870] error: slurm_set_addr: Unable to resolve "slurmctl02"
[2026-07-22T03:53:42.878] error: _xgetaddrinfo: getaddrinfo(slurmctl01:6817) failed: System error: Device or resource busy
[2026-07-22T03:53:42.878] error: slurm_set_addr: Unable to resolve "slurmctl01"
[2026-07-22T03:53:42.884] error: _xgetaddrinfo: getaddrinfo(slurmctl02:6817) failed: System error: Device or resource busy
[2026-07-22T03:53:42.884] error: slurm_set_addr: Unable to resolve "slurmctl02"
[2026-07-22T03:54:07.891] error: _xgetaddrinfo: getaddrinfo(slurmctl01:6817) failed: System error: Device or resource busy
[2026-07-22T03:54:07.891] error: slurm_set_addr: Unable to resolve "slurmctl01"
[2026-07-22T03:54:07.897] error: _xgetaddrinfo: getaddrinfo(slurmctl02:6817) failed: System error: Device or resource busy
[2026-07-22T03:54:07.897] error: slurm_set_addr: Unable to resolve "slurmctl02"
[2026-07-22T03:54:32.905] error: _xgetaddrinfo: getaddrinfo(slurmctl01:6817) failed: System error: Device or resource busy
[2026-07-22T03:54:32.905] error: slurm_set_addr: Unable to resolve "slurmctl01"
[2026-07-22T03:54:32.911] error: _xgetaddrinfo: getaddrinfo(slurmctl02:6817) failed: System error: Device or resource busy
[2026-07-22T03:54:32.911] error: slurm_set_addr: Unable to resolve "slurmctl02"
[2026-07-22T03:54:57.918] error: _xgetaddrinfo: getaddrinfo(slurmctl01:6817) failed: System error: Device or resource busy
[2026-07-22T03:54:57.919] error: slurm_set_addr: Unable to resolve "slurmctl01"
[2026-07-22T03:54:57.924] error: _xgetaddrinfo: getaddrinfo(slurmctl02:6817) failed: System error: Device or resource busy
[2026-07-22T03:54:57.924] error: slurm_set_addr: Unable to resolve "slurmctl02"
[2026-07-22T03:55:22.932] error: _xgetaddrinfo: getaddrinfo(slurmctl01:6817) failed: System error: Device or resource busy
[2026-07-22T03:55:22.932] error: slurm_set_addr: Unable to resolve "slurmctl01"
[2026-07-22T03:55:22.937] error: _xgetaddrinfo: getaddrinfo(slurmctl02:6817) failed: System error: Device or resource busy
[2026-07-22T03:55:22.937] error: slurm_set_addr: Unable to resolve "slurmctl02"
[2026-07-22T03:55:47.945] error: _xgetaddrinfo: getaddrinfo(slurmctl01:6817) failed: System error: Device or resource busy
[2026-07-22T03:55:47.945] error: slurm_set_addr: Unable to resolve "slurmctl01"
[2026-07-22T03:55:47.950] error: _xgetaddrinfo: getaddrinfo(slurmctl02:6817) failed: System error: Device or resource busy
[2026-07-22T03:55:47.951] error: slurm_set_addr: Unable to resolve "slurmctl02"
[2026-07-22T03:56:12.958] error: _xgetaddrinfo: getaddrinfo(slurmctl01:6817) failed: System error: Device or resource busy
[2026-07-22T03:56:12.959] error: slurm_set_addr: Unable to resolve "slurmctl01"
[2026-07-22T03:56:12.964] error: _xgetaddrinfo: getaddrinfo(slurmctl02:6817) failed: System error: Device or resource busy
[2026-07-22T03:56:12.964] error: slurm_set_addr: Unable to resolve "slurmctl02"
[2026-07-22T03:56:37.972] error: _xgetaddrinfo: getaddrinfo(slurmctl01:6817) failed: System error: Device or resource busy
[2026-07-22T03:56:37.973] error: slurm_set_addr: Unable to resolve "slurmctl01"
[2026-07-22T03:56:37.978] error: _xgetaddrinfo: getaddrinfo(slurmctl02:6817) failed: System error: Device or resource busy
[2026-07-22T03:56:37.978] error: slurm_set_addr: Unable to resolve "slurmctl02"
[2026-07-22T03:57:02.986] error: _xgetaddrinfo: getaddrinfo(slurmctl01:6817) failed: System error: Device or resource busy
[2026-07-22T03:57:02.986] error: slurm_set_addr: Unable to resolve "slurmctl01"
[2026-07-22T03:57:02.992] error: _xgetaddrinfo: getaddrinfo(slurmctl02:6817) failed: System error: Device or resource busy
[2026-07-22T03:57:02.992] error: slurm_set_addr: Unable to resolve "slurmctl02"
[2026-07-22T03:57:28.000] error: _xgetaddrinfo: getaddrinfo(slurmctl01:6817) failed: System error: Device or resource busy
[2026-07-22T03:57:28.000] error: slurm_set_addr: Unable to resolve "slurmctl01"
[2026-07-22T03:57:28.006] error: _xgetaddrinfo: getaddrinfo(slurmctl02:6817) failed: System error: Device or resource busy
[2026-07-22T03:57:28.006] error: slurm_set_addr: Unable to resolve "slurmctl02"
[2026-07-22T03:57:52.014] error: _xgetaddrinfo: getaddrinfo(slurmctl01:6817) failed: System error: Device or resource busy
[2026-07-22T03:57:52.014] error: slurm_set_addr: Unable to resolve "slurmctl01"
[2026-07-22T03:57:52.020] error: _xgetaddrinfo: getaddrinfo(slurmctl02:6817) failed: System error: Device or resource busy
[2026-07-22T03:57:52.020] error: slurm_set_addr: Unable to resolve "slurmctl02"
[2026-07-22T03:58:17.027] error: _xgetaddrinfo: getaddrinfo(slurmctl01:6817) failed: System error: Device or resource busy
[2026-07-22T03:58:17.027] error: slurm_set_addr: Unable to resolve "slurmctl01"
[2026-07-22T03:58:17.033] error: _xgetaddrinfo: getaddrinfo(slurmctl02:6817) failed: System error: Device or resource busy
[2026-07-22T03:58:17.033] error: slurm_set_addr: Unable to resolve "slurmctl02"
[2026-07-22T03:58:42.041] error: _xgetaddrinfo: getaddrinfo(slurmctl01:6817) failed: System error: Device or resource busy
[2026-07-22T03:58:42.042] error: slurm_set_addr: Unable to resolve "slurmctl01"
[2026-07-22T03:58:42.048] error: _xgetaddrinfo: getaddrinfo(slurmctl02:6817) failed: System error: Device or resource busy
[2026-07-22T03:58:42.048] error: slurm_set_addr: Unable to resolve "slurmctl02"
[2026-07-22T03:59:07.055] error: _xgetaddrinfo: getaddrinfo(slurmctl01:6817) failed: System error: Device or resource busy
[2026-07-22T03:59:07.056] error: slurm_set_addr: Unable to resolve "slurmctl01"
[2026-07-22T03:59:07.061] error: _xgetaddrinfo: getaddrinfo(slurmctl02:6817) failed: System error: Device or resource busy
[2026-07-22T03:59:07.061] error: slurm_set_addr: Unable to resolve "slurmctl02"
[2026-07-22T03:59:32.068] error: _xgetaddrinfo: getaddrinfo(slurmctl01:6817) failed: System error: Device or resource busy
[2026-07-22T03:59:32.068] error: slurm_set_addr: Unable to resolve "slurmctl01"
[2026-07-22T03:59:32.074] error: _xgetaddrinfo: getaddrinfo(slurmctl02:6817) failed: System error: Device or resource busy
[2026-07-22T03:59:32.074] error: slurm_set_addr: Unable to resolve "slurmctl02"
[2026-07-22T03:59:57.081] error: _xgetaddrinfo: getaddrinfo(slurmctl01:6817) failed: System error: Device or resource busy
[2026-07-22T03:59:57.081] error: slurm_set_addr: Unable to resolve "slurmctl01"
[2026-07-22T03:59:57.087] error: _xgetaddrinfo: getaddrinfo(slurmctl02:6817) failed: System error: Device or resource busy
[2026-07-22T03:59:57.087] error: slurm_set_addr: Unable to resolve "slurmctl02"
[2026-07-22T04:00:22.095] error: _xgetaddrinfo: getaddrinfo(slurmctl01:6817) failed: System error: Device or resource busy
[2026-07-22T04:00:22.095] error: slurm_set_addr: Unable to resolve "slurmctl01"
[2026-07-22T04:00:22.100] error: _xgetaddrinfo: getaddrinfo(slurmctl02:6817) failed: System error: Device or resource busy
[2026-07-22T04:00:22.100] error: slurm_set_addr: Unable to resolve "slurmctl02"
[2026-07-22T04:00:47.108] error: _xgetaddrinfo: getaddrinfo(slurmctl01:6817) failed: System error: Device or resource busy
[2026-07-22T04:00:47.108] error: slurm_set_addr: Unable to resolve "slurmctl01"
[2026-07-22T04:00:47.114] error: _xgetaddrinfo: getaddrinfo(slurmctl02:6817) failed: System error: Device or resource busy
[2026-07-22T04:00:47.114] error: slurm_set_addr: Unable to resolve "slurmctl02"
[2026-07-22T04:01:12.121] error: _xgetaddrinfo: getaddrinfo(slurmctl01:6817) failed: System error: Device or resource busy
[2026-07-22T04:01:12.121] error: slurm_set_addr: Unable to resolve "slurmctl01"
[2026-07-22T04:01:12.127] error: _xgetaddrinfo: getaddrinfo(slurmctl02:6817) failed: System error: Device or resource busy
[2026-07-22T04:01:12.127] error: slurm_set_addr: Unable to resolve "slurmctl02"
[2026-07-22T04:01:37.134] error: _xgetaddrinfo: getaddrinfo(slurmctl01:6817) failed: System error: Device or resource busy
[2026-07-22T04:01:37.134] error: slurm_set_addr: Unable to resolve "slurmctl01"
[2026-07-22T04:01:37.140] error: _xgetaddrinfo: getaddrinfo(slurmctl02:6817) failed: System error: Device or resource busy
[2026-07-22T04:01:37.140] error: slurm_set_addr: Unable to resolve "slurmctl02"
[2026-07-22T04:02:02.147] error: _xgetaddrinfo: getaddrinfo(slurmctl01:6817) failed: System error: Device or resource busy
[2026-07-22T04:02:02.148] error: slurm_set_addr: Unable to resolve "slurmctl01"
[2026-07-22T04:02:02.153] error: _xgetaddrinfo: getaddrinfo(slurmctl02:6817) failed: System error: Device or resource busy
[2026-07-22T04:02:02.153] error: slurm_set_addr: Unable to resolve "slurmctl02"
[2026-07-22T04:02:27.160] error: _xgetaddrinfo: getaddrinfo(slurmctl01:6817) failed: System error: Device or resource busy
[2026-07-22T04:02:27.161] error: slurm_set_addr: Unable to resolve "slurmctl01"
[2026-07-22T04:02:27.166] error: _xgetaddrinfo: getaddrinfo(slurmctl02:6817) failed: System error: Device or resource busy
[2026-07-22T04:02:27.166] error: slurm_set_addr: Unable to resolve "slurmctl02"
[2026-07-22T04:02:52.174] error: _xgetaddrinfo: getaddrinfo(slurmctl01:6817) failed: System error: Device or resource busy
[2026-07-22T04:02:52.174] error: slurm_set_addr: Unable to resolve "slurmctl01"
[2026-07-22T04:02:52.180] error: _xgetaddrinfo: getaddrinfo(slurmctl02:6817) failed: System error: Device or resource busy
[2026-07-22T04:02:52.180] error: slurm_set_addr: Unable to resolve "slurmctl02"
[2026-07-22T04:03:17.187] error: _xgetaddrinfo: getaddrinfo(slurmctl01:6817) failed: System error: Device or resource busy
[2026-07-22T04:03:17.187] error: slurm_set_addr: Unable to resolve "slurmctl01"
[2026-07-22T04:03:17.193] error: _xgetaddrinfo: getaddrinfo(slurmctl02:6817) failed: System error: Device or resource busy
[2026-07-22T04:03:17.193] error: slurm_set_addr: Unable to resolve "slurmctl02"
[2026-07-22T04:03:42.200] error: _xgetaddrinfo: getaddrinfo(slurmctl01:6817) failed: System error: Device or resource busy
[2026-07-22T04:03:42.200] error: slurm_set_addr: Unable to resolve "slurmctl01"
[2026-07-22T04:03:42.206] error: _xgetaddrinfo: getaddrinfo(slurmctl02:6817) failed: System error: Device or resource busy
[2026-07-22T04:03:42.207] error: slurm_set_addr: Unable to resolve "slurmctl02"
[2026-07-22T04:04:07.214] error: _xgetaddrinfo: getaddrinfo(slurmctl01:6817) failed: System error: Device or resource busy
[2026-07-22T04:04:07.214] error: slurm_set_addr: Unable to resolve "slurmctl01"
[2026-07-22T04:04:07.220] error: _xgetaddrinfo: getaddrinfo(slurmctl02:6817) failed: System error: Device or resource busy
[2026-07-22T04:04:07.220] error: slurm_set_addr: Unable to resolve "slurmctl02"
[2026-07-22T04:04:32.227] error: _xgetaddrinfo: getaddrinfo(slurmctl01:6817) failed: System error: Device or resource busy
[2026-07-22T04:04:32.227] error: slurm_set_addr: Unable to resolve "slurmctl01"
[2026-07-22T04:04:32.233] error: _xgetaddrinfo: getaddrinfo(slurmctl02:6817) failed: System error: Device or resource busy
[2026-07-22T04:04:32.233] error: slurm_set_addr: Unable to resolve "slurmctl02"
[2026-07-22T04:04:57.240] error: _xgetaddrinfo: getaddrinfo(slurmctl01:6817) failed: System error: Device or resource busy
[2026-07-22T04:04:57.240] error: slurm_set_addr: Unable to resolve "slurmctl01"
[2026-07-22T04:04:57.246] error: _xgetaddrinfo: getaddrinfo(slurmctl02:6817) failed: System error: Device or resource busy
[2026-07-22T04:04:57.246] error: slurm_set_addr: Unable to resolve "slurmctl02"
[2026-07-22T04:05:22.253] error: _xgetaddrinfo: getaddrinfo(slurmctl01:6817) failed: System error: Device or resource busy
[2026-07-22T04:05:22.254] error: slurm_set_addr: Unable to resolve "slurmctl01"
[2026-07-22T04:05:22.259] error: _xgetaddrinfo: getaddrinfo(slurmctl02:6817) failed: System error: Device or resource busy
[2026-07-22T04:05:22.259] error: slurm_set_addr: Unable to resolve "slurmctl02"
[2026-07-22T04:05:47.267] error: _xgetaddrinfo: getaddrinfo(slurmctl01:6817) failed: System error: Device or resource busy
[2026-07-22T04:05:47.267] error: slurm_set_addr: Unable to resolve "slurmctl01"
[2026-07-22T04:05:47.273] error: _xgetaddrinfo: getaddrinfo(slurmctl02:6817) failed: System error: Device or resource busy
[2026-07-22T04:05:47.273] error: slurm_set_addr: Unable to resolve "slurmctl02"
[2026-07-22T04:06:12.281] error: _xgetaddrinfo: getaddrinfo(slurmctl01:6817) failed: System error: Device or resource busy
[2026-07-22T04:06:12.281] error: slurm_set_addr: Unable to resolve "slurmctl01"
[2026-07-22T04:06:12.286] error: _xgetaddrinfo: getaddrinfo(slurmctl02:6817) failed: System error: Device or resource busy
[2026-07-22T04:06:12.286] error: slurm_set_addr: Unable to resolve "slurmctl02"
[2026-07-22T04:06:37.293] error: _xgetaddrinfo: getaddrinfo(slurmctl01:6817) failed: System error: Device or resource busy
[2026-07-22T04:06:37.294] error: slurm_set_addr: Unable to resolve "slurmctl01"
[2026-07-22T04:06:37.299] error: _xgetaddrinfo: getaddrinfo(slurmctl02:6817) failed: System error: Device or resource busy
[2026-07-22T04:06:37.299] error: slurm_set_addr: Unable to resolve "slurmctl02"
[2026-07-22T04:07:02.307] error: _xgetaddrinfo: getaddrinfo(slurmctl01:6817) failed: System error: Device or resource busy
[2026-07-22T04:07:02.307] error: slurm_set_addr: Unable to resolve "slurmctl01"
[2026-07-22T04:07:02.314] error: _xgetaddrinfo: getaddrinfo(slurmctl02:6817) failed: System error: Device or resource busy
[2026-07-22T04:07:02.314] error: slurm_set_addr: Unable to resolve "slurmctl02"
[2026-07-22T04:07:27.322] error: _xgetaddrinfo: getaddrinfo(slurmctl01:6817) failed: System error: Device or resource busy
[2026-07-22T04:07:27.322] error: slurm_set_addr: Unable to resolve "slurmctl01"
[2026-07-22T04:07:27.327] error: _xgetaddrinfo: getaddrinfo(slurmctl02:6817) failed: System error: Device or resource busy
[2026-07-22T04:07:27.327] error: slurm_set_addr: Unable to resolve "slurmctl02"
[2026-07-22T04:07:52.335] error: _xgetaddrinfo: getaddrinfo(slurmctl01:6817) failed: System error: Device or resource busy
[2026-07-22T04:07:52.335] error: slurm_set_addr: Unable to resolve "slurmctl01"
[2026-07-22T04:07:52.340] error: _xgetaddrinfo: getaddrinfo(slurmctl02:6817) failed: System error: Device or resource busy
[2026-07-22T04:07:52.341] error: slurm_set_addr: Unable to resolve "slurmctl02"
[2026-07-22T04:08:17.348] error: _xgetaddrinfo: getaddrinfo(slurmctl01:6817) failed: System error: Device or resource busy
[2026-07-22T04:08:17.348] error: slurm_set_addr: Unable to resolve "slurmctl01"
[2026-07-22T04:08:17.353] error: _xgetaddrinfo: getaddrinfo(slurmctl02:6817) failed: System error: Device or resource busy
[2026-07-22T04:08:17.354] error: slurm_set_addr: Unable to resolve "slurmctl02"
[2026-07-22T04:08:42.361] error: _xgetaddrinfo: getaddrinfo(slurmctl01:6817) failed: System error: Device or resource busy
[2026-07-22T04:08:42.361] error: slurm_set_addr: Unable to resolve "slurmctl01"
[2026-07-22T04:08:42.366] error: _xgetaddrinfo: getaddrinfo(slurmctl02:6817) failed: System error: Device or resource busy
[2026-07-22T04:08:42.366] error: slurm_set_addr: Unable to resolve "slurmctl02"
[2026-07-22T04:09:07.374] error: _xgetaddrinfo: getaddrinfo(slurmctl01:6817) failed: System error: Device or resource busy
[2026-07-22T04:09:07.374] error: slurm_set_addr: Unable to resolve "slurmctl01"
[2026-07-22T04:09:07.380] error: _xgetaddrinfo: getaddrinfo(slurmctl02:6817) failed: System error: Device or resource busy
[2026-07-22T04:09:07.380] error: slurm_set_addr: Unable to resolve "slurmctl02"
[2026-07-22T04:09:32.387] error: _xgetaddrinfo: getaddrinfo(slurmctl01:6817) failed: System error: Device or resource busy
[2026-07-22T04:09:32.388] error: slurm_set_addr: Unable to resolve "slurmctl01"
[2026-07-22T04:09:32.393] error: _xgetaddrinfo: getaddrinfo(slurmctl02:6817) failed: System error: Device or resource busy
[2026-07-22T04:09:32.393] error: slurm_set_addr: Unable to resolve "slurmctl02"
[2026-07-22T04:09:57.401] error: _xgetaddrinfo: getaddrinfo(slurmctl01:6817) failed: System error: Device or resource busy
[2026-07-22T04:09:57.401] error: slurm_set_addr: Unable to resolve "slurmctl01"
[2026-07-22T04:09:57.407] error: _xgetaddrinfo: getaddrinfo(slurmctl02:6817) failed: System error: Device or resource busy
[2026-07-22T04:09:57.407] error: slurm_set_addr: Unable to resolve "slurmctl02"
[2026-07-22T04:10:22.414] error: _xgetaddrinfo: getaddrinfo(slurmctl01:6817) failed: System error: Device or resource busy
[2026-07-22T04:10:22.414] error: slurm_set_addr: Unable to resolve "slurmctl01"
[2026-07-22T04:10:22.420] error: _xgetaddrinfo: getaddrinfo(slurmctl02:6817) failed: System error: Device or resource busy
[2026-07-22T04:10:22.420] error: slurm_set_addr: Unable to resolve "slurmctl02"
[2026-07-22T04:10:47.428] error: _xgetaddrinfo: getaddrinfo(slurmctl01:6817) failed: System error: Device or resource busy
[2026-07-22T04:10:47.428] error: slurm_set_addr: Unable to resolve "slurmctl01"
[2026-07-22T04:10:47.433] error: _xgetaddrinfo: getaddrinfo(slurmctl02:6817) failed: System error: Device or resource busy
[2026-07-22T04:10:47.433] error: slurm_set_addr: Unable to resolve "slurmctl02"
[2026-07-22T04:11:12.440] error: _xgetaddrinfo: getaddrinfo(slurmctl01:6817) failed: System error: Device or resource busy
[2026-07-22T04:11:12.441] error: slurm_set_addr: Unable to resolve "slurmctl01"
[2026-07-22T04:11:12.446] error: _xgetaddrinfo: getaddrinfo(slurmctl02:6817) failed: System error: Device or resource busy
[2026-07-22T04:11:12.446] error: slurm_set_addr: Unable to resolve "slurmctl02"
[2026-07-22T04:11:37.453] error: _xgetaddrinfo: getaddrinfo(slurmctl01:6817) failed: System error: Device or resource busy
[2026-07-22T04:11:37.454] error: slurm_set_addr: Unable to resolve "slurmctl01"
[2026-07-22T04:11:37.459] error: _xgetaddrinfo: getaddrinfo(slurmctl02:6817) failed: System error: Device or resource busy
[2026-07-22T04:11:37.459] error: slurm_set_addr: Unable to resolve "slurmctl02"
[2026-07-22T04:12:02.467] error: _xgetaddrinfo: getaddrinfo(slurmctl01:6817) failed: System error: Device or resource busy
[2026-07-22T04:12:02.467] error: slurm_set_addr: Unable to resolve "slurmctl01"
[2026-07-22T04:12:02.473] error: _xgetaddrinfo: getaddrinfo(slurmctl02:6817) failed: System error: Device or resource busy
[2026-07-22T04:12:02.473] error: slurm_set_addr: Unable to resolve "slurmctl02"
[2026-07-22T04:12:27.481] error: _xgetaddrinfo: getaddrinfo(slurmctl01:6817) failed: System error: Device or resource busy
[2026-07-22T04:12:27.481] error: slurm_set_addr: Unable to resolve "slurmctl01"
[2026-07-22T04:12:27.487] error: _xgetaddrinfo: getaddrinfo(slurmctl02:6817) failed: System error: Device or resource busy
[2026-07-22T04:12:27.487] error: slurm_set_addr: Unable to resolve "slurmctl02"
[2026-07-22T04:12:52.495] error: _xgetaddrinfo: getaddrinfo(slurmctl01:6817) failed: System error: Device or resource busy
[2026-07-22T04:12:52.495] error: slurm_set_addr: Unable to resolve "slurmctl01"
[2026-07-22T04:12:52.501] error: _xgetaddrinfo: getaddrinfo(slurmctl02:6817) failed: System error: Device or resource busy
[2026-07-22T04:12:52.501] error: slurm_set_addr: Unable to resolve "slurmctl02"
[2026-07-22T04:13:17.508] error: _xgetaddrinfo: getaddrinfo(slurmctl01:6817) failed: System error: Device or resource busy
[2026-07-22T04:13:17.508] error: slurm_set_addr: Unable to resolve "slurmctl01"
[2026-07-22T04:13:17.514] error: _xgetaddrinfo: getaddrinfo(slurmctl02:6817) failed: System error: Device or resource busy
[2026-07-22T04:13:17.514] error: slurm_set_addr: Unable to resolve "slurmctl02"
[2026-07-22T04:13:42.522] error: _xgetaddrinfo: getaddrinfo(slurmctl01:6817) failed: System error: Device or resource busy
[2026-07-22T04:13:42.522] error: slurm_set_addr: Unable to resolve "slurmctl01"
[2026-07-22T04:13:42.527] error: _xgetaddrinfo: getaddrinfo(slurmctl02:6817) failed: System error: Device or resource busy
[2026-07-22T04:13:42.527] error: slurm_set_addr: Unable to resolve "slurmctl02"
[2026-07-22T04:14:07.534] error: _xgetaddrinfo: getaddrinfo(slurmctl01:6817) failed: System error: Device or resource busy
[2026-07-22T04:14:07.534] error: slurm_set_addr: Unable to resolve "slurmctl01"
[2026-07-22T04:14:07.540] error: _xgetaddrinfo: getaddrinfo(slurmctl02:6817) failed: System error: Device or resource busy
[2026-07-22T04:14:07.540] error: slurm_set_addr: Unable to resolve "slurmctl02"
[2026-07-22T04:14:32.548] error: _xgetaddrinfo: getaddrinfo(slurmctl01:6817) failed: System error: Device or resource busy
[2026-07-22T04:14:32.548] error: slurm_set_addr: Unable to resolve "slurmctl01"
[2026-07-22T04:14:32.553] error: _xgetaddrinfo: getaddrinfo(slurmctl02:6817) failed: System error: Device or resource busy
[2026-07-22T04:14:32.553] error: slurm_set_addr: Unable to resolve "slurmctl02"
[2026-07-22T04:14:57.560] error: _xgetaddrinfo: getaddrinfo(slurmctl01:6817) failed: System error: Device or resource busy
[2026-07-22T04:14:57.561] error: slurm_set_addr: Unable to resolve "slurmctl01"
[2026-07-22T04:14:57.566] error: _xgetaddrinfo: getaddrinfo(slurmctl02:6817) failed: System error: Device or resource busy
[2026-07-22T04:14:57.566] error: slurm_set_addr: Unable to resolve "slurmctl02"
[2026-07-22T04:15:22.573] error: _xgetaddrinfo: getaddrinfo(slurmctl01:6817) failed: System error: Device or resource busy
[2026-07-22T04:15:22.574] error: slurm_set_addr: Unable to resolve "slurmctl01"
[2026-07-22T04:15:22.579] error: _xgetaddrinfo: getaddrinfo(slurmctl02:6817) failed: System error: Device or resource busy
[2026-07-22T04:15:22.579] error: slurm_set_addr: Unable to resolve "slurmctl02"
[2026-07-22T04:15:47.586] error: _xgetaddrinfo: getaddrinfo(slurmctl01:6817) failed: System error: Device or resource busy
[2026-07-22T04:15:47.586] error: slurm_set_addr: Unable to resolve "slurmctl01"
[2026-07-22T04:15:47.592] error: _xgetaddrinfo: getaddrinfo(slurmctl02:6817) failed: System error: Device or resource busy
[2026-07-22T04:15:47.592] error: slurm_set_addr: Unable to resolve "slurmctl02"
[2026-07-22T04:16:12.599] error: _xgetaddrinfo: getaddrinfo(slurmctl01:6817) failed: System error: Device or resource busy
[2026-07-22T04:16:12.599] error: slurm_set_addr: Unable to resolve "slurmctl01"
[2026-07-22T04:16:12.605] error: _xgetaddrinfo: getaddrinfo(slurmctl02:6817) failed: System error: Device or resource busy
[2026-07-22T04:16:12.605] error: slurm_set_addr: Unable to resolve "slurmctl02"
[2026-07-22T04:16:37.612] error: _xgetaddrinfo: getaddrinfo(slurmctl01:6817) failed: System error: Device or resource busy
[2026-07-22T04:16:37.612] error: slurm_set_addr: Unable to resolve "slurmctl01"
[2026-07-22T04:16:37.618] error: _xgetaddrinfo: getaddrinfo(slurmctl02:6817) failed: System error: Device or resource busy
[2026-07-22T04:16:37.618] error: slurm_set_addr: Unable to resolve "slurmctl02"
[2026-07-22T04:17:02.626] error: _xgetaddrinfo: getaddrinfo(slurmctl01:6817) failed: System error: Device or resource busy
[2026-07-22T04:17:02.626] error: slurm_set_addr: Unable to resolve "slurmctl01"
[2026-07-22T04:17:02.632] error: _xgetaddrinfo: getaddrinfo(slurmctl02:6817) failed: System error: Device or resource busy
[2026-07-22T04:17:02.632] error: slurm_set_addr: Unable to resolve "slurmctl02"
[2026-07-22T04:17:27.639] error: _xgetaddrinfo: getaddrinfo(slurmctl01:6817) failed: System error: Device or resource busy
[2026-07-22T04:17:27.639] error: slurm_set_addr: Unable to resolve "slurmctl01"
[2026-07-22T04:17:27.645] error: _xgetaddrinfo: getaddrinfo(slurmctl02:6817) failed: System error: Device or resource busy
[2026-07-22T04:17:27.645] error: slurm_set_addr: Unable to resolve "slurmctl02"
[2026-07-22T04:17:52.652] error: _xgetaddrinfo: getaddrinfo(slurmctl01:6817) failed: System error: Device or resource busy
[2026-07-22T04:17:52.652] error: slurm_set_addr: Unable to resolve "slurmctl01"
[2026-07-22T04:17:52.658] error: _xgetaddrinfo: getaddrinfo(slurmctl02:6817) failed: System error: Device or resource busy
[2026-07-22T04:17:52.658] error: slurm_set_addr: Unable to resolve "slurmctl02"
[2026-07-22T04:18:17.666] error: _xgetaddrinfo: getaddrinfo(slurmctl01:6817) failed: System error: Device or resource busy
[2026-07-22T04:18:17.666] error: slurm_set_addr: Unable to resolve "slurmctl01"
[2026-07-22T04:18:17.672] error: _xgetaddrinfo: getaddrinfo(slurmctl02:6817) failed: System error: Device or resource busy
[2026-07-22T04:18:17.672] error: slurm_set_addr: Unable to resolve "slurmctl02"
[2026-07-22T04:18:42.680] error: _xgetaddrinfo: getaddrinfo(slurmctl01:6817) failed: System error: Device or resource busy
[2026-07-22T04:18:42.680] error: slurm_set_addr: Unable to resolve "slurmctl01"
[2026-07-22T04:18:42.685] error: _xgetaddrinfo: getaddrinfo(slurmctl02:6817) failed: System error: Device or resource busy
[2026-07-22T04:18:42.685] error: slurm_set_addr: Unable to resolve "slurmctl02"
[2026-07-22T04:19:07.693] error: _xgetaddrinfo: getaddrinfo(slurmctl01:6817) failed: System error: Device or resource busy
[2026-07-22T04:19:07.693] error: slurm_set_addr: Unable to resolve "slurmctl01"
[2026-07-22T04:19:07.699] error: _xgetaddrinfo: getaddrinfo(slurmctl02:6817) failed: System error: Device or resource busy
[2026-07-22T04:19:07.699] error: slurm_set_addr: Unable to resolve "slurmctl02"
[2026-07-22T04:19:32.706] error: _xgetaddrinfo: getaddrinfo(slurmctl01:6817) failed: System error: Device or resource busy
[2026-07-22T04:19:32.707] error: slurm_set_addr: Unable to resolve "slurmctl01"
[2026-07-22T04:19:32.712] error: _xgetaddrinfo: getaddrinfo(slurmctl02:6817) failed: System error: Device or resource busy
[2026-07-22T04:19:32.712] error: slurm_set_addr: Unable to resolve "slurmctl02"
[2026-07-22T04:19:57.719] error: _xgetaddrinfo: getaddrinfo(slurmctl01:6817) failed: System error: Device or resource busy
[2026-07-22T04:19:57.720] error: slurm_set_addr: Unable to resolve "slurmctl01"
[2026-07-22T04:19:57.725] error: _xgetaddrinfo: getaddrinfo(slurmctl02:6817) failed: System error: Device or resource busy
[2026-07-22T04:19:57.725] error: slurm_set_addr: Unable to resolve "slurmctl02"
[2026-07-22T04:20:22.732] error: _xgetaddrinfo: getaddrinfo(slurmctl01:6817) failed: System error: Device or resource busy
[2026-07-22T04:20:22.732] error: slurm_set_addr: Unable to resolve "slurmctl01"
[2026-07-22T04:20:22.738] error: _xgetaddrinfo: getaddrinfo(slurmctl02:6817) failed: System error: Device or resource busy
[2026-07-22T04:20:22.738] error: slurm_set_addr: Unable to resolve "slurmctl02"
[2026-07-22T04:20:47.750] error: _xgetaddrinfo: getaddrinfo(slurmctl01:6817) failed: System error: Device or resource busy
[2026-07-22T04:20:47.750] error: slurm_set_addr: Unable to resolve "slurmctl01"
[2026-07-22T04:20:47.755] error: _xgetaddrinfo: getaddrinfo(slurmctl02:6817) failed: System error: Device or resource busy
[2026-07-22T04:20:47.755] error: slurm_set_addr: Unable to resolve "slurmctl02"
[2026-07-22T04:21:12.763] error: _xgetaddrinfo: getaddrinfo(slurmctl01:6817) failed: System error: Device or resource busy
[2026-07-22T04:21:12.763] error: slurm_set_addr: Unable to resolve "slurmctl01"
[2026-07-22T04:21:12.769] error: _xgetaddrinfo: getaddrinfo(slurmctl02:6817) failed: System error: Device or resource busy
[2026-07-22T04:21:12.769] error: slurm_set_addr: Unable to resolve "slurmctl02"
[2026-07-22T04:21:37.776] error: _xgetaddrinfo: getaddrinfo(slurmctl01:6817) failed: System error: Device or resource busy
[2026-07-22T04:21:37.777] error: slurm_set_addr: Unable to resolve "slurmctl01"
[2026-07-22T04:21:37.782] error: _xgetaddrinfo: getaddrinfo(slurmctl02:6817) failed: System error: Device or resource busy
[2026-07-22T04:21:37.782] error: slurm_set_addr: Unable to resolve "slurmctl02"
[2026-07-22T04:22:02.790] error: _xgetaddrinfo: getaddrinfo(slurmctl01:6817) failed: System error: Device or resource busy
[2026-07-22T04:22:02.790] error: slurm_set_addr: Unable to resolve "slurmctl01"
[2026-07-22T04:22:02.796] error: _xgetaddrinfo: getaddrinfo(slurmctl02:6817) failed: System error: Device or resource busy
[2026-07-22T04:22:02.796] error: slurm_set_addr: Unable to resolve "slurmctl02"
[2026-07-22T04:22:27.804] error: _xgetaddrinfo: getaddrinfo(slurmctl01:6817) failed: System error: Device or resource busy
[2026-07-22T04:22:27.804] error: slurm_set_addr: Unable to resolve "slurmctl01"
[2026-07-22T04:22:27.810] error: _xgetaddrinfo: getaddrinfo(slurmctl02:6817) failed: System error: Device or resource busy
[2026-07-22T04:22:27.810] error: slurm_set_addr: Unable to resolve "slurmctl02"
[2026-07-22T04:22:52.818] error: _xgetaddrinfo: getaddrinfo(slurmctl01:6817) failed: System error: Device or resource busy
[2026-07-22T04:22:52.818] error: slurm_set_addr: Unable to resolve "slurmctl01"
[2026-07-22T04:22:52.824] error: _xgetaddrinfo: getaddrinfo(slurmctl02:6817) failed: System error: Device or resource busy
[2026-07-22T04:22:52.824] error: slurm_set_addr: Unable to resolve "slurmctl02"
[2026-07-22T04:23:17.832] error: _xgetaddrinfo: getaddrinfo(slurmctl01:6817) failed: System error: Device or resource busy
[2026-07-22T04:23:17.832] error: slurm_set_addr: Unable to resolve "slurmctl01"
[2026-07-22T04:23:17.838] error: _xgetaddrinfo: getaddrinfo(slurmctl02:6817) failed: System error: Device or resource busy
[2026-07-22T04:23:17.838] error: slurm_set_addr: Unable to resolve "slurmctl02"
[2026-07-22T04:23:42.846] error: _xgetaddrinfo: getaddrinfo(slurmctl01:6817) failed: System error: Device or resource busy
[2026-07-22T04:23:42.847] error: slurm_set_addr: Unable to resolve "slurmctl01"
[2026-07-22T04:23:42.852] error: _xgetaddrinfo: getaddrinfo(slurmctl02:6817) failed: System error: Device or resource busy
[2026-07-22T04:23:42.852] error: slurm_set_addr: Unable to resolve "slurmctl02"
[2026-07-22T04:24:07.860] error: _xgetaddrinfo: getaddrinfo(slurmctl01:6817) failed: System error: Device or resource busy
[2026-07-22T04:24:07.860] error: slurm_set_addr: Unable to resolve "slurmctl01"
[2026-07-22T04:24:07.866] error: _xgetaddrinfo: getaddrinfo(slurmctl02:6817) failed: System error: Device or resource busy
[2026-07-22T04:24:07.866] error: slurm_set_addr: Unable to resolve "slurmctl02"
[2026-07-22T04:24:32.874] error: _xgetaddrinfo: getaddrinfo(slurmctl01:6817) failed: System error: Device or resource busy
[2026-07-22T04:24:32.875] error: slurm_set_addr: Unable to resolve "slurmctl01"
[2026-07-22T04:24:32.880] error: _xgetaddrinfo: getaddrinfo(slurmctl02:6817) failed: System error: Device or resource busy
[2026-07-22T04:24:32.881] error: slurm_set_addr: Unable to resolve "slurmctl02"
[2026-07-22T04:24:57.889] error: _xgetaddrinfo: getaddrinfo(slurmctl01:6817) failed: System error: Device or resource busy
[2026-07-22T04:24:57.889] error: slurm_set_addr: Unable to resolve "slurmctl01"
[2026-07-22T04:24:57.894] error: _xgetaddrinfo: getaddrinfo(slurmctl02:6817) failed: System error: Device or resource busy
[2026-07-22T04:24:57.894] error: slurm_set_addr: Unable to resolve "slurmctl02"
[2026-07-22T04:25:22.902] error: _xgetaddrinfo: getaddrinfo(slurmctl01:6817) failed: System error: Device or resource busy
[2026-07-22T04:25:22.902] error: slurm_set_addr: Unable to resolve "slurmctl01"
[2026-07-22T04:25:22.908] error: _xgetaddrinfo: getaddrinfo(slurmctl02:6817) failed: System error: Device or resource busy
[2026-07-22T04:25:22.908] error: slurm_set_addr: Unable to resolve "slurmctl02"
[2026-07-22T04:25:47.916] error: _xgetaddrinfo: getaddrinfo(slurmctl01:6817) failed: System error: Device or resource busy
[2026-07-22T04:25:47.916] error: slurm_set_addr: Unable to resolve "slurmctl01"
[2026-07-22T04:25:47.922] error: _xgetaddrinfo: getaddrinfo(slurmctl02:6817) failed: System error: Device or resource busy
[2026-07-22T04:25:47.922] error: slurm_set_addr: Unable to resolve "slurmctl02"
[2026-07-22T04:26:12.930] error: _xgetaddrinfo: getaddrinfo(slurmctl01:6817) failed: System error: Device or resource busy
[2026-07-22T04:26:12.931] error: slurm_set_addr: Unable to resolve "slurmctl01"
[2026-07-22T04:26:12.936] error: _xgetaddrinfo: getaddrinfo(slurmctl02:6817) failed: System error: Device or resource busy
[2026-07-22T04:26:12.936] error: slurm_set_addr: Unable to resolve "slurmctl02"
[2026-07-22T04:26:37.944] error: _xgetaddrinfo: getaddrinfo(slurmctl01:6817) failed: System error: Device or resource busy
[2026-07-22T04:26:37.945] error: slurm_set_addr: Unable to resolve "slurmctl01"
[2026-07-22T04:26:37.950] error: _xgetaddrinfo: getaddrinfo(slurmctl02:6817) failed: System error: Device or resource busy
[2026-07-22T04:26:37.951] error: slurm_set_addr: Unable to resolve "slurmctl02"
[2026-07-22T04:27:02.959] error: _xgetaddrinfo: getaddrinfo(slurmctl01:6817) failed: System error: Device or resource busy
[2026-07-22T04:27:02.959] error: slurm_set_addr: Unable to resolve "slurmctl01"
[2026-07-22T04:27:02.965] error: _xgetaddrinfo: getaddrinfo(slurmctl02:6817) failed: System error: Device or resource busy
[2026-07-22T04:27:02.965] error: slurm_set_addr: Unable to resolve "slurmctl02"
[2026-07-22T04:27:27.972] error: _xgetaddrinfo: getaddrinfo(slurmctl01:6817) failed: System error: Device or resource busy
[2026-07-22T04:27:27.973] error: slurm_set_addr: Unable to resolve "slurmctl01"
[2026-07-22T04:27:27.978] error: _xgetaddrinfo: getaddrinfo(slurmctl02:6817) failed: System error: Device or resource busy
[2026-07-22T04:27:27.978] error: slurm_set_addr: Unable to resolve "slurmctl02"
[2026-07-22T04:27:52.986] error: _xgetaddrinfo: getaddrinfo(slurmctl01:6817) failed: System error: Device or resource busy
[2026-07-22T04:27:52.986] error: slurm_set_addr: Unable to resolve "slurmctl01"
[2026-07-22T04:27:52.992] error: _xgetaddrinfo: getaddrinfo(slurmctl02:6817) failed: System error: Device or resource busy
[2026-07-22T04:27:52.992] error: slurm_set_addr: Unable to resolve "slurmctl02"
[2026-07-22T04:28:17.999] error: _xgetaddrinfo: getaddrinfo(slurmctl01:6817) failed: System error: Device or resource busy
[2026-07-22T04:28:17.999] error: slurm_set_addr: Unable to resolve "slurmctl01"
[2026-07-22T04:28:18.005] error: _xgetaddrinfo: getaddrinfo(slurmctl02:6817) failed: System error: Device or resource busy
[2026-07-22T04:28:18.005] error: slurm_set_addr: Unable to resolve "slurmctl02"
[2026-07-22T04:28:43.013] error: _xgetaddrinfo: getaddrinfo(slurmctl01:6817) failed: System error: Device or resource busy
[2026-07-22T04:28:43.013] error: slurm_set_addr: Unable to resolve "slurmctl01"
[2026-07-22T04:28:43.018] error: _xgetaddrinfo: getaddrinfo(slurmctl02:6817) failed: System error: Device or resource busy
[2026-07-22T04:28:43.018] error: slurm_set_addr: Unable to resolve "slurmctl02"
[2026-07-22T04:29:08.027] error: _xgetaddrinfo: getaddrinfo(slurmctl01:6817) failed: System error: Device or resource busy
[2026-07-22T04:29:08.027] error: slurm_set_addr: Unable to resolve "slurmctl01"
[2026-07-22T04:29:08.032] error: _xgetaddrinfo: getaddrinfo(slurmctl02:6817) failed: System error: Device or resource busy
[2026-07-22T04:29:08.032] error: slurm_set_addr: Unable to resolve "slurmctl02"
[2026-07-22T04:29:33.040] error: _xgetaddrinfo: getaddrinfo(slurmctl01:6817) failed: System error: Device or resource busy
[2026-07-22T04:29:33.040] error: slurm_set_addr: Unable to resolve "slurmctl01"
[2026-07-22T04:29:33.046] error: _xgetaddrinfo: getaddrinfo(slurmctl02:6817) failed: System error: Device or resource busy
[2026-07-22T04:29:33.046] error: slurm_set_addr: Unable to resolve "slurmctl02"
[2026-07-22T04:29:58.053] error: _xgetaddrinfo: getaddrinfo(slurmctl01:6817) failed: System error: Device or resource busy
[2026-07-22T04:29:58.053] error: slurm_set_addr: Unable to resolve "slurmctl01"
[2026-07-22T04:29:58.058] error: _xgetaddrinfo: getaddrinfo(slurmctl02:6817) failed: System error: Device or resource busy
[2026-07-22T04:29:58.059] error: slurm_set_addr: Unable to resolve "slurmctl02"
[2026-07-22T04:30:23.067] error: _xgetaddrinfo: getaddrinfo(slurmctl01:6817) failed: System error: Device or resource busy
[2026-07-22T04:30:23.067] error: slurm_set_addr: Unable to resolve "slurmctl01"
[2026-07-22T04:30:23.072] error: _xgetaddrinfo: getaddrinfo(slurmctl02:6817) failed: System error: Device or resource busy
[2026-07-22T04:30:23.073] error: slurm_set_addr: Unable to resolve "slurmctl02"
[2026-07-22T04:30:48.080] error: _xgetaddrinfo: getaddrinfo(slurmctl01:6817) failed: System error: Device or resource busy
[2026-07-22T04:30:48.080] error: slurm_set_addr: Unable to resolve "slurmctl01"
[2026-07-22T04:30:48.086] error: _xgetaddrinfo: getaddrinfo(slurmctl02:6817) failed: System error: Device or resource busy
[2026-07-22T04:30:48.086] error: slurm_set_addr: Unable to resolve "slurmctl02"
[2026-07-22T04:31:13.093] error: _xgetaddrinfo: getaddrinfo(slurmctl01:6817) failed: System error: Device or resource busy
[2026-07-22T04:31:13.093] error: slurm_set_addr: Unable to resolve "slurmctl01"
[2026-07-22T04:31:13.099] error: _xgetaddrinfo: getaddrinfo(slurmctl02:6817) failed: System error: Device or resource busy
[2026-07-22T04:31:13.099] error: slurm_set_addr: Unable to resolve "slurmctl02"
[2026-07-22T04:31:38.106] error: _xgetaddrinfo: getaddrinfo(slurmctl01:6817) failed: System error: Device or resource busy
[2026-07-22T04:31:38.107] error: slurm_set_addr: Unable to resolve "slurmctl01"
[2026-07-22T04:31:38.112] error: _xgetaddrinfo: getaddrinfo(slurmctl02:6817) failed: System error: Device or resource busy
[2026-07-22T04:31:38.112] error: slurm_set_addr: Unable to resolve "slurmctl02"
[2026-07-22T04:32:03.129] error: _xgetaddrinfo: getaddrinfo(slurmctl01:6817) failed: System error: Device or resource busy
[2026-07-22T04:32:03.129] error: slurm_set_addr: Unable to resolve "slurmctl01"
[2026-07-22T04:32:03.134] error: _xgetaddrinfo: getaddrinfo(slurmctl02:6817) failed: System error: Device or resource busy
[2026-07-22T04:32:03.134] error: slurm_set_addr: Unable to resolve "slurmctl02"
[2026-07-22T04:32:28.142] error: _xgetaddrinfo: getaddrinfo(slurmctl01:6817) failed: System error: Device or resource busy
[2026-07-22T04:32:28.142] error: slurm_set_addr: Unable to resolve "slurmctl01"
[2026-07-22T04:32:28.147] error: _xgetaddrinfo: getaddrinfo(slurmctl02:6817) failed: System error: Device or resource busy
[2026-07-22T04:32:28.148] error: slurm_set_addr: Unable to resolve "slurmctl02"
[2026-07-22T04:32:53.155] error: _xgetaddrinfo: getaddrinfo(slurmctl01:6817) failed: System error: Device or resource busy
[2026-07-22T04:32:53.156] error: slurm_set_addr: Unable to resolve "slurmctl01"
[2026-07-22T04:32:53.162] error: _xgetaddrinfo: getaddrinfo(slurmctl02:6817) failed: System error: Device or resource busy
[2026-07-22T04:32:53.162] error: slurm_set_addr: Unable to resolve "slurmctl02"
[2026-07-22T04:33:18.170] error: _xgetaddrinfo: getaddrinfo(slurmctl01:6817) failed: System error: Device or resource busy
[2026-07-22T04:33:18.170] error: slurm_set_addr: Unable to resolve "slurmctl01"
[2026-07-22T04:33:18.176] error: _xgetaddrinfo: getaddrinfo(slurmctl02:6817) failed: System error: Device or resource busy
[2026-07-22T04:33:18.176] error: slurm_set_addr: Unable to resolve "slurmctl02"
[2026-07-22T04:33:43.183] error: _xgetaddrinfo: getaddrinfo(slurmctl01:6817) failed: System error: Device or resource busy
[2026-07-22T04:33:43.184] error: slurm_set_addr: Unable to resolve "slurmctl01"
[2026-07-22T04:33:43.189] error: _xgetaddrinfo: getaddrinfo(slurmctl02:6817) failed: System error: Device or resource busy
[2026-07-22T04:33:43.189] error: slurm_set_addr: Unable to resolve "slurmctl02"
[2026-07-22T04:34:08.197] error: _xgetaddrinfo: getaddrinfo(slurmctl01:6817) failed: System error: Device or resource busy
[2026-07-22T04:34:08.197] error: slurm_set_addr: Unable to resolve "slurmctl01"
[2026-07-22T04:34:08.201] error: _xgetaddrinfo: getaddrinfo(slurmctl02:6817) failed: System error: Device or resource busy
[2026-07-22T04:34:08.202] error: slurm_set_addr: Unable to resolve "slurmctl02"
[2026-07-22T04:34:33.210] error: _xgetaddrinfo: getaddrinfo(slurmctl01:6817) failed: System error: Device or resource busy
[2026-07-22T04:34:33.210] error: slurm_set_addr: Unable to resolve "slurmctl01"
[2026-07-22T04:34:33.215] error: _xgetaddrinfo: getaddrinfo(slurmctl02:6817) failed: System error: Device or resource busy
[2026-07-22T04:34:33.215] error: slurm_set_addr: Unable to resolve "slurmctl02"
[2026-07-22T04:34:58.223] error: _xgetaddrinfo: getaddrinfo(slurmctl01:6817) failed: System error: Device or resource busy
[2026-07-22T04:34:58.223] error: slurm_set_addr: Unable to resolve "slurmctl01"
[2026-07-22T04:34:58.229] error: _xgetaddrinfo: getaddrinfo(slurmctl02:6817) failed: System error: Device or resource busy
[2026-07-22T04:34:58.229] error: slurm_set_addr: Unable to resolve "slurmctl02"
[2026-07-22T04:35:23.236] error: _xgetaddrinfo: getaddrinfo(slurmctl01:6817) failed: System error: Device or resource busy
[2026-07-22T04:35:23.237] error: slurm_set_addr: Unable to resolve "slurmctl01"
[2026-07-22T04:35:23.242] error: _xgetaddrinfo: getaddrinfo(slurmctl02:6817) failed: System error: Device or resource busy
[2026-07-22T04:35:23.242] error: slurm_set_addr: Unable to resolve "slurmctl02"
[2026-07-22T04:35:48.250] error: _xgetaddrinfo: getaddrinfo(slurmctl01:6817) failed: System error: Device or resource busy
[2026-07-22T04:35:48.251] error: slurm_set_addr: Unable to resolve "slurmctl01"
[2026-07-22T04:35:48.256] error: _xgetaddrinfo: getaddrinfo(slurmctl02:6817) failed: System error: Device or resource busy
[2026-07-22T04:35:48.256] error: slurm_set_addr: Unable to resolve "slurmctl02"
[2026-07-22T04:36:13.264] error: _xgetaddrinfo: getaddrinfo(slurmctl01:6817) failed: System error: Device or resource busy
[2026-07-22T04:36:13.264] error: slurm_set_addr: Unable to resolve "slurmctl01"
[2026-07-22T04:36:13.270] error: _xgetaddrinfo: getaddrinfo(slurmctl02:6817) failed: System error: Device or resource busy
[2026-07-22T04:36:13.270] error: slurm_set_addr: Unable to resolve "slurmctl02"
[2026-07-22T04:36:38.278] error: _xgetaddrinfo: getaddrinfo(slurmctl01:6817) failed: System error: Device or resource busy
[2026-07-22T04:36:38.278] error: slurm_set_addr: Unable to resolve "slurmctl01"
[2026-07-22T04:36:38.284] error: _xgetaddrinfo: getaddrinfo(slurmctl02:6817) failed: System error: Device or resource busy
[2026-07-22T04:36:38.284] error: slurm_set_addr: Unable to resolve "slurmctl02"
[2026-07-22T04:37:03.291] error: _xgetaddrinfo: getaddrinfo(slurmctl01:6817) failed: System error: Device or resource busy
[2026-07-22T04:37:03.292] error: slurm_set_addr: Unable to resolve "slurmctl01"
[2026-07-22T04:37:03.297] error: _xgetaddrinfo: getaddrinfo(slurmctl02:6817) failed: System error: Device or resource busy
[2026-07-22T04:37:03.298] error: slurm_set_addr: Unable to resolve "slurmctl02"
[2026-07-22T04:37:28.306] error: _xgetaddrinfo: getaddrinfo(slurmctl01:6817) failed: System error: Device or resource busy
[2026-07-22T04:37:28.306] error: slurm_set_addr: Unable to resolve "slurmctl01"
[2026-07-22T04:37:28.312] error: _xgetaddrinfo: getaddrinfo(slurmctl02:6817) failed: System error: Device or resource busy
[2026-07-22T04:37:28.312] error: slurm_set_addr: Unable to resolve "slurmctl02"
[2026-07-22T04:37:53.320] error: _xgetaddrinfo: getaddrinfo(slurmctl01:6817) failed: System error: Device or resource busy
[2026-07-22T04:37:53.320] error: slurm_set_addr: Unable to resolve "slurmctl01"
[2026-07-22T04:37:53.325] error: _xgetaddrinfo: getaddrinfo(slurmctl02:6817) failed: System error: Device or resource busy
[2026-07-22T04:37:53.325] error: slurm_set_addr: Unable to resolve "slurmctl02"
[2026-07-22T04:38:18.333] error: _xgetaddrinfo: getaddrinfo(slurmctl01:6817) failed: System error: Device or resource busy
[2026-07-22T04:38:18.333] error: slurm_set_addr: Unable to resolve "slurmctl01"
[2026-07-22T04:38:18.340] error: _xgetaddrinfo: getaddrinfo(slurmctl02:6817) failed: System error: Device or resource busy
[2026-07-22T04:38:18.340] error: slurm_set_addr: Unable to resolve "slurmctl02"
[2026-07-22T04:38:43.348] error: _xgetaddrinfo: getaddrinfo(slurmctl01:6817) failed: System error: Device or resource busy
[2026-07-22T04:38:43.348] error: slurm_set_addr: Unable to resolve "slurmctl01"
[2026-07-22T04:38:43.353] error: _xgetaddrinfo: getaddrinfo(slurmctl02:6817) failed: System error: Device or resource busy
[2026-07-22T04:38:43.353] error: slurm_set_addr: Unable to resolve "slurmctl02"
[2026-07-22T04:39:08.361] error: _xgetaddrinfo: getaddrinfo(slurmctl01:6817) failed: System error: Device or resource busy
[2026-07-22T04:39:08.361] error: slurm_set_addr: Unable to resolve "slurmctl01"
[2026-07-22T04:39:08.367] error: _xgetaddrinfo: getaddrinfo(slurmctl02:6817) failed: System error: Device or resource busy
[2026-07-22T04:39:08.367] error: slurm_set_addr: Unable to resolve "slurmctl02"
[2026-07-22T04:39:33.375] error: _xgetaddrinfo: getaddrinfo(slurmctl01:6817) failed: System error: Device or resource busy
[2026-07-22T04:39:33.375] error: slurm_set_addr: Unable to resolve "slurmctl01"
[2026-07-22T04:39:33.380] error: _xgetaddrinfo: getaddrinfo(slurmctl02:6817) failed: System error: Device or resource busy
[2026-07-22T04:39:33.380] error: slurm_set_addr: Unable to resolve "slurmctl02"
[2026-07-22T04:39:58.387] error: _xgetaddrinfo: getaddrinfo(slurmctl01:6817) failed: System error: Device or resource busy
[2026-07-22T04:39:58.388] error: slurm_set_addr: Unable to resolve "slurmctl01"
[2026-07-22T04:39:58.393] error: _xgetaddrinfo: getaddrinfo(slurmctl02:6817) failed: System error: Device or resource busy
[2026-07-22T04:39:58.393] error: slurm_set_addr: Unable to resolve "slurmctl02"
[2026-07-22T04:40:23.401] error: _xgetaddrinfo: getaddrinfo(slurmctl01:6817) failed: System error: Device or resource busy
[2026-07-22T04:40:23.402] error: slurm_set_addr: Unable to resolve "slurmctl01"
[2026-07-22T04:40:23.408] error: _xgetaddrinfo: getaddrinfo(slurmctl02:6817) failed: System error: Device or resource busy
[2026-07-22T04:40:23.408] error: slurm_set_addr: Unable to resolve "slurmctl02"
[2026-07-22T04:40:48.415] error: _xgetaddrinfo: getaddrinfo(slurmctl01:6817) failed: System error: Device or resource busy
[2026-07-22T04:40:48.415] error: slurm_set_addr: Unable to resolve "slurmctl01"
[2026-07-22T04:40:48.421] error: _xgetaddrinfo: getaddrinfo(slurmctl02:6817) failed: System error: Device or resource busy
[2026-07-22T04:40:48.421] error: slurm_set_addr: Unable to resolve "slurmctl02"
[2026-07-22T04:41:13.429] error: _xgetaddrinfo: getaddrinfo(slurmctl01:6817) failed: System error: Device or resource busy
[2026-07-22T04:41:13.429] error: slurm_set_addr: Unable to resolve "slurmctl01"
[2026-07-22T04:41:13.435] error: _xgetaddrinfo: getaddrinfo(slurmctl02:6817) failed: System error: Device or resource busy
[2026-07-22T04:41:13.435] error: slurm_set_addr: Unable to resolve "slurmctl02"
[2026-07-22T04:41:38.443] error: _xgetaddrinfo: getaddrinfo(slurmctl01:6817) failed: System error: Device or resource busy
[2026-07-22T04:41:38.443] error: slurm_set_addr: Unable to resolve "slurmctl01"
[2026-07-22T04:41:38.449] error: _xgetaddrinfo: getaddrinfo(slurmctl02:6817) failed: System error: Device or resource busy
[2026-07-22T04:41:38.449] error: slurm_set_addr: Unable to resolve "slurmctl02"
[2026-07-22T04:42:03.456] error: _xgetaddrinfo: getaddrinfo(slurmctl01:6817) failed: System error: Device or resource busy
[2026-07-22T04:42:03.456] error: slurm_set_addr: Unable to resolve "slurmctl01"
[2026-07-22T04:42:03.462] error: _xgetaddrinfo: getaddrinfo(slurmctl02:6817) failed: System error: Device or resource busy
[2026-07-22T04:42:03.462] error: slurm_set_addr: Unable to resolve "slurmctl02"
[2026-07-22T04:42:28.469] error: _xgetaddrinfo: getaddrinfo(slurmctl01:6817) failed: System error: Device or resource busy
[2026-07-22T04:42:28.469] error: slurm_set_addr: Unable to resolve "slurmctl01"
[2026-07-22T04:42:28.475] error: _xgetaddrinfo: getaddrinfo(slurmctl02:6817) failed: System error: Device or resource busy
[2026-07-22T04:42:28.475] error: slurm_set_addr: Unable to resolve "slurmctl02"
[2026-07-22T04:42:53.482] error: _xgetaddrinfo: getaddrinfo(slurmctl01:6817) failed: System error: Device or resource busy
[2026-07-22T04:42:53.482] error: slurm_set_addr: Unable to resolve "slurmctl01"
[2026-07-22T04:42:53.488] error: _xgetaddrinfo: getaddrinfo(slurmctl02:6817) failed: System error: Device or resource busy
[2026-07-22T04:42:53.488] error: slurm_set_addr: Unable to resolve "slurmctl02"
[2026-07-22T04:43:18.496] error: _xgetaddrinfo: getaddrinfo(slurmctl01:6817) failed: System error: Device or resource busy
[2026-07-22T04:43:18.496] error: slurm_set_addr: Unable to resolve "slurmctl01"
[2026-07-22T04:43:18.501] error: _xgetaddrinfo: getaddrinfo(slurmctl02:6817) failed: System error: Device or resource busy
[2026-07-22T04:43:18.501] error: slurm_set_addr: Unable to resolve "slurmctl02"
[2026-07-22T04:43:43.509] error: _xgetaddrinfo: getaddrinfo(slurmctl01:6817) failed: System error: Device or resource busy
[2026-07-22T04:43:43.509] error: slurm_set_addr: Unable to resolve "slurmctl01"
[2026-07-22T04:43:43.515] error: _xgetaddrinfo: getaddrinfo(slurmctl02:6817) failed: System error: Device or resource busy
[2026-07-22T04:43:43.515] error: slurm_set_addr: Unable to resolve "slurmctl02"
[2026-07-22T04:44:08.522] error: _xgetaddrinfo: getaddrinfo(slurmctl01:6817) failed: System error: Device or resource busy
[2026-07-22T04:44:08.523] error: slurm_set_addr: Unable to resolve "slurmctl01"
[2026-07-22T04:44:08.528] error: _xgetaddrinfo: getaddrinfo(slurmctl02:6817) failed: System error: Device or resource busy
[2026-07-22T04:44:08.528] error: slurm_set_addr: Unable to resolve "slurmctl02"
[2026-07-22T04:44:33.536] error: _xgetaddrinfo: getaddrinfo(slurmctl01:6817) failed: System error: Device or resource busy
[2026-07-22T04:44:33.536] error: slurm_set_addr: Unable to resolve "slurmctl01"
[2026-07-22T04:44:33.541] error: _xgetaddrinfo: getaddrinfo(slurmctl02:6817) failed: System error: Device or resource busy
[2026-07-22T04:44:33.541] error: slurm_set_addr: Unable to resolve "slurmctl02"
[2026-07-22T04:44:58.549] error: _xgetaddrinfo: getaddrinfo(slurmctl01:6817) failed: System error: Device or resource busy
[2026-07-22T04:44:58.549] error: slurm_set_addr: Unable to resolve "slurmctl01"
[2026-07-22T04:44:58.555] error: _xgetaddrinfo: getaddrinfo(slurmctl02:6817) failed: System error: Device or resource busy
[2026-07-22T04:44:58.555] error: slurm_set_addr: Unable to resolve "slurmctl02"
[2026-07-22T04:45:23.563] error: _xgetaddrinfo: getaddrinfo(slurmctl01:6817) failed: System error: Device or resource busy
[2026-07-22T04:45:23.563] error: slurm_set_addr: Unable to resolve "slurmctl01"
[2026-07-22T04:45:23.569] error: _xgetaddrinfo: getaddrinfo(slurmctl02:6817) failed: System error: Device or resource busy
[2026-07-22T04:45:23.569] error: slurm_set_addr: Unable to resolve "slurmctl02"
[2026-07-22T04:45:48.576] error: _xgetaddrinfo: getaddrinfo(slurmctl01:6817) failed: System error: Device or resource busy
[2026-07-22T04:45:48.576] error: slurm_set_addr: Unable to resolve "slurmctl01"
[2026-07-22T04:45:48.582] error: _xgetaddrinfo: getaddrinfo(slurmctl02:6817) failed: System error: Device or resource busy
[2026-07-22T04:45:48.582] error: slurm_set_addr: Unable to resolve "slurmctl02"
[2026-07-22T04:46:13.590] error: _xgetaddrinfo: getaddrinfo(slurmctl01:6817) failed: System error: Device or resource busy
[2026-07-22T04:46:13.590] error: slurm_set_addr: Unable to resolve "slurmctl01"
[2026-07-22T04:46:13.595] error: _xgetaddrinfo: getaddrinfo(slurmctl02:6817) failed: System error: Device or resource busy
[2026-07-22T04:46:13.595] error: slurm_set_addr: Unable to resolve "slurmctl02"
[2026-07-22T04:46:38.603] error: _xgetaddrinfo: getaddrinfo(slurmctl01:6817) failed: System error: Device or resource busy
[2026-07-22T04:46:38.603] error: slurm_set_addr: Unable to resolve "slurmctl01"
[2026-07-22T04:46:38.609] error: _xgetaddrinfo: getaddrinfo(slurmctl02:6817) failed: System error: Device or resource busy
[2026-07-22T04:46:38.609] error: slurm_set_addr: Unable to resolve "slurmctl02"
[2026-07-22T04:47:03.617] error: _xgetaddrinfo: getaddrinfo(slurmctl01:6817) failed: System error: Device or resource busy
[2026-07-22T04:47:03.617] error: slurm_set_addr: Unable to resolve "slurmctl01"
[2026-07-22T04:47:03.623] error: _xgetaddrinfo: getaddrinfo(slurmctl02:6817) failed: System error: Device or resource busy
[2026-07-22T04:47:03.623] error: slurm_set_addr: Unable to resolve "slurmctl02"
[2026-07-22T04:47:28.631] error: _xgetaddrinfo: getaddrinfo(slurmctl01:6817) failed: System error: Device or resource busy
[2026-07-22T04:47:28.631] error: slurm_set_addr: Unable to resolve "slurmctl01"
[2026-07-22T04:47:28.637] error: _xgetaddrinfo: getaddrinfo(slurmctl02:6817) failed: System error: Device or resource busy
[2026-07-22T04:47:28.637] error: slurm_set_addr: Unable to resolve "slurmctl02"
[2026-07-22T04:47:53.644] error: _xgetaddrinfo: getaddrinfo(slurmctl01:6817) failed: System error: Device or resource busy
[2026-07-22T04:47:53.645] error: slurm_set_addr: Unable to resolve "slurmctl01"
[2026-07-22T04:47:53.650] error: _xgetaddrinfo: getaddrinfo(slurmctl02:6817) failed: System error: Device or resource busy
[2026-07-22T04:47:53.650] error: slurm_set_addr: Unable to resolve "slurmctl02"
[2026-07-22T04:48:18.658] error: _xgetaddrinfo: getaddrinfo(slurmctl01:6817) failed: System error: Device or resource busy
[2026-07-22T04:48:18.658] error: slurm_set_addr: Unable to resolve "slurmctl01"
[2026-07-22T04:48:18.664] error: _xgetaddrinfo: getaddrinfo(slurmctl02:6817) failed: System error: Device or resource busy
[2026-07-22T04:48:18.664] error: slurm_set_addr: Unable to resolve "slurmctl02"
[2026-07-22T04:48:43.671] error: _xgetaddrinfo: getaddrinfo(slurmctl01:6817) failed: System error: Device or resource busy
[2026-07-22T04:48:43.671] error: slurm_set_addr: Unable to resolve "slurmctl01"
[2026-07-22T04:48:43.676] error: _xgetaddrinfo: getaddrinfo(slurmctl02:6817) failed: System error: Device or resource busy
[2026-07-22T04:48:43.677] error: slurm_set_addr: Unable to resolve "slurmctl02"
[2026-07-22T04:49:08.684] error: _xgetaddrinfo: getaddrinfo(slurmctl01:6817) failed: System error: Device or resource busy
[2026-07-22T04:49:08.684] error: slurm_set_addr: Unable to resolve "slurmctl01"
[2026-07-22T04:49:08.690] error: _xgetaddrinfo: getaddrinfo(slurmctl02:6817) failed: System error: Device or resource busy
[2026-07-22T04:49:08.690] error: slurm_set_addr: Unable to resolve "slurmctl02"
[2026-07-22T04:49:33.697] error: _xgetaddrinfo: getaddrinfo(slurmctl01:6817) failed: System error: Device or resource busy
[2026-07-22T04:49:33.697] error: slurm_set_addr: Unable to resolve "slurmctl01"
[2026-07-22T04:49:33.703] error: _xgetaddrinfo: getaddrinfo(slurmctl02:6817) failed: System error: Device or resource busy
[2026-07-22T04:49:33.703] error: slurm_set_addr: Unable to resolve "slurmctl02"
[2026-07-22T04:49:58.711] error: _xgetaddrinfo: getaddrinfo(slurmctl01:6817) failed: System error: Device or resource busy
[2026-07-22T04:49:58.711] error: slurm_set_addr: Unable to resolve "slurmctl01"
[2026-07-22T04:49:58.717] error: _xgetaddrinfo: getaddrinfo(slurmctl02:6817) failed: System error: Device or resource busy
[2026-07-22T04:49:58.717] error: slurm_set_addr: Unable to resolve "slurmctl02"
[2026-07-22T04:50:23.725] error: _xgetaddrinfo: getaddrinfo(slurmctl01:6817) failed: System error: Device or resource busy
[2026-07-22T04:50:23.725] error: slurm_set_addr: Unable to resolve "slurmctl01"
[2026-07-22T04:50:23.731] error: _xgetaddrinfo: getaddrinfo(slurmctl02:6817) failed: System error: Device or resource busy
[2026-07-22T04:50:23.731] error: slurm_set_addr: Unable to resolve "slurmctl02"
[2026-07-22T04:50:48.739] error: _xgetaddrinfo: getaddrinfo(slurmctl01:6817) failed: System error: Device or resource busy
[2026-07-22T04:50:48.740] error: slurm_set_addr: Unable to resolve "slurmctl01"
[2026-07-22T04:50:48.746] error: _xgetaddrinfo: getaddrinfo(slurmctl02:6817) failed: System error: Device or resource busy
[2026-07-22T04:50:48.746] error: slurm_set_addr: Unable to resolve "slurmctl02"
[2026-07-22T04:51:13.754] error: _xgetaddrinfo: getaddrinfo(slurmctl01:6817) failed: System error: Device or resource busy
[2026-07-22T04:51:13.754] error: slurm_set_addr: Unable to resolve "slurmctl01"
[2026-07-22T04:51:13.759] error: _xgetaddrinfo: getaddrinfo(slurmctl02:6817) failed: System error: Device or resource busy
[2026-07-22T04:51:13.759] error: slurm_set_addr: Unable to resolve "slurmctl02"
[2026-07-22T04:51:38.767] error: _xgetaddrinfo: getaddrinfo(slurmctl01:6817) failed: System error: Device or resource busy
[2026-07-22T04:51:38.767] error: slurm_set_addr: Unable to resolve "slurmctl01"
[2026-07-22T04:51:38.773] error: _xgetaddrinfo: getaddrinfo(slurmctl02:6817) failed: System error: Device or resource busy
[2026-07-22T04:51:38.773] error: slurm_set_addr: Unable to resolve "slurmctl02"
[2026-07-22T04:52:03.780] error: _xgetaddrinfo: getaddrinfo(slurmctl01:6817) failed: System error: Device or resource busy
[2026-07-22T04:52:03.780] error: slurm_set_addr: Unable to resolve "slurmctl01"
[2026-07-22T04:52:03.786] error: _xgetaddrinfo: getaddrinfo(slurmctl02:6817) failed: System error: Device or resource busy
[2026-07-22T04:52:03.786] error: slurm_set_addr: Unable to resolve "slurmctl02"
[2026-07-22T04:52:28.794] error: _xgetaddrinfo: getaddrinfo(slurmctl01:6817) failed: System error: Device or resource busy
[2026-07-22T04:52:28.794] error: slurm_set_addr: Unable to resolve "slurmctl01"
[2026-07-22T04:52:28.799] error: _xgetaddrinfo: getaddrinfo(slurmctl02:6817) failed: System error: Device or resource busy
[2026-07-22T04:52:28.799] error: slurm_set_addr: Unable to resolve "slurmctl02"
[2026-07-22T04:52:53.807] error: _xgetaddrinfo: getaddrinfo(slurmctl01:6817) failed: System error: Device or resource busy
[2026-07-22T04:52:53.807] error: slurm_set_addr: Unable to resolve "slurmctl01"
[2026-07-22T04:52:53.813] error: _xgetaddrinfo: getaddrinfo(slurmctl02:6817) failed: System error: Device or resource busy
[2026-07-22T04:52:53.813] error: slurm_set_addr: Unable to resolve "slurmctl02"
[2026-07-22T04:53:18.820] error: _xgetaddrinfo: getaddrinfo(slurmctl01:6817) failed: System error: Device or resource busy
[2026-07-22T04:53:18.820] error: slurm_set_addr: Unable to resolve "slurmctl01"
[2026-07-22T04:53:18.826] error: _xgetaddrinfo: getaddrinfo(slurmctl02:6817) failed: System error: Device or resource busy
[2026-07-22T04:53:18.826] error: slurm_set_addr: Unable to resolve "slurmctl02"
[2026-07-22T04:53:43.834] error: _xgetaddrinfo: getaddrinfo(slurmctl01:6817) failed: System error: Device or resource busy
[2026-07-22T04:53:43.834] error: slurm_set_addr: Unable to resolve "slurmctl01"
[2026-07-22T04:53:43.840] error: _xgetaddrinfo: getaddrinfo(slurmctl02:6817) failed: System error: Device or resource busy
[2026-07-22T04:53:43.840] error: slurm_set_addr: Unable to resolve "slurmctl02"
[2026-07-22T04:54:08.848] error: _xgetaddrinfo: getaddrinfo(slurmctl01:6817) failed: System error: Device or resource busy
[2026-07-22T04:54:08.848] error: slurm_set_addr: Unable to resolve "slurmctl01"
[2026-07-22T04:54:08.853] error: _xgetaddrinfo: getaddrinfo(slurmctl02:6817) failed: System error: Device or resource busy
[2026-07-22T04:54:08.853] error: slurm_set_addr: Unable to resolve "slurmctl02"
[2026-07-22T04:54:33.861] error: _xgetaddrinfo: getaddrinfo(slurmctl01:6817) failed: System error: Device or resource busy
[2026-07-22T04:54:33.862] error: slurm_set_addr: Unable to resolve "slurmctl01"
[2026-07-22T04:54:33.867] error: _xgetaddrinfo: getaddrinfo(slurmctl02:6817) failed: System error: Device or resource busy
[2026-07-22T04:54:33.867] error: slurm_set_addr: Unable to resolve "slurmctl02"
[2026-07-22T04:54:58.875] error: _xgetaddrinfo: getaddrinfo(slurmctl01:6817) failed: System error: Device or resource busy
[2026-07-22T04:54:58.875] error: slurm_set_addr: Unable to resolve "slurmctl01"
[2026-07-22T04:54:58.881] error: _xgetaddrinfo: getaddrinfo(slurmctl02:6817) failed: System error: Device or resource busy
[2026-07-22T04:54:58.881] error: slurm_set_addr: Unable to resolve "slurmctl02"
[2026-07-22T04:55:23.888] error: _xgetaddrinfo: getaddrinfo(slurmctl01:6817) failed: System error: Device or resource busy
[2026-07-22T04:55:23.888] error: slurm_set_addr: Unable to resolve "slurmctl01"
[2026-07-22T04:55:23.894] error: _xgetaddrinfo: getaddrinfo(slurmctl02:6817) failed: System error: Device or resource busy
[2026-07-22T04:55:23.894] error: slurm_set_addr: Unable to resolve "slurmctl02"
[2026-07-22T04:55:48.902] error: _xgetaddrinfo: getaddrinfo(slurmctl01:6817) failed: System error: Device or resource busy
[2026-07-22T04:55:48.902] error: slurm_set_addr: Unable to resolve "slurmctl01"
[2026-07-22T04:55:48.908] error: _xgetaddrinfo: getaddrinfo(slurmctl02:6817) failed: System error: Device or resource busy
[2026-07-22T04:55:48.908] error: slurm_set_addr: Unable to resolve "slurmctl02"
[2026-07-22T04:56:13.916] error: _xgetaddrinfo: getaddrinfo(slurmctl01:6817) failed: System error: Device or resource busy
[2026-07-22T04:56:13.916] error: slurm_set_addr: Unable to resolve "slurmctl01"
[2026-07-22T04:56:13.922] error: _xgetaddrinfo: getaddrinfo(slurmctl02:6817) failed: System error: Device or resource busy
[2026-07-22T04:56:13.922] error: slurm_set_addr: Unable to resolve "slurmctl02"
[2026-07-22T04:56:38.930] error: _xgetaddrinfo: getaddrinfo(slurmctl01:6817) failed: System error: Device or resource busy
[2026-07-22T04:56:38.931] error: slurm_set_addr: Unable to resolve "slurmctl01"
[2026-07-22T04:56:38.937] error: _xgetaddrinfo: getaddrinfo(slurmctl02:6817) failed: System error: Device or resource busy
[2026-07-22T04:56:38.937] error: slurm_set_addr: Unable to resolve "slurmctl02"
[2026-07-22T04:57:03.944] error: _xgetaddrinfo: getaddrinfo(slurmctl01:6817) failed: System error: Device or resource busy
[2026-07-22T04:57:03.944] error: slurm_set_addr: Unable to resolve "slurmctl01"
[2026-07-22T04:57:03.950] error: _xgetaddrinfo: getaddrinfo(slurmctl02:6817) failed: System error: Device or resource busy
[2026-07-22T04:57:03.950] error: slurm_set_addr: Unable to resolve "slurmctl02"
[2026-07-22T04:57:28.958] error: _xgetaddrinfo: getaddrinfo(slurmctl01:6817) failed: System error: Device or resource busy
[2026-07-22T04:57:28.958] error: slurm_set_addr: Unable to resolve "slurmctl01"
[2026-07-22T04:57:28.964] error: _xgetaddrinfo: getaddrinfo(slurmctl02:6817) failed: System error: Device or resource busy
[2026-07-22T04:57:28.964] error: slurm_set_addr: Unable to resolve "slurmctl02"
[2026-07-22T04:57:53.971] error: _xgetaddrinfo: getaddrinfo(slurmctl01:6817) failed: System error: Device or resource busy
[2026-07-22T04:57:53.972] error: slurm_set_addr: Unable to resolve "slurmctl01"
[2026-07-22T04:57:53.978] error: _xgetaddrinfo: getaddrinfo(slurmctl02:6817) failed: System error: Device or resource busy
[2026-07-22T04:57:53.978] error: slurm_set_addr: Unable to resolve "slurmctl02"
[2026-07-22T04:58:18.986] error: _xgetaddrinfo: getaddrinfo(slurmctl01:6817) failed: System error: Device or resource busy
[2026-07-22T04:58:18.986] error: slurm_set_addr: Unable to resolve "slurmctl01"
[2026-07-22T04:58:18.991] error: _xgetaddrinfo: getaddrinfo(slurmctl02:6817) failed: System error: Device or resource busy
[2026-07-22T04:58:18.991] error: slurm_set_addr: Unable to resolve "slurmctl02"
[2026-07-22T04:58:43.999] error: _xgetaddrinfo: getaddrinfo(slurmctl01:6817) failed: System error: Device or resource busy
[2026-07-22T04:58:43.999] error: slurm_set_addr: Unable to resolve "slurmctl01"
[2026-07-22T04:58:44.005] error: _xgetaddrinfo: getaddrinfo(slurmctl02:6817) failed: System error: Device or resource busy
[2026-07-22T04:58:44.005] error: slurm_set_addr: Unable to resolve "slurmctl02"
[2026-07-22T04:59:09.013] error: _xgetaddrinfo: getaddrinfo(slurmctl01:6817) failed: System error: Device or resource busy
[2026-07-22T04:59:09.013] error: slurm_set_addr: Unable to resolve "slurmctl01"
[2026-07-22T04:59:09.018] error: _xgetaddrinfo: getaddrinfo(slurmctl02:6817) failed: System error: Device or resource busy
[2026-07-22T04:59:09.018] error: slurm_set_addr: Unable to resolve "slurmctl02"
[2026-07-22T04:59:34.026] error: _xgetaddrinfo: getaddrinfo(slurmctl01:6817) failed: System error: Device or resource busy
[2026-07-22T04:59:34.026] error: slurm_set_addr: Unable to resolve "slurmctl01"
[2026-07-22T04:59:34.032] error: _xgetaddrinfo: getaddrinfo(slurmctl02:6817) failed: System error: Device or resource busy
[2026-07-22T04:59:34.032] error: slurm_set_addr: Unable to resolve "slurmctl02"
[2026-07-22T04:59:59.039] error: _xgetaddrinfo: getaddrinfo(slurmctl01:6817) failed: System error: Device or resource busy
[2026-07-22T04:59:59.039] error: slurm_set_addr: Unable to resolve "slurmctl01"
[2026-07-22T04:59:59.045] error: _xgetaddrinfo: getaddrinfo(slurmctl02:6817) failed: System error: Device or resource busy
[2026-07-22T04:59:59.045] error: slurm_set_addr: Unable to resolve "slurmctl02"
[2026-07-22T05:00:24.054] error: _xgetaddrinfo: getaddrinfo(slurmctl01:6817) failed: System error: Device or resource busy
[2026-07-22T05:00:24.054] error: slurm_set_addr: Unable to resolve "slurmctl01"
[2026-07-22T05:00:24.059] error: _xgetaddrinfo: getaddrinfo(slurmctl02:6817) failed: System error: Device or resource busy
[2026-07-22T05:00:24.059] error: slurm_set_addr: Unable to resolve "slurmctl02"
[2026-07-22T05:00:49.067] error: _xgetaddrinfo: getaddrinfo(slurmctl01:6817) failed: System error: Device or resource busy
[2026-07-22T05:00:49.068] error: slurm_set_addr: Unable to resolve "slurmctl01"
[2026-07-22T05:00:49.074] error: _xgetaddrinfo: getaddrinfo(slurmctl02:6817) failed: System error: Device or resource busy
[2026-07-22T05:00:49.074] error: slurm_set_addr: Unable to resolve "slurmctl02"
[2026-07-22T05:01:14.082] error: _xgetaddrinfo: getaddrinfo(slurmctl01:6817) failed: System error: Device or resource busy
[2026-07-22T05:01:14.082] error: slurm_set_addr: Unable to resolve "slurmctl01"
[2026-07-22T05:01:14.088] error: _xgetaddrinfo: getaddrinfo(slurmctl02:6817) failed: System error: Device or resource busy
[2026-07-22T05:01:14.088] error: slurm_set_addr: Unable to resolve "slurmctl02"
[2026-07-22T05:01:39.096] error: _xgetaddrinfo: getaddrinfo(slurmctl01:6817) failed: System error: Device or resource busy
[2026-07-22T05:01:39.096] error: slurm_set_addr: Unable to resolve "slurmctl01"
[2026-07-22T05:01:39.102] error: _xgetaddrinfo: getaddrinfo(slurmctl02:6817) failed: System error: Device or resource busy
[2026-07-22T05:01:39.102] error: slurm_set_addr: Unable to resolve "slurmctl02"
[2026-07-22T05:02:04.109] error: _xgetaddrinfo: getaddrinfo(slurmctl01:6817) failed: System error: Device or resource busy
[2026-07-22T05:02:04.109] error: slurm_set_addr: Unable to resolve "slurmctl01"
[2026-07-22T05:02:04.115] error: _xgetaddrinfo: getaddrinfo(slurmctl02:6817) failed: System error: Device or resource busy
[2026-07-22T05:02:04.115] error: slurm_set_addr: Unable to resolve "slurmctl02"
[2026-07-22T05:02:29.122] error: _xgetaddrinfo: getaddrinfo(slurmctl01:6817) failed: System error: Device or resource busy
[2026-07-22T05:02:29.122] error: slurm_set_addr: Unable to resolve "slurmctl01"
[2026-07-22T05:02:29.128] error: _xgetaddrinfo: getaddrinfo(slurmctl02:6817) failed: System error: Device or resource busy
[2026-07-22T05:02:29.128] error: slurm_set_addr: Unable to resolve "slurmctl02"
[2026-07-22T05:02:54.135] error: _xgetaddrinfo: getaddrinfo(slurmctl01:6817) failed: System error: Device or resource busy
[2026-07-22T05:02:54.136] error: slurm_set_addr: Unable to resolve "slurmctl01"
[2026-07-22T05:02:54.141] error: _xgetaddrinfo: getaddrinfo(slurmctl02:6817) failed: System error: Device or resource busy
[2026-07-22T05:02:54.141] error: slurm_set_addr: Unable to resolve "slurmctl02"
[2026-07-22T05:03:19.149] error: _xgetaddrinfo: getaddrinfo(slurmctl01:6817) failed: System error: Device or resource busy
[2026-07-22T05:03:19.149] error: slurm_set_addr: Unable to resolve "slurmctl01"
[2026-07-22T05:03:19.154] error: _xgetaddrinfo: getaddrinfo(slurmctl02:6817) failed: System error: Device or resource busy
[2026-07-22T05:03:19.154] error: slurm_set_addr: Unable to resolve "slurmctl02"
[2026-07-22T05:03:44.162] error: _xgetaddrinfo: getaddrinfo(slurmctl01:6817) failed: System error: Device or resource busy
[2026-07-22T05:03:44.162] error: slurm_set_addr: Unable to resolve "slurmctl01"
[2026-07-22T05:03:44.167] error: _xgetaddrinfo: getaddrinfo(slurmctl02:6817) failed: System error: Device or resource busy
[2026-07-22T05:03:44.167] error: slurm_set_addr: Unable to resolve "slurmctl02"
[2026-07-22T05:04:09.174] error: _xgetaddrinfo: getaddrinfo(slurmctl01:6817) failed: System error: Device or resource busy
[2026-07-22T05:04:09.175] error: slurm_set_addr: Unable to resolve "slurmctl01"
[2026-07-22T05:04:09.180] error: _xgetaddrinfo: getaddrinfo(slurmctl02:6817) failed: System error: Device or resource busy
[2026-07-22T05:04:09.180] error: slurm_set_addr: Unable to resolve "slurmctl02"
[2026-07-22T05:04:34.189] error: _xgetaddrinfo: getaddrinfo(slurmctl01:6817) failed: System error: Device or resource busy
[2026-07-22T05:04:34.189] error: slurm_set_addr: Unable to resolve "slurmctl01"
[2026-07-22T05:04:34.194] error: _xgetaddrinfo: getaddrinfo(slurmctl02:6817) failed: System error: Device or resource busy
[2026-07-22T05:04:34.195] error: slurm_set_addr: Unable to resolve "slurmctl02"
[2026-07-22T05:04:59.202] error: _xgetaddrinfo: getaddrinfo(slurmctl01:6817) failed: System error: Device or resource busy
[2026-07-22T05:04:59.202] error: slurm_set_addr: Unable to resolve "slurmctl01"
[2026-07-22T05:04:59.207] error: _xgetaddrinfo: getaddrinfo(slurmctl02:6817) failed: System error: Device or resource busy
[2026-07-22T05:04:59.207] error: slurm_set_addr: Unable to resolve "slurmctl02"
[2026-07-22T05:05:24.216] error: _xgetaddrinfo: getaddrinfo(slurmctl01:6817) failed: System error: Device or resource busy
[2026-07-22T05:05:24.216] error: slurm_set_addr: Unable to resolve "slurmctl01"
[2026-07-22T05:05:24.221] error: _xgetaddrinfo: getaddrinfo(slurmctl02:6817) failed: System error: Device or resource busy
[2026-07-22T05:05:24.221] error: slurm_set_addr: Unable to resolve "slurmctl02"
[2026-07-22T05:05:49.229] error: _xgetaddrinfo: getaddrinfo(slurmctl01:6817) failed: System error: Device or resource busy
[2026-07-22T05:05:49.229] error: slurm_set_addr: Unable to resolve "slurmctl01"
[2026-07-22T05:05:49.235] error: _xgetaddrinfo: getaddrinfo(slurmctl02:6817) failed: System error: Device or resource busy
[2026-07-22T05:05:49.235] error: slurm_set_addr: Unable to resolve "slurmctl02"
[2026-07-22T05:06:14.242] error: _xgetaddrinfo: getaddrinfo(slurmctl01:6817) failed: System error: Device or resource busy
[2026-07-22T05:06:14.243] error: slurm_set_addr: Unable to resolve "slurmctl01"
[2026-07-22T05:06:14.248] error: _xgetaddrinfo: getaddrinfo(slurmctl02:6817) failed: System error: Device or resource busy
[2026-07-22T05:06:14.248] error: slurm_set_addr: Unable to resolve "slurmctl02"
[2026-07-22T05:06:39.256] error: _xgetaddrinfo: getaddrinfo(slurmctl01:6817) failed: System error: Device or resource busy
[2026-07-22T05:06:39.256] error: slurm_set_addr: Unable to resolve "slurmctl01"
[2026-07-22T05:06:39.262] error: _xgetaddrinfo: getaddrinfo(slurmctl02:6817) failed: System error: Device or resource busy
[2026-07-22T05:06:39.262] error: slurm_set_addr: Unable to resolve "slurmctl02"
[2026-07-22T05:07:04.269] error: _xgetaddrinfo: getaddrinfo(slurmctl01:6817) failed: System error: Device or resource busy
[2026-07-22T05:07:04.269] error: slurm_set_addr: Unable to resolve "slurmctl01"
[2026-07-22T05:07:04.274] error: _xgetaddrinfo: getaddrinfo(slurmctl02:6817) failed: System error: Device or resource busy
[2026-07-22T05:07:04.274] error: slurm_set_addr: Unable to resolve "slurmctl02"
[2026-07-22T05:07:29.283] error: _xgetaddrinfo: getaddrinfo(slurmctl01:6817) failed: System error: Device or resource busy
[2026-07-22T05:07:29.283] error: slurm_set_addr: Unable to resolve "slurmctl01"
[2026-07-22T05:07:29.289] error: _xgetaddrinfo: getaddrinfo(slurmctl02:6817) failed: System error: Device or resource busy
[2026-07-22T05:07:29.289] error: slurm_set_addr: Unable to resolve "slurmctl02"
[2026-07-22T05:07:54.297] error: _xgetaddrinfo: getaddrinfo(slurmctl01:6817) failed: System error: Device or resource busy
[2026-07-22T05:07:54.297] error: slurm_set_addr: Unable to resolve "slurmctl01"
[2026-07-22T05:07:54.302] error: _xgetaddrinfo: getaddrinfo(slurmctl02:6817) failed: System error: Device or resource busy
[2026-07-22T05:07:54.302] error: slurm_set_addr: Unable to resolve "slurmctl02"
[2026-07-22T05:08:19.309] error: _xgetaddrinfo: getaddrinfo(slurmctl01:6817) failed: System error: Device or resource busy
[2026-07-22T05:08:19.309] error: slurm_set_addr: Unable to resolve "slurmctl01"
[2026-07-22T05:08:19.315] error: _xgetaddrinfo: getaddrinfo(slurmctl02:6817) failed: System error: Device or resource busy
[2026-07-22T05:08:19.315] error: slurm_set_addr: Unable to resolve "slurmctl02"
[2026-07-22T05:08:44.322] error: _xgetaddrinfo: getaddrinfo(slurmctl01:6817) failed: System error: Device or resource busy
[2026-07-22T05:08:44.322] error: slurm_set_addr: Unable to resolve "slurmctl01"
[2026-07-22T05:08:44.328] error: _xgetaddrinfo: getaddrinfo(slurmctl02:6817) failed: System error: Device or resource busy
[2026-07-22T05:08:44.328] error: slurm_set_addr: Unable to resolve "slurmctl02"
[2026-07-22T05:09:09.335] error: _xgetaddrinfo: getaddrinfo(slurmctl01:6817) failed: System error: Device or resource busy
[2026-07-22T05:09:09.335] error: slurm_set_addr: Unable to resolve "slurmctl01"
[2026-07-22T05:09:09.340] error: _xgetaddrinfo: getaddrinfo(slurmctl02:6817) failed: System error: Device or resource busy
[2026-07-22T05:09:09.340] error: slurm_set_addr: Unable to resolve "slurmctl02"
[2026-07-22T05:09:34.347] error: _xgetaddrinfo: getaddrinfo(slurmctl01:6817) failed: System error: Device or resource busy
[2026-07-22T05:09:34.347] error: slurm_set_addr: Unable to resolve "slurmctl01"
[2026-07-22T05:09:34.353] error: _xgetaddrinfo: getaddrinfo(slurmctl02:6817) failed: System error: Device or resource busy
[2026-07-22T05:09:34.353] error: slurm_set_addr: Unable to resolve "slurmctl02"
[2026-07-22T05:09:59.361] error: _xgetaddrinfo: getaddrinfo(slurmctl01:6817) failed: System error: Device or resource busy
[2026-07-22T05:09:59.361] error: slurm_set_addr: Unable to resolve "slurmctl01"
[2026-07-22T05:09:59.366] error: _xgetaddrinfo: getaddrinfo(slurmctl02:6817) failed: System error: Device or resource busy
[2026-07-22T05:09:59.367] error: slurm_set_addr: Unable to resolve "slurmctl02"
[2026-07-22T05:10:24.374] error: _xgetaddrinfo: getaddrinfo(slurmctl01:6817) failed: System error: Device or resource busy
[2026-07-22T05:10:24.374] error: slurm_set_addr: Unable to resolve "slurmctl01"
[2026-07-22T05:10:24.380] error: _xgetaddrinfo: getaddrinfo(slurmctl02:6817) failed: System error: Device or resource busy
[2026-07-22T05:10:24.380] error: slurm_set_addr: Unable to resolve "slurmctl02"
[2026-07-22T05:10:49.387] error: _xgetaddrinfo: getaddrinfo(slurmctl01:6817) failed: System error: Device or resource busy
[2026-07-22T05:10:49.387] error: slurm_set_addr: Unable to resolve "slurmctl01"
[2026-07-22T05:10:49.393] error: _xgetaddrinfo: getaddrinfo(slurmctl02:6817) failed: System error: Device or resource busy
[2026-07-22T05:10:49.393] error: slurm_set_addr: Unable to resolve "slurmctl02"
[2026-07-22T05:11:14.400] error: _xgetaddrinfo: getaddrinfo(slurmctl01:6817) failed: System error: Device or resource busy
[2026-07-22T05:11:14.400] error: slurm_set_addr: Unable to resolve "slurmctl01"
[2026-07-22T05:11:14.406] error: _xgetaddrinfo: getaddrinfo(slurmctl02:6817) failed: System error: Device or resource busy
[2026-07-22T05:11:14.406] error: slurm_set_addr: Unable to resolve "slurmctl02"
[2026-07-22T05:11:39.413] error: _xgetaddrinfo: getaddrinfo(slurmctl01:6817) failed: System error: Device or resource busy
[2026-07-22T05:11:39.413] error: slurm_set_addr: Unable to resolve "slurmctl01"
[2026-07-22T05:11:39.419] error: _xgetaddrinfo: getaddrinfo(slurmctl02:6817) failed: System error: Device or resource busy
[2026-07-22T05:11:39.419] error: slurm_set_addr: Unable to resolve "slurmctl02"
[2026-07-22T05:12:04.426] error: _xgetaddrinfo: getaddrinfo(slurmctl01:6817) failed: System error: Device or resource busy
[2026-07-22T05:12:04.426] error: slurm_set_addr: Unable to resolve "slurmctl01"
[2026-07-22T05:12:04.432] error: _xgetaddrinfo: getaddrinfo(slurmctl02:6817) failed: System error: Device or resource busy
[2026-07-22T05:12:04.432] error: slurm_set_addr: Unable to resolve "slurmctl02"
[2026-07-22T05:12:29.439] error: _xgetaddrinfo: getaddrinfo(slurmctl01:6817) failed: System error: Device or resource busy
[2026-07-22T05:12:29.439] error: slurm_set_addr: Unable to resolve "slurmctl01"
[2026-07-22T05:12:29.445] error: _xgetaddrinfo: getaddrinfo(slurmctl02:6817) failed: System error: Device or resource busy
[2026-07-22T05:12:29.445] error: slurm_set_addr: Unable to resolve "slurmctl02"
[2026-07-22T05:12:54.452] error: _xgetaddrinfo: getaddrinfo(slurmctl01:6817) failed: System error: Device or resource busy
[2026-07-22T05:12:54.452] error: slurm_set_addr: Unable to resolve "slurmctl01"
[2026-07-22T05:12:54.458] error: _xgetaddrinfo: getaddrinfo(slurmctl02:6817) failed: System error: Device or resource busy
[2026-07-22T05:12:54.458] error: slurm_set_addr: Unable to resolve "slurmctl02"
[2026-07-22T05:13:19.466] error: _xgetaddrinfo: getaddrinfo(slurmctl01:6817) failed: System error: Device or resource busy
[2026-07-22T05:13:19.466] error: slurm_set_addr: Unable to resolve "slurmctl01"
[2026-07-22T05:13:19.471] error: _xgetaddrinfo: getaddrinfo(slurmctl02:6817) failed: System error: Device or resource busy
[2026-07-22T05:13:19.472] error: slurm_set_addr: Unable to resolve "slurmctl02"
[2026-07-22T05:13:44.479] error: _xgetaddrinfo: getaddrinfo(slurmctl01:6817) failed: System error: Device or resource busy
[2026-07-22T05:13:44.479] error: slurm_set_addr: Unable to resolve "slurmctl01"
[2026-07-22T05:13:44.484] error: _xgetaddrinfo: getaddrinfo(slurmctl02:6817) failed: System error: Device or resource busy
[2026-07-22T05:13:44.484] error: slurm_set_addr: Unable to resolve "slurmctl02"
[2026-07-22T05:14:09.492] error: _xgetaddrinfo: getaddrinfo(slurmctl01:6817) failed: System error: Device or resource busy
[2026-07-22T05:14:09.492] error: slurm_set_addr: Unable to resolve "slurmctl01"
[2026-07-22T05:14:09.497] error: _xgetaddrinfo: getaddrinfo(slurmctl02:6817) failed: System error: Device or resource busy
[2026-07-22T05:14:09.497] error: slurm_set_addr: Unable to resolve "slurmctl02"
[2026-07-22T05:14:34.505] error: _xgetaddrinfo: getaddrinfo(slurmctl01:6817) failed: System error: Device or resource busy
[2026-07-22T05:14:34.505] error: slurm_set_addr: Unable to resolve "slurmctl01"
[2026-07-22T05:14:34.510] error: _xgetaddrinfo: getaddrinfo(slurmctl02:6817) failed: System error: Device or resource busy
[2026-07-22T05:14:34.511] error: slurm_set_addr: Unable to resolve "slurmctl02"
[2026-07-22T05:14:59.517] error: _xgetaddrinfo: getaddrinfo(slurmctl01:6817) failed: System error: Device or resource busy
[2026-07-22T05:14:59.517] error: slurm_set_addr: Unable to resolve "slurmctl01"
[2026-07-22T05:14:59.522] error: _xgetaddrinfo: getaddrinfo(slurmctl02:6817) failed: System error: Device or resource busy
[2026-07-22T05:14:59.522] error: slurm_set_addr: Unable to resolve "slurmctl02"
[2026-07-22T05:15:24.530] error: _xgetaddrinfo: getaddrinfo(slurmctl01:6817) failed: System error: Device or resource busy
[2026-07-22T05:15:24.530] error: slurm_set_addr: Unable to resolve "slurmctl01"
[2026-07-22T05:15:24.535] error: _xgetaddrinfo: getaddrinfo(slurmctl02:6817) failed: System error: Device or resource busy
[2026-07-22T05:15:24.536] error: slurm_set_addr: Unable to resolve "slurmctl02"
[2026-07-22T05:15:49.543] error: _xgetaddrinfo: getaddrinfo(slurmctl01:6817) failed: System error: Device or resource busy
[2026-07-22T05:15:49.544] error: slurm_set_addr: Unable to resolve "slurmctl01"
[2026-07-22T05:15:49.549] error: _xgetaddrinfo: getaddrinfo(slurmctl02:6817) failed: System error: Device or resource busy
[2026-07-22T05:15:49.549] error: slurm_set_addr: Unable to resolve "slurmctl02"
[2026-07-22T05:16:14.557] error: _xgetaddrinfo: getaddrinfo(slurmctl01:6817) failed: System error: Device or resource busy
[2026-07-22T05:16:14.557] error: slurm_set_addr: Unable to resolve "slurmctl01"
[2026-07-22T05:16:14.563] error: _xgetaddrinfo: getaddrinfo(slurmctl02:6817) failed: System error: Device or resource busy
[2026-07-22T05:16:14.563] error: slurm_set_addr: Unable to resolve "slurmctl02"
[2026-07-22T05:16:39.570] error: _xgetaddrinfo: getaddrinfo(slurmctl01:6817) failed: System error: Device or resource busy
[2026-07-22T05:16:39.570] error: slurm_set_addr: Unable to resolve "slurmctl01"
[2026-07-22T05:16:39.575] error: _xgetaddrinfo: getaddrinfo(slurmctl02:6817) failed: System error: Device or resource busy
[2026-07-22T05:16:39.575] error: slurm_set_addr: Unable to resolve "slurmctl02"
[2026-07-22T05:17:04.583] error: _xgetaddrinfo: getaddrinfo(slurmctl01:6817) failed: System error: Device or resource busy
[2026-07-22T05:17:04.583] error: slurm_set_addr: Unable to resolve "slurmctl01"
[2026-07-22T05:17:04.588] error: _xgetaddrinfo: getaddrinfo(slurmctl02:6817) failed: System error: Device or resource busy
[2026-07-22T05:17:04.588] error: slurm_set_addr: Unable to resolve "slurmctl02"
[2026-07-22T05:17:29.595] error: _xgetaddrinfo: getaddrinfo(slurmctl01:6817) failed: System error: Device or resource busy
[2026-07-22T05:17:29.595] error: slurm_set_addr: Unable to resolve "slurmctl01"
[2026-07-22T05:17:29.601] error: _xgetaddrinfo: getaddrinfo(slurmctl02:6817) failed: System error: Device or resource busy
[2026-07-22T05:17:29.601] error: slurm_set_addr: Unable to resolve "slurmctl02"
[2026-07-22T05:17:54.609] error: _xgetaddrinfo: getaddrinfo(slurmctl01:6817) failed: System error: Device or resource busy
[2026-07-22T05:17:54.609] error: slurm_set_addr: Unable to resolve "slurmctl01"
[2026-07-22T05:17:54.614] error: _xgetaddrinfo: getaddrinfo(slurmctl02:6817) failed: System error: Device or resource busy
[2026-07-22T05:17:54.614] error: slurm_set_addr: Unable to resolve "slurmctl02"
[2026-07-22T05:18:19.621] error: _xgetaddrinfo: getaddrinfo(slurmctl01:6817) failed: System error: Device or resource busy
[2026-07-22T05:18:19.622] error: slurm_set_addr: Unable to resolve "slurmctl01"
[2026-07-22T05:18:19.627] error: _xgetaddrinfo: getaddrinfo(slurmctl02:6817) failed: System error: Device or resource busy
[2026-07-22T05:18:19.627] error: slurm_set_addr: Unable to resolve "slurmctl02"
[2026-07-22T05:18:44.635] error: _xgetaddrinfo: getaddrinfo(slurmctl01:6817) failed: System error: Device or resource busy
[2026-07-22T05:18:44.635] error: slurm_set_addr: Unable to resolve "slurmctl01"
[2026-07-22T05:18:44.640] error: _xgetaddrinfo: getaddrinfo(slurmctl02:6817) failed: System error: Device or resource busy
[2026-07-22T05:18:44.640] error: slurm_set_addr: Unable to resolve "slurmctl02"
[2026-07-22T05:19:09.648] error: _xgetaddrinfo: getaddrinfo(slurmctl01:6817) failed: System error: Device or resource busy
[2026-07-22T05:19:09.648] error: slurm_set_addr: Unable to resolve "slurmctl01"
[2026-07-22T05:19:09.654] error: _xgetaddrinfo: getaddrinfo(slurmctl02:6817) failed: System error: Device or resource busy
[2026-07-22T05:19:09.654] error: slurm_set_addr: Unable to resolve "slurmctl02"
[2026-07-22T05:19:34.661] error: _xgetaddrinfo: getaddrinfo(slurmctl01:6817) failed: System error: Device or resource busy
[2026-07-22T05:19:34.661] error: slurm_set_addr: Unable to resolve "slurmctl01"
[2026-07-22T05:19:34.666] error: _xgetaddrinfo: getaddrinfo(slurmctl02:6817) failed: System error: Device or resource busy
[2026-07-22T05:19:34.666] error: slurm_set_addr: Unable to resolve "slurmctl02"
[2026-07-22T05:19:59.674] error: _xgetaddrinfo: getaddrinfo(slurmctl01:6817) failed: System error: Device or resource busy
[2026-07-22T05:19:59.674] error: slurm_set_addr: Unable to resolve "slurmctl01"
[2026-07-22T05:19:59.678] error: _xgetaddrinfo: getaddrinfo(slurmctl02:6817) failed: System error: Device or resource busy
[2026-07-22T05:19:59.679] error: slurm_set_addr: Unable to resolve "slurmctl02"
[2026-07-22T05:20:24.686] error: _xgetaddrinfo: getaddrinfo(slurmctl01:6817) failed: System error: Device or resource busy
[2026-07-22T05:20:24.686] error: slurm_set_addr: Unable to resolve "slurmctl01"
[2026-07-22T05:20:24.692] error: _xgetaddrinfo: getaddrinfo(slurmctl02:6817) failed: System error: Device or resource busy
[2026-07-22T05:20:24.692] error: slurm_set_addr: Unable to resolve "slurmctl02"
[2026-07-22T05:20:49.699] error: _xgetaddrinfo: getaddrinfo(slurmctl01:6817) failed: System error: Device or resource busy
[2026-07-22T05:20:49.699] error: slurm_set_addr: Unable to resolve "slurmctl01"
[2026-07-22T05:20:49.705] error: _xgetaddrinfo: getaddrinfo(slurmctl02:6817) failed: System error: Device or resource busy
[2026-07-22T05:20:49.705] error: slurm_set_addr: Unable to resolve "slurmctl02"
[2026-07-22T05:21:14.712] error: _xgetaddrinfo: getaddrinfo(slurmctl01:6817) failed: System error: Device or resource busy
[2026-07-22T05:21:14.712] error: slurm_set_addr: Unable to resolve "slurmctl01"
[2026-07-22T05:21:14.717] error: _xgetaddrinfo: getaddrinfo(slurmctl02:6817) failed: System error: Device or resource busy
[2026-07-22T05:21:14.718] error: slurm_set_addr: Unable to resolve "slurmctl02"
[2026-07-22T05:21:39.725] error: _xgetaddrinfo: getaddrinfo(slurmctl01:6817) failed: System error: Device or resource busy
[2026-07-22T05:21:39.725] error: slurm_set_addr: Unable to resolve "slurmctl01"
[2026-07-22T05:21:39.730] error: _xgetaddrinfo: getaddrinfo(slurmctl02:6817) failed: System error: Device or resource busy
[2026-07-22T05:21:39.731] error: slurm_set_addr: Unable to resolve "slurmctl02"
[2026-07-22T05:22:04.739] error: _xgetaddrinfo: getaddrinfo(slurmctl01:6817) failed: System error: Device or resource busy
[2026-07-22T05:22:04.739] error: slurm_set_addr: Unable to resolve "slurmctl01"
[2026-07-22T05:22:04.744] error: _xgetaddrinfo: getaddrinfo(slurmctl02:6817) failed: System error: Device or resource busy
[2026-07-22T05:22:04.744] error: slurm_set_addr: Unable to resolve "slurmctl02"
[2026-07-22T05:22:29.751] error: _xgetaddrinfo: getaddrinfo(slurmctl01:6817) failed: System error: Device or resource busy
[2026-07-22T05:22:29.751] error: slurm_set_addr: Unable to resolve "slurmctl01"
[2026-07-22T05:22:29.757] error: _xgetaddrinfo: getaddrinfo(slurmctl02:6817) failed: System error: Device or resource busy
[2026-07-22T05:22:29.757] error: slurm_set_addr: Unable to resolve "slurmctl02"
[2026-07-22T05:22:54.764] error: _xgetaddrinfo: getaddrinfo(slurmctl01:6817) failed: System error: Device or resource busy
[2026-07-22T05:22:54.764] error: slurm_set_addr: Unable to resolve "slurmctl01"
[2026-07-22T05:22:54.770] error: _xgetaddrinfo: getaddrinfo(slurmctl02:6817) failed: System error: Device or resource busy
[2026-07-22T05:22:54.770] error: slurm_set_addr: Unable to resolve "slurmctl02"
[2026-07-22T05:23:19.778] error: _xgetaddrinfo: getaddrinfo(slurmctl01:6817) failed: System error: Device or resource busy
[2026-07-22T05:23:19.778] error: slurm_set_addr: Unable to resolve "slurmctl01"
[2026-07-22T05:23:19.783] error: _xgetaddrinfo: getaddrinfo(slurmctl02:6817) failed: System error: Device or resource busy
[2026-07-22T05:23:19.783] error: slurm_set_addr: Unable to resolve "slurmctl02"
[2026-07-22T05:23:44.790] error: _xgetaddrinfo: getaddrinfo(slurmctl01:6817) failed: System error: Device or resource busy
[2026-07-22T05:23:44.791] error: slurm_set_addr: Unable to resolve "slurmctl01"
[2026-07-22T05:23:44.796] error: _xgetaddrinfo: getaddrinfo(slurmctl02:6817) failed: System error: Device or resource busy
[2026-07-22T05:23:44.796] error: slurm_set_addr: Unable to resolve "slurmctl02"
[2026-07-22T05:24:09.803] error: _xgetaddrinfo: getaddrinfo(slurmctl01:6817) failed: System error: Device or resource busy
[2026-07-22T05:24:09.803] error: slurm_set_addr: Unable to resolve "slurmctl01"
[2026-07-22T05:24:09.808] error: _xgetaddrinfo: getaddrinfo(slurmctl02:6817) failed: System error: Device or resource busy
[2026-07-22T05:24:09.809] error: slurm_set_addr: Unable to resolve "slurmctl02"
[2026-07-22T05:24:34.817] error: _xgetaddrinfo: getaddrinfo(slurmctl01:6817) failed: System error: Device or resource busy
[2026-07-22T05:24:34.817] error: slurm_set_addr: Unable to resolve "slurmctl01"
[2026-07-22T05:24:34.823] error: _xgetaddrinfo: getaddrinfo(slurmctl02:6817) failed: System error: Device or resource busy
[2026-07-22T05:24:34.823] error: slurm_set_addr: Unable to resolve "slurmctl02"
[2026-07-22T05:24:59.829] error: _xgetaddrinfo: getaddrinfo(slurmctl01:6817) failed: System error: Device or resource busy
[2026-07-22T05:24:59.829] error: slurm_set_addr: Unable to resolve "slurmctl01"
[2026-07-22T05:24:59.835] error: _xgetaddrinfo: getaddrinfo(slurmctl02:6817) failed: System error: Device or resource busy
[2026-07-22T05:24:59.835] error: slurm_set_addr: Unable to resolve "slurmctl02"
[2026-07-22T05:25:24.843] error: _xgetaddrinfo: getaddrinfo(slurmctl01:6817) failed: System error: Device or resource busy
[2026-07-22T05:25:24.843] error: slurm_set_addr: Unable to resolve "slurmctl01"
[2026-07-22T05:25:24.848] error: _xgetaddrinfo: getaddrinfo(slurmctl02:6817) failed: System error: Device or resource busy
[2026-07-22T05:25:24.848] error: slurm_set_addr: Unable to resolve "slurmctl02"
[2026-07-22T05:25:49.856] error: _xgetaddrinfo: getaddrinfo(slurmctl01:6817) failed: System error: Device or resource busy
[2026-07-22T05:25:49.856] error: slurm_set_addr: Unable to resolve "slurmctl01"
[2026-07-22T05:25:49.862] error: _xgetaddrinfo: getaddrinfo(slurmctl02:6817) failed: System error: Device or resource busy
[2026-07-22T05:25:49.862] error: slurm_set_addr: Unable to resolve "slurmctl02"
[2026-07-22T05:26:22.302] error: _xgetaddrinfo: getaddrinfo(slurmctl01:6817) failed: System error: Device or resource busy
[2026-07-22T05:26:22.302] error: slurm_set_addr: Unable to resolve "slurmctl01"
[2026-07-22T05:26:27.311] error: _xgetaddrinfo: getaddrinfo(slurmctl02:6817) failed: System error: Device or resource busy
[2026-07-22T05:26:27.311] error: slurm_set_addr: Unable to resolve "slurmctl02"
[2026-07-22T05:27:02.321] error: _xgetaddrinfo: getaddrinfo(slurmctl01:6817) failed: System error: Device or resource busy
[2026-07-22T05:27:02.321] error: slurm_set_addr: Unable to resolve "slurmctl01"
[2026-07-22T05:27:07.363] error: _xgetaddrinfo: getaddrinfo(slurmctl02:6817) failed: System error: Device or resource busy
[2026-07-22T05:27:07.364] error: slurm_set_addr: Unable to resolve "slurmctl02"
[2026-07-22T05:27:32.371] error: _xgetaddrinfo: getaddrinfo(slurmctl01:6817) failed: System error: Device or resource busy
[2026-07-22T05:27:32.371] error: slurm_set_addr: Unable to resolve "slurmctl01"
[2026-07-22T05:27:32.379] error: _xgetaddrinfo: getaddrinfo(slurmctl02:6817) failed: System error: Device or resource busy
[2026-07-22T05:27:32.379] error: slurm_set_addr: Unable to resolve "slurmctl02"
[2026-07-22T05:27:57.386] error: _xgetaddrinfo: getaddrinfo(slurmctl01:6817) failed: System error: Device or resource busy
[2026-07-22T05:27:57.386] error: slurm_set_addr: Unable to resolve "slurmctl01"
[2026-07-22T05:27:57.393] error: _xgetaddrinfo: getaddrinfo(slurmctl02:6817) failed: System error: Device or resource busy
[2026-07-22T05:27:57.393] error: slurm_set_addr: Unable to resolve "slurmctl02"
[2026-07-22T05:28:22.400] error: _xgetaddrinfo: getaddrinfo(slurmctl01:6817) failed: System error: Device or resource busy
[2026-07-22T05:28:22.400] error: slurm_set_addr: Unable to resolve "slurmctl01"
[2026-07-22T05:28:22.406] error: _xgetaddrinfo: getaddrinfo(slurmctl02:6817) failed: System error: Device or resource busy
[2026-07-22T05:28:22.406] error: slurm_set_addr: Unable to resolve "slurmctl02"
[2026-07-22T05:28:47.414] error: _xgetaddrinfo: getaddrinfo(slurmctl01:6817) failed: System error: Device or resource busy
[2026-07-22T05:28:47.414] error: slurm_set_addr: Unable to resolve "slurmctl01"
[2026-07-22T05:28:47.420] error: _xgetaddrinfo: getaddrinfo(slurmctl02:6817) failed: System error: Device or resource busy
[2026-07-22T05:28:47.420] error: slurm_set_addr: Unable to resolve "slurmctl02"
[2026-07-22T05:29:12.428] error: _xgetaddrinfo: getaddrinfo(slurmctl01:6817) failed: System error: Device or resource busy
[2026-07-22T05:29:12.428] error: slurm_set_addr: Unable to resolve "slurmctl01"
[2026-07-22T05:29:12.436] error: _xgetaddrinfo: getaddrinfo(slurmctl02:6817) failed: System error: Device or resource busy
[2026-07-22T05:29:12.436] error: slurm_set_addr: Unable to resolve "slurmctl02"
[2026-07-22T05:29:37.446] error: _xgetaddrinfo: getaddrinfo(slurmctl01:6817) failed: System error: Device or resource busy
[2026-07-22T05:29:37.446] error: slurm_set_addr: Unable to resolve "slurmctl01"
[2026-07-22T05:29:37.453] error: _xgetaddrinfo: getaddrinfo(slurmctl02:6817) failed: System error: Device or resource busy
[2026-07-22T05:29:37.453] error: slurm_set_addr: Unable to resolve "slurmctl02"
[2026-07-22T05:30:02.461] error: _xgetaddrinfo: getaddrinfo(slurmctl01:6817) failed: System error: Device or resource busy
[2026-07-22T05:30:02.461] error: slurm_set_addr: Unable to resolve "slurmctl01"
[2026-07-22T05:30:02.467] error: _xgetaddrinfo: getaddrinfo(slurmctl02:6817) failed: System error: Device or resource busy
[2026-07-22T05:30:02.467] error: slurm_set_addr: Unable to resolve "slurmctl02"
[2026-07-22T05:30:27.475] error: _xgetaddrinfo: getaddrinfo(slurmctl01:6817) failed: System error: Device or resource busy
[2026-07-22T05:30:27.475] error: slurm_set_addr: Unable to resolve "slurmctl01"
[2026-07-22T05:30:27.481] error: _xgetaddrinfo: getaddrinfo(slurmctl02:6817) failed: System error: Device or resource busy
[2026-07-22T05:30:27.481] error: slurm_set_addr: Unable to resolve "slurmctl02"
[2026-07-22T05:30:52.489] error: _xgetaddrinfo: getaddrinfo(slurmctl01:6817) failed: System error: Device or resource busy
[2026-07-22T05:30:52.489] error: slurm_set_addr: Unable to resolve "slurmctl01"
[2026-07-22T05:30:52.496] error: _xgetaddrinfo: getaddrinfo(slurmctl02:6817) failed: System error: Device or resource busy
[2026-07-22T05:30:52.496] error: slurm_set_addr: Unable to resolve "slurmctl02"
[2026-07-22T05:31:17.504] error: _xgetaddrinfo: getaddrinfo(slurmctl01:6817) failed: System error: Device or resource busy
[2026-07-22T05:31:17.504] error: slurm_set_addr: Unable to resolve "slurmctl01"
[2026-07-22T05:31:17.511] error: _xgetaddrinfo: getaddrinfo(slurmctl02:6817) failed: System error: Device or resource busy
[2026-07-22T05:31:17.511] error: slurm_set_addr: Unable to resolve "slurmctl02"
[2026-07-22T05:31:42.518] error: _xgetaddrinfo: getaddrinfo(slurmctl01:6817) failed: System error: Device or resource busy
[2026-07-22T05:31:42.518] error: slurm_set_addr: Unable to resolve "slurmctl01"
[2026-07-22T05:31:42.524] error: _xgetaddrinfo: getaddrinfo(slurmctl02:6817) failed: System error: Device or resource busy
[2026-07-22T05:31:42.524] error: slurm_set_addr: Unable to resolve "slurmctl02"
[2026-07-22T05:32:07.532] error: _xgetaddrinfo: getaddrinfo(slurmctl01:6817) failed: System error: Device or resource busy
[2026-07-22T05:32:07.532] error: slurm_set_addr: Unable to resolve "slurmctl01"
[2026-07-22T05:32:07.540] error: _xgetaddrinfo: getaddrinfo(slurmctl02:6817) failed: System error: Device or resource busy
[2026-07-22T05:32:07.540] error: slurm_set_addr: Unable to resolve "slurmctl02"
[2026-07-22T05:32:32.547] error: _xgetaddrinfo: getaddrinfo(slurmctl01:6817) failed: System error: Device or resource busy
[2026-07-22T05:32:32.547] error: slurm_set_addr: Unable to resolve "slurmctl01"
[2026-07-22T05:32:32.554] error: _xgetaddrinfo: getaddrinfo(slurmctl02:6817) failed: System error: Device or resource busy
[2026-07-22T05:32:32.554] error: slurm_set_addr: Unable to resolve "slurmctl02"
[2026-07-22T05:32:57.561] error: _xgetaddrinfo: getaddrinfo(slurmctl01:6817) failed: System error: Device or resource busy
[2026-07-22T05:32:57.562] error: slurm_set_addr: Unable to resolve "slurmctl01"
[2026-07-22T05:32:57.568] error: _xgetaddrinfo: getaddrinfo(slurmctl02:6817) failed: System error: Device or resource busy
[2026-07-22T05:32:57.568] error: slurm_set_addr: Unable to resolve "slurmctl02"
[2026-07-22T05:33:22.576] error: _xgetaddrinfo: getaddrinfo(slurmctl01:6817) failed: System error: Device or resource busy
[2026-07-22T05:33:22.576] error: slurm_set_addr: Unable to resolve "slurmctl01"
[2026-07-22T05:33:22.583] error: _xgetaddrinfo: getaddrinfo(slurmctl02:6817) failed: System error: Device or resource busy
[2026-07-22T05:33:22.583] error: slurm_set_addr: Unable to resolve "slurmctl02"
[2026-07-22T05:33:47.591] error: _xgetaddrinfo: getaddrinfo(slurmctl01:6817) failed: System error: Device or resource busy
[2026-07-22T05:33:47.591] error: slurm_set_addr: Unable to resolve "slurmctl01"
[2026-07-22T05:33:47.598] error: _xgetaddrinfo: getaddrinfo(slurmctl02:6817) failed: System error: Device or resource busy
[2026-07-22T05:33:47.598] error: slurm_set_addr: Unable to resolve "slurmctl02"
[2026-07-22T05:34:12.629] error: _xgetaddrinfo: getaddrinfo(slurmctl01:6817) failed: System error: Device or resource busy
[2026-07-22T05:34:12.629] error: slurm_set_addr: Unable to resolve "slurmctl01"
[2026-07-22T05:34:12.639] error: _xgetaddrinfo: getaddrinfo(slurmctl02:6817) failed: System error: Device or resource busy
[2026-07-22T05:34:12.639] error: slurm_set_addr: Unable to resolve "slurmctl02"
[2026-07-22T05:34:37.647] error: _xgetaddrinfo: getaddrinfo(slurmctl01:6817) failed: System error: Device or resource busy
[2026-07-22T05:34:37.648] error: slurm_set_addr: Unable to resolve "slurmctl01"
[2026-07-22T05:34:37.654] error: _xgetaddrinfo: getaddrinfo(slurmctl02:6817) failed: System error: Device or resource busy
[2026-07-22T05:34:37.654] error: slurm_set_addr: Unable to resolve "slurmctl02"
[2026-07-22T05:35:02.662] error: _xgetaddrinfo: getaddrinfo(slurmctl01:6817) failed: System error: Device or resource busy
[2026-07-22T05:35:02.662] error: slurm_set_addr: Unable to resolve "slurmctl01"
[2026-07-22T05:35:02.668] error: _xgetaddrinfo: getaddrinfo(slurmctl02:6817) failed: System error: Device or resource busy
[2026-07-22T05:35:02.668] error: slurm_set_addr: Unable to resolve "slurmctl02"
[2026-07-22T05:35:27.676] error: _xgetaddrinfo: getaddrinfo(slurmctl01:6817) failed: System error: Device or resource busy
[2026-07-22T05:35:27.676] error: slurm_set_addr: Unable to resolve "slurmctl01"
[2026-07-22T05:35:27.683] error: _xgetaddrinfo: getaddrinfo(slurmctl02:6817) failed: System error: Device or resource busy
[2026-07-22T05:35:27.683] error: slurm_set_addr: Unable to resolve "slurmctl02"
[2026-07-22T05:35:52.691] error: _xgetaddrinfo: getaddrinfo(slurmctl01:6817) failed: System error: Device or resource busy
[2026-07-22T05:35:52.691] error: slurm_set_addr: Unable to resolve "slurmctl01"
[2026-07-22T05:35:52.697] error: _xgetaddrinfo: getaddrinfo(slurmctl02:6817) failed: System error: Device or resource busy
[2026-07-22T05:35:52.697] error: slurm_set_addr: Unable to resolve "slurmctl02"
[2026-07-22T05:36:17.706] error: _xgetaddrinfo: getaddrinfo(slurmctl01:6817) failed: System error: Device or resource busy
[2026-07-22T05:36:17.706] error: slurm_set_addr: Unable to resolve "slurmctl01"
[2026-07-22T05:36:17.712] error: _xgetaddrinfo: getaddrinfo(slurmctl02:6817) failed: System error: Device or resource busy
[2026-07-22T05:36:17.712] error: slurm_set_addr: Unable to resolve "slurmctl02"
[2026-07-22T05:36:42.720] error: _xgetaddrinfo: getaddrinfo(slurmctl01:6817) failed: System error: Device or resource busy
[2026-07-22T05:36:42.720] error: slurm_set_addr: Unable to resolve "slurmctl01"
[2026-07-22T05:36:42.727] error: _xgetaddrinfo: getaddrinfo(slurmctl02:6817) failed: System error: Device or resource busy
[2026-07-22T05:36:42.727] error: slurm_set_addr: Unable to resolve "slurmctl02"
[2026-07-22T05:37:07.735] error: _xgetaddrinfo: getaddrinfo(slurmctl01:6817) failed: System error: Device or resource busy
[2026-07-22T05:37:07.735] error: slurm_set_addr: Unable to resolve "slurmctl01"
[2026-07-22T05:37:07.741] error: _xgetaddrinfo: getaddrinfo(slurmctl02:6817) failed: System error: Device or resource busy
[2026-07-22T05:37:07.741] error: slurm_set_addr: Unable to resolve "slurmctl02"
[2026-07-22T05:37:32.748] error: _xgetaddrinfo: getaddrinfo(slurmctl01:6817) failed: System error: Device or resource busy
[2026-07-22T05:37:32.749] error: slurm_set_addr: Unable to resolve "slurmctl01"
[2026-07-22T05:37:32.755] error: _xgetaddrinfo: getaddrinfo(slurmctl02:6817) failed: System error: Device or resource busy
[2026-07-22T05:37:32.755] error: slurm_set_addr: Unable to resolve "slurmctl02"
[2026-07-22T05:37:57.763] error: _xgetaddrinfo: getaddrinfo(slurmctl01:6817) failed: System error: Device or resource busy
[2026-07-22T05:37:57.763] error: slurm_set_addr: Unable to resolve "slurmctl01"
[2026-07-22T05:37:57.769] error: _xgetaddrinfo: getaddrinfo(slurmctl02:6817) failed: System error: Device or resource busy
[2026-07-22T05:37:57.769] error: slurm_set_addr: Unable to resolve "slurmctl02"
[2026-07-22T05:38:22.777] error: _xgetaddrinfo: getaddrinfo(slurmctl01:6817) failed: System error: Device or resource busy
[2026-07-22T05:38:22.777] error: slurm_set_addr: Unable to resolve "slurmctl01"
[2026-07-22T05:38:22.784] error: _xgetaddrinfo: getaddrinfo(slurmctl02:6817) failed: System error: Device or resource busy
[2026-07-22T05:38:22.784] error: slurm_set_addr: Unable to resolve "slurmctl02"
[2026-07-22T05:38:47.792] error: _xgetaddrinfo: getaddrinfo(slurmctl01:6817) failed: System error: Device or resource busy
[2026-07-22T05:38:47.792] error: slurm_set_addr: Unable to resolve "slurmctl01"
[2026-07-22T05:38:47.798] error: _xgetaddrinfo: getaddrinfo(slurmctl02:6817) failed: System error: Device or resource busy
[2026-07-22T05:38:47.799] error: slurm_set_addr: Unable to resolve "slurmctl02"
[2026-07-22T05:39:12.806] error: _xgetaddrinfo: getaddrinfo(slurmctl01:6817) failed: System error: Device or resource busy
[2026-07-22T05:39:12.806] error: slurm_set_addr: Unable to resolve "slurmctl01"
[2026-07-22T05:39:12.813] error: _xgetaddrinfo: getaddrinfo(slurmctl02:6817) failed: System error: Device or resource busy
[2026-07-22T05:39:12.813] error: slurm_set_addr: Unable to resolve "slurmctl02"
[2026-07-22T05:39:37.821] error: _xgetaddrinfo: getaddrinfo(slurmctl01:6817) failed: System error: Device or resource busy
[2026-07-22T05:39:37.822] error: slurm_set_addr: Unable to resolve "slurmctl01"
[2026-07-22T05:39:37.828] error: _xgetaddrinfo: getaddrinfo(slurmctl02:6817) failed: System error: Device or resource busy
[2026-07-22T05:39:37.828] error: slurm_set_addr: Unable to resolve "slurmctl02"
[2026-07-22T05:40:02.836] error: _xgetaddrinfo: getaddrinfo(slurmctl01:6817) failed: System error: Device or resource busy
[2026-07-22T05:40:02.836] error: slurm_set_addr: Unable to resolve "slurmctl01"
[2026-07-22T05:40:02.842] error: _xgetaddrinfo: getaddrinfo(slurmctl02:6817) failed: System error: Device or resource busy
[2026-07-22T05:40:02.842] error: slurm_set_addr: Unable to resolve "slurmctl02"
[2026-07-22T05:40:27.849] error: _xgetaddrinfo: getaddrinfo(slurmctl01:6817) failed: System error: Device or resource busy
[2026-07-22T05:40:27.849] error: slurm_set_addr: Unable to resolve "slurmctl01"
[2026-07-22T05:40:27.856] error: _xgetaddrinfo: getaddrinfo(slurmctl02:6817) failed: System error: Device or resource busy
[2026-07-22T05:40:27.856] error: slurm_set_addr: Unable to resolve "slurmctl02"
[2026-07-22T05:40:52.864] error: _xgetaddrinfo: getaddrinfo(slurmctl01:6817) failed: System error: Device or resource busy
[2026-07-22T05:40:52.864] error: slurm_set_addr: Unable to resolve "slurmctl01"
[2026-07-22T05:40:52.870] error: _xgetaddrinfo: getaddrinfo(slurmctl02:6817) failed: System error: Device or resource busy
[2026-07-22T05:40:52.870] error: slurm_set_addr: Unable to resolve "slurmctl02"
[2026-07-22T05:41:17.879] error: _xgetaddrinfo: getaddrinfo(slurmctl01:6817) failed: System error: Device or resource busy
[2026-07-22T05:41:17.879] error: slurm_set_addr: Unable to resolve "slurmctl01"
[2026-07-22T05:41:17.886] error: _xgetaddrinfo: getaddrinfo(slurmctl02:6817) failed: System error: Device or resource busy
[2026-07-22T05:41:17.886] error: slurm_set_addr: Unable to resolve "slurmctl02"
[2026-07-22T05:41:42.893] error: _xgetaddrinfo: getaddrinfo(slurmctl01:6817) failed: System error: Device or resource busy
[2026-07-22T05:41:42.894] error: slurm_set_addr: Unable to resolve "slurmctl01"
[2026-07-22T05:41:42.900] error: _xgetaddrinfo: getaddrinfo(slurmctl02:6817) failed: System error: Device or resource busy
[2026-07-22T05:41:42.900] error: slurm_set_addr: Unable to resolve "slurmctl02"
[2026-07-22T05:42:07.908] error: _xgetaddrinfo: getaddrinfo(slurmctl01:6817) failed: System error: Device or resource busy
[2026-07-22T05:42:07.908] error: slurm_set_addr: Unable to resolve "slurmctl01"
[2026-07-22T05:42:07.914] error: _xgetaddrinfo: getaddrinfo(slurmctl02:6817) failed: System error: Device or resource busy
[2026-07-22T05:42:07.914] error: slurm_set_addr: Unable to resolve "slurmctl02"
[2026-07-22T05:42:32.922] error: _xgetaddrinfo: getaddrinfo(slurmctl01:6817) failed: System error: Device or resource busy
[2026-07-22T05:42:32.922] error: slurm_set_addr: Unable to resolve "slurmctl01"
[2026-07-22T05:42:32.929] error: _xgetaddrinfo: getaddrinfo(slurmctl02:6817) failed: System error: Device or resource busy
[2026-07-22T05:42:32.929] error: slurm_set_addr: Unable to resolve "slurmctl02"
[2026-07-22T05:42:57.937] error: _xgetaddrinfo: getaddrinfo(slurmctl01:6817) failed: System error: Device or resource busy
[2026-07-22T05:42:57.937] error: slurm_set_addr: Unable to resolve "slurmctl01"
[2026-07-22T05:42:57.943] error: _xgetaddrinfo: getaddrinfo(slurmctl02:6817) failed: System error: Device or resource busy
[2026-07-22T05:42:57.944] error: slurm_set_addr: Unable to resolve "slurmctl02"
[2026-07-22T05:43:22.951] error: _xgetaddrinfo: getaddrinfo(slurmctl01:6817) failed: System error: Device or resource busy
[2026-07-22T05:43:22.952] error: slurm_set_addr: Unable to resolve "slurmctl01"
[2026-07-22T05:43:22.958] error: _xgetaddrinfo: getaddrinfo(slurmctl02:6817) failed: System error: Device or resource busy
[2026-07-22T05:43:22.958] error: slurm_set_addr: Unable to resolve "slurmctl02"
[2026-07-22T05:43:47.966] error: _xgetaddrinfo: getaddrinfo(slurmctl01:6817) failed: System error: Device or resource busy
[2026-07-22T05:43:47.966] error: slurm_set_addr: Unable to resolve "slurmctl01"
[2026-07-22T05:43:47.972] error: _xgetaddrinfo: getaddrinfo(slurmctl02:6817) failed: System error: Device or resource busy
[2026-07-22T05:43:47.973] error: slurm_set_addr: Unable to resolve "slurmctl02"
[2026-07-22T05:44:12.980] error: _xgetaddrinfo: getaddrinfo(slurmctl01:6817) failed: System error: Device or resource busy
[2026-07-22T05:44:12.981] error: slurm_set_addr: Unable to resolve "slurmctl01"
[2026-07-22T05:44:12.987] error: _xgetaddrinfo: getaddrinfo(slurmctl02:6817) failed: System error: Device or resource busy
[2026-07-22T05:44:12.987] error: slurm_set_addr: Unable to resolve "slurmctl02"
[2026-07-22T05:44:37.995] error: _xgetaddrinfo: getaddrinfo(slurmctl01:6817) failed: System error: Device or resource busy
[2026-07-22T05:44:37.995] error: slurm_set_addr: Unable to resolve "slurmctl01"
[2026-07-22T05:44:38.002] error: _xgetaddrinfo: getaddrinfo(slurmctl02:6817) failed: System error: Device or resource busy
[2026-07-22T05:44:38.002] error: slurm_set_addr: Unable to resolve "slurmctl02"
[2026-07-22T05:45:02.009] error: _xgetaddrinfo: getaddrinfo(slurmctl01:6817) failed: System error: Device or resource busy
[2026-07-22T05:45:02.009] error: slurm_set_addr: Unable to resolve "slurmctl01"
[2026-07-22T05:45:02.015] error: _xgetaddrinfo: getaddrinfo(slurmctl02:6817) failed: System error: Device or resource busy
[2026-07-22T05:45:02.016] error: slurm_set_addr: Unable to resolve "slurmctl02"
[2026-07-22T05:45:27.024] error: _xgetaddrinfo: getaddrinfo(slurmctl01:6817) failed: System error: Device or resource busy
[2026-07-22T05:45:27.024] error: slurm_set_addr: Unable to resolve "slurmctl01"
[2026-07-22T05:45:27.030] error: _xgetaddrinfo: getaddrinfo(slurmctl02:6817) failed: System error: Device or resource busy
[2026-07-22T05:45:27.030] error: slurm_set_addr: Unable to resolve "slurmctl02"
[2026-07-22T05:45:52.038] error: _xgetaddrinfo: getaddrinfo(slurmctl01:6817) failed: System error: Device or resource busy
[2026-07-22T05:45:52.038] error: slurm_set_addr: Unable to resolve "slurmctl01"
[2026-07-22T05:45:52.045] error: _xgetaddrinfo: getaddrinfo(slurmctl02:6817) failed: System error: Device or resource busy
[2026-07-22T05:45:52.045] error: slurm_set_addr: Unable to resolve "slurmctl02"
[2026-07-22T05:46:17.053] error: _xgetaddrinfo: getaddrinfo(slurmctl01:6817) failed: System error: Device or resource busy
[2026-07-22T05:46:17.053] error: slurm_set_addr: Unable to resolve "slurmctl01"
[2026-07-22T05:46:17.059] error: _xgetaddrinfo: getaddrinfo(slurmctl02:6817) failed: System error: Device or resource busy
[2026-07-22T05:46:17.059] error: slurm_set_addr: Unable to resolve "slurmctl02"
[2026-07-22T05:46:42.066] error: _xgetaddrinfo: getaddrinfo(slurmctl01:6817) failed: System error: Device or resource busy
[2026-07-22T05:46:42.067] error: slurm_set_addr: Unable to resolve "slurmctl01"
[2026-07-22T05:46:42.073] error: _xgetaddrinfo: getaddrinfo(slurmctl02:6817) failed: System error: Device or resource busy
[2026-07-22T05:46:42.073] error: slurm_set_addr: Unable to resolve "slurmctl02"
[2026-07-22T05:47:07.081] error: _xgetaddrinfo: getaddrinfo(slurmctl01:6817) failed: System error: Device or resource busy
[2026-07-22T05:47:07.081] error: slurm_set_addr: Unable to resolve "slurmctl01"
[2026-07-22T05:47:07.087] error: _xgetaddrinfo: getaddrinfo(slurmctl02:6817) failed: System error: Device or resource busy
[2026-07-22T05:47:07.087] error: slurm_set_addr: Unable to resolve "slurmctl02"
[2026-07-22T05:47:32.095] error: _xgetaddrinfo: getaddrinfo(slurmctl01:6817) failed: System error: Device or resource busy
[2026-07-22T05:47:32.095] error: slurm_set_addr: Unable to resolve "slurmctl01"
[2026-07-22T05:47:32.101] error: _xgetaddrinfo: getaddrinfo(slurmctl02:6817) failed: System error: Device or resource busy
[2026-07-22T05:47:32.101] error: slurm_set_addr: Unable to resolve "slurmctl02"
[2026-07-22T05:47:57.109] error: _xgetaddrinfo: getaddrinfo(slurmctl01:6817) failed: System error: Device or resource busy
[2026-07-22T05:47:57.110] error: slurm_set_addr: Unable to resolve "slurmctl01"
[2026-07-22T05:47:57.116] error: _xgetaddrinfo: getaddrinfo(slurmctl02:6817) failed: System error: Device or resource busy
[2026-07-22T05:47:57.116] error: slurm_set_addr: Unable to resolve "slurmctl02"
[2026-07-22T05:48:22.124] error: _xgetaddrinfo: getaddrinfo(slurmctl01:6817) failed: System error: Device or resource busy
[2026-07-22T05:48:22.124] error: slurm_set_addr: Unable to resolve "slurmctl01"
[2026-07-22T05:48:22.130] error: _xgetaddrinfo: getaddrinfo(slurmctl02:6817) failed: System error: Device or resource busy
[2026-07-22T05:48:22.130] error: slurm_set_addr: Unable to resolve "slurmctl02"
[2026-07-22T05:48:47.138] error: _xgetaddrinfo: getaddrinfo(slurmctl01:6817) failed: System error: Device or resource busy
[2026-07-22T05:48:47.138] error: slurm_set_addr: Unable to resolve "slurmctl01"
[2026-07-22T05:48:47.145] error: _xgetaddrinfo: getaddrinfo(slurmctl02:6817) failed: System error: Device or resource busy
[2026-07-22T05:48:47.145] error: slurm_set_addr: Unable to resolve "slurmctl02"
[2026-07-22T05:49:12.152] error: _xgetaddrinfo: getaddrinfo(slurmctl01:6817) failed: System error: Device or resource busy
[2026-07-22T05:49:12.152] error: slurm_set_addr: Unable to resolve "slurmctl01"
[2026-07-22T05:49:12.158] error: _xgetaddrinfo: getaddrinfo(slurmctl02:6817) failed: System error: Device or resource busy
[2026-07-22T05:49:12.159] error: slurm_set_addr: Unable to resolve "slurmctl02"
[2026-07-22T05:49:37.166] error: _xgetaddrinfo: getaddrinfo(slurmctl01:6817) failed: System error: Device or resource busy
[2026-07-22T05:49:37.166] error: slurm_set_addr: Unable to resolve "slurmctl01"
[2026-07-22T05:49:37.172] error: _xgetaddrinfo: getaddrinfo(slurmctl02:6817) failed: System error: Device or resource busy
[2026-07-22T05:49:37.172] error: slurm_set_addr: Unable to resolve "slurmctl02"
[2026-07-22T05:50:02.180] error: _xgetaddrinfo: getaddrinfo(slurmctl01:6817) failed: System error: Device or resource busy
[2026-07-22T05:50:02.180] error: slurm_set_addr: Unable to resolve "slurmctl01"
[2026-07-22T05:50:02.186] error: _xgetaddrinfo: getaddrinfo(slurmctl02:6817) failed: System error: Device or resource busy
[2026-07-22T05:50:02.186] error: slurm_set_addr: Unable to resolve "slurmctl02"
[2026-07-22T05:50:27.195] error: _xgetaddrinfo: getaddrinfo(slurmctl01:6817) failed: System error: Device or resource busy
[2026-07-22T05:50:27.195] error: slurm_set_addr: Unable to resolve "slurmctl01"
[2026-07-22T05:50:27.201] error: _xgetaddrinfo: getaddrinfo(slurmctl02:6817) failed: System error: Device or resource busy
[2026-07-22T05:50:27.201] error: slurm_set_addr: Unable to resolve "slurmctl02"
[2026-07-22T05:50:52.209] error: _xgetaddrinfo: getaddrinfo(slurmctl01:6817) failed: System error: Device or resource busy
[2026-07-22T05:50:52.209] error: slurm_set_addr: Unable to resolve "slurmctl01"
[2026-07-22T05:50:52.216] error: _xgetaddrinfo: getaddrinfo(slurmctl02:6817) failed: System error: Device or resource busy
[2026-07-22T05:50:52.216] error: slurm_set_addr: Unable to resolve "slurmctl02"
[2026-07-22T05:51:17.224] error: _xgetaddrinfo: getaddrinfo(slurmctl01:6817) failed: System error: Device or resource busy
[2026-07-22T05:51:17.224] error: slurm_set_addr: Unable to resolve "slurmctl01"
[2026-07-22T05:51:17.229] error: _xgetaddrinfo: getaddrinfo(slurmctl02:6817) failed: System error: Device or resource busy
[2026-07-22T05:51:17.230] error: slurm_set_addr: Unable to resolve "slurmctl02"
[2026-07-22T05:51:42.238] error: _xgetaddrinfo: getaddrinfo(slurmctl01:6817) failed: System error: Device or resource busy
[2026-07-22T05:51:42.238] error: slurm_set_addr: Unable to resolve "slurmctl01"
[2026-07-22T05:51:42.244] error: _xgetaddrinfo: getaddrinfo(slurmctl02:6817) failed: System error: Device or resource busy
[2026-07-22T05:51:42.244] error: slurm_set_addr: Unable to resolve "slurmctl02"
[2026-07-22T05:52:07.251] error: _xgetaddrinfo: getaddrinfo(slurmctl01:6817) failed: System error: Device or resource busy
[2026-07-22T05:52:07.251] error: slurm_set_addr: Unable to resolve "slurmctl01"
[2026-07-22T05:52:07.257] error: _xgetaddrinfo: getaddrinfo(slurmctl02:6817) failed: System error: Device or resource busy
[2026-07-22T05:52:07.257] error: slurm_set_addr: Unable to resolve "slurmctl02"
[2026-07-22T05:52:32.265] error: _xgetaddrinfo: getaddrinfo(slurmctl01:6817) failed: System error: Device or resource busy
[2026-07-22T05:52:32.265] error: slurm_set_addr: Unable to resolve "slurmctl01"
[2026-07-22T05:52:32.271] error: _xgetaddrinfo: getaddrinfo(slurmctl02:6817) failed: System error: Device or resource busy
[2026-07-22T05:52:32.271] error: slurm_set_addr: Unable to resolve "slurmctl02"
[2026-07-22T05:52:57.279] error: _xgetaddrinfo: getaddrinfo(slurmctl01:6817) failed: System error: Device or resource busy
[2026-07-22T05:52:57.279] error: slurm_set_addr: Unable to resolve "slurmctl01"
[2026-07-22T05:52:57.285] error: _xgetaddrinfo: getaddrinfo(slurmctl02:6817) failed: System error: Device or resource busy
[2026-07-22T05:52:57.285] error: slurm_set_addr: Unable to resolve "slurmctl02"
[2026-07-22T05:53:22.293] error: _xgetaddrinfo: getaddrinfo(slurmctl01:6817) failed: System error: Device or resource busy
[2026-07-22T05:53:22.293] error: slurm_set_addr: Unable to resolve "slurmctl01"
[2026-07-22T05:53:22.299] error: _xgetaddrinfo: getaddrinfo(slurmctl02:6817) failed: System error: Device or resource busy
[2026-07-22T05:53:22.299] error: slurm_set_addr: Unable to resolve "slurmctl02"
[2026-07-22T05:53:47.307] error: _xgetaddrinfo: getaddrinfo(slurmctl01:6817) failed: System error: Device or resource busy
[2026-07-22T05:53:47.307] error: slurm_set_addr: Unable to resolve "slurmctl01"
[2026-07-22T05:53:47.313] error: _xgetaddrinfo: getaddrinfo(slurmctl02:6817) failed: System error: Device or resource busy
[2026-07-22T05:53:47.313] error: slurm_set_addr: Unable to resolve "slurmctl02"
[2026-07-22T05:54:12.321] error: _xgetaddrinfo: getaddrinfo(slurmctl01:6817) failed: System error: Device or resource busy
[2026-07-22T05:54:12.322] error: slurm_set_addr: Unable to resolve "slurmctl01"
[2026-07-22T05:54:12.328] error: _xgetaddrinfo: getaddrinfo(slurmctl02:6817) failed: System error: Device or resource busy
[2026-07-22T05:54:12.329] error: slurm_set_addr: Unable to resolve "slurmctl02"
[2026-07-22T05:54:37.336] error: _xgetaddrinfo: getaddrinfo(slurmctl01:6817) failed: System error: Device or resource busy
[2026-07-22T05:54:37.336] error: slurm_set_addr: Unable to resolve "slurmctl01"
[2026-07-22T05:54:37.343] error: _xgetaddrinfo: getaddrinfo(slurmctl02:6817) failed: System error: Device or resource busy
[2026-07-22T05:54:37.343] error: slurm_set_addr: Unable to resolve "slurmctl02"
[2026-07-22T05:55:02.350] error: _xgetaddrinfo: getaddrinfo(slurmctl01:6817) failed: System error: Device or resource busy
[2026-07-22T05:55:02.350] error: slurm_set_addr: Unable to resolve "slurmctl01"
[2026-07-22T05:55:02.356] error: _xgetaddrinfo: getaddrinfo(slurmctl02:6817) failed: System error: Device or resource busy
[2026-07-22T05:55:02.356] error: slurm_set_addr: Unable to resolve "slurmctl02"
[2026-07-22T05:55:27.364] error: _xgetaddrinfo: getaddrinfo(slurmctl01:6817) failed: System error: Device or resource busy
[2026-07-22T05:55:27.364] error: slurm_set_addr: Unable to resolve "slurmctl01"
[2026-07-22T05:55:27.370] error: _xgetaddrinfo: getaddrinfo(slurmctl02:6817) failed: System error: Device or resource busy
[2026-07-22T05:55:27.370] error: slurm_set_addr: Unable to resolve "slurmctl02"
[2026-07-22T05:55:52.377] error: _xgetaddrinfo: getaddrinfo(slurmctl01:6817) failed: System error: Device or resource busy
[2026-07-22T05:55:52.378] error: slurm_set_addr: Unable to resolve "slurmctl01"
[2026-07-22T05:55:52.384] error: _xgetaddrinfo: getaddrinfo(slurmctl02:6817) failed: System error: Device or resource busy
[2026-07-22T05:55:52.384] error: slurm_set_addr: Unable to resolve "slurmctl02"
[2026-07-22T05:56:17.392] error: _xgetaddrinfo: getaddrinfo(slurmctl01:6817) failed: System error: Device or resource busy
[2026-07-22T05:56:17.392] error: slurm_set_addr: Unable to resolve "slurmctl01"
[2026-07-22T05:56:17.398] error: _xgetaddrinfo: getaddrinfo(slurmctl02:6817) failed: System error: Device or resource busy
[2026-07-22T05:56:17.398] error: slurm_set_addr: Unable to resolve "slurmctl02"
[2026-07-22T05:56:42.406] error: _xgetaddrinfo: getaddrinfo(slurmctl01:6817) failed: System error: Device or resource busy
[2026-07-22T05:56:42.406] error: slurm_set_addr: Unable to resolve "slurmctl01"
[2026-07-22T05:56:42.412] error: _xgetaddrinfo: getaddrinfo(slurmctl02:6817) failed: System error: Device or resource busy
[2026-07-22T05:56:42.412] error: slurm_set_addr: Unable to resolve "slurmctl02"
[2026-07-22T05:57:07.421] error: _xgetaddrinfo: getaddrinfo(slurmctl01:6817) failed: System error: Device or resource busy
[2026-07-22T05:57:07.421] error: slurm_set_addr: Unable to resolve "slurmctl01"
[2026-07-22T05:57:07.427] error: _xgetaddrinfo: getaddrinfo(slurmctl02:6817) failed: System error: Device or resource busy
[2026-07-22T05:57:07.427] error: slurm_set_addr: Unable to resolve "slurmctl02"
[2026-07-22T05:57:32.435] error: _xgetaddrinfo: getaddrinfo(slurmctl01:6817) failed: System error: Device or resource busy
[2026-07-22T05:57:32.435] error: slurm_set_addr: Unable to resolve "slurmctl01"
[2026-07-22T05:57:32.441] error: _xgetaddrinfo: getaddrinfo(slurmctl02:6817) failed: System error: Device or resource busy
[2026-07-22T05:57:32.441] error: slurm_set_addr: Unable to resolve "slurmctl02"
[2026-07-22T05:57:57.449] error: _xgetaddrinfo: getaddrinfo(slurmctl01:6817) failed: System error: Device or resource busy
[2026-07-22T05:57:57.449] error: slurm_set_addr: Unable to resolve "slurmctl01"
[2026-07-22T05:57:57.455] error: _xgetaddrinfo: getaddrinfo(slurmctl02:6817) failed: System error: Device or resource busy
[2026-07-22T05:57:57.455] error: slurm_set_addr: Unable to resolve "slurmctl02"
[2026-07-22T05:58:22.463] error: _xgetaddrinfo: getaddrinfo(slurmctl01:6817) failed: System error: Device or resource busy
[2026-07-22T05:58:22.463] error: slurm_set_addr: Unable to resolve "slurmctl01"
[2026-07-22T05:58:22.469] error: _xgetaddrinfo: getaddrinfo(slurmctl02:6817) failed: System error: Device or resource busy
[2026-07-22T05:58:22.469] error: slurm_set_addr: Unable to resolve "slurmctl02"
[2026-07-22T05:58:47.477] error: _xgetaddrinfo: getaddrinfo(slurmctl01:6817) failed: System error: Device or resource busy
[2026-07-22T05:58:47.477] error: slurm_set_addr: Unable to resolve "slurmctl01"
[2026-07-22T05:58:47.483] error: _xgetaddrinfo: getaddrinfo(slurmctl02:6817) failed: System error: Device or resource busy
[2026-07-22T05:58:47.483] error: slurm_set_addr: Unable to resolve "slurmctl02"
[2026-07-22T05:59:12.491] error: _xgetaddrinfo: getaddrinfo(slurmctl01:6817) failed: System error: Device or resource busy
[2026-07-22T05:59:12.491] error: slurm_set_addr: Unable to resolve "slurmctl01"
[2026-07-22T05:59:12.497] error: _xgetaddrinfo: getaddrinfo(slurmctl02:6817) failed: System error: Device or resource busy
[2026-07-22T05:59:12.497] error: slurm_set_addr: Unable to resolve "slurmctl02"
[2026-07-22T05:59:37.506] error: _xgetaddrinfo: getaddrinfo(slurmctl01:6817) failed: System error: Device or resource busy
[2026-07-22T05:59:37.506] error: slurm_set_addr: Unable to resolve "slurmctl01"
[2026-07-22T05:59:37.512] error: _xgetaddrinfo: getaddrinfo(slurmctl02:6817) failed: System error: Device or resource busy
[2026-07-22T05:59:37.512] error: slurm_set_addr: Unable to resolve "slurmctl02"
[2026-07-22T06:00:02.520] error: _xgetaddrinfo: getaddrinfo(slurmctl01:6817) failed: System error: Device or resource busy
[2026-07-22T06:00:02.520] error: slurm_set_addr: Unable to resolve "slurmctl01"
[2026-07-22T06:00:02.526] error: _xgetaddrinfo: getaddrinfo(slurmctl02:6817) failed: System error: Device or resource busy
[2026-07-22T06:00:02.526] error: slurm_set_addr: Unable to resolve "slurmctl02"
[2026-07-22T06:00:27.534] error: _xgetaddrinfo: getaddrinfo(slurmctl01:6817) failed: System error: Device or resource busy
[2026-07-22T06:00:27.534] error: slurm_set_addr: Unable to resolve "slurmctl01"
[2026-07-22T06:00:27.541] error: _xgetaddrinfo: getaddrinfo(slurmctl02:6817) failed: System error: Device or resource busy
[2026-07-22T06:00:27.541] error: slurm_set_addr: Unable to resolve "slurmctl02"
[2026-07-22T06:00:52.549] error: _xgetaddrinfo: getaddrinfo(slurmctl01:6817) failed: System error: Device or resource busy
[2026-07-22T06:00:52.549] error: slurm_set_addr: Unable to resolve "slurmctl01"
[2026-07-22T06:00:52.554] error: _xgetaddrinfo: getaddrinfo(slurmctl02:6817) failed: System error: Device or resource busy
[2026-07-22T06:00:52.554] error: slurm_set_addr: Unable to resolve "slurmctl02"
[2026-07-22T06:01:17.562] error: _xgetaddrinfo: getaddrinfo(slurmctl01:6817) failed: System error: Device or resource busy
[2026-07-22T06:01:17.562] error: slurm_set_addr: Unable to resolve "slurmctl01"
[2026-07-22T06:01:17.568] error: _xgetaddrinfo: getaddrinfo(slurmctl02:6817) failed: System error: Device or resource busy
[2026-07-22T06:01:17.568] error: slurm_set_addr: Unable to resolve "slurmctl02"
[2026-07-22T06:01:42.577] error: _xgetaddrinfo: getaddrinfo(slurmctl01:6817) failed: System error: Device or resource busy
[2026-07-22T06:01:42.577] error: slurm_set_addr: Unable to resolve "slurmctl01"
[2026-07-22T06:01:42.583] error: _xgetaddrinfo: getaddrinfo(slurmctl02:6817) failed: System error: Device or resource busy
[2026-07-22T06:01:42.583] error: slurm_set_addr: Unable to resolve "slurmctl02"
[2026-07-22T06:02:07.591] error: _xgetaddrinfo: getaddrinfo(slurmctl01:6817) failed: System error: Device or resource busy
[2026-07-22T06:02:07.591] error: slurm_set_addr: Unable to resolve "slurmctl01"
[2026-07-22T06:02:07.597] error: _xgetaddrinfo: getaddrinfo(slurmctl02:6817) failed: System error: Device or resource busy
[2026-07-22T06:02:07.597] error: slurm_set_addr: Unable to resolve "slurmctl02"
[2026-07-22T06:02:32.605] error: _xgetaddrinfo: getaddrinfo(slurmctl01:6817) failed: System error: Device or resource busy
[2026-07-22T06:02:32.606] error: slurm_set_addr: Unable to resolve "slurmctl01"
[2026-07-22T06:02:32.612] error: _xgetaddrinfo: getaddrinfo(slurmctl02:6817) failed: System error: Device or resource busy
[2026-07-22T06:02:32.612] error: slurm_set_addr: Unable to resolve "slurmctl02"
[2026-07-22T06:02:57.619] error: _xgetaddrinfo: getaddrinfo(slurmctl01:6817) failed: System error: Device or resource busy
[2026-07-22T06:02:57.619] error: slurm_set_addr: Unable to resolve "slurmctl01"
[2026-07-22T06:02:57.626] error: _xgetaddrinfo: getaddrinfo(slurmctl02:6817) failed: System error: Device or resource busy
[2026-07-22T06:02:57.626] error: slurm_set_addr: Unable to resolve "slurmctl02"
[2026-07-22T06:03:22.634] error: _xgetaddrinfo: getaddrinfo(slurmctl01:6817) failed: System error: Device or resource busy
[2026-07-22T06:03:22.634] error: slurm_set_addr: Unable to resolve "slurmctl01"
[2026-07-22T06:03:22.640] error: _xgetaddrinfo: getaddrinfo(slurmctl02:6817) failed: System error: Device or resource busy
[2026-07-22T06:03:22.640] error: slurm_set_addr: Unable to resolve "slurmctl02"
[2026-07-22T06:03:47.649] error: _xgetaddrinfo: getaddrinfo(slurmctl01:6817) failed: System error: Device or resource busy
[2026-07-22T06:03:47.649] error: slurm_set_addr: Unable to resolve "slurmctl01"
[2026-07-22T06:03:47.654] error: _xgetaddrinfo: getaddrinfo(slurmctl02:6817) failed: System error: Device or resource busy
[2026-07-22T06:03:47.655] error: slurm_set_addr: Unable to resolve "slurmctl02"
[2026-07-22T06:04:12.662] error: _xgetaddrinfo: getaddrinfo(slurmctl01:6817) failed: System error: Device or resource busy
[2026-07-22T06:04:12.663] error: slurm_set_addr: Unable to resolve "slurmctl01"
[2026-07-22T06:04:12.668] error: _xgetaddrinfo: getaddrinfo(slurmctl02:6817) failed: System error: Device or resource busy
[2026-07-22T06:04:12.668] error: slurm_set_addr: Unable to resolve "slurmctl02"
[2026-07-22T06:04:37.679] error: _xgetaddrinfo: getaddrinfo(slurmctl01:6817) failed: System error: Device or resource busy
[2026-07-22T06:04:37.679] error: slurm_set_addr: Unable to resolve "slurmctl01"
[2026-07-22T06:04:37.685] error: _xgetaddrinfo: getaddrinfo(slurmctl02:6817) failed: System error: Device or resource busy
[2026-07-22T06:04:37.685] error: slurm_set_addr: Unable to resolve "slurmctl02"
[2026-07-22T06:05:02.693] error: _xgetaddrinfo: getaddrinfo(slurmctl01:6817) failed: System error: Device or resource busy
[2026-07-22T06:05:02.694] error: slurm_set_addr: Unable to resolve "slurmctl01"
[2026-07-22T06:05:02.700] error: _xgetaddrinfo: getaddrinfo(slurmctl02:6817) failed: System error: Device or resource busy
[2026-07-22T06:05:02.700] error: slurm_set_addr: Unable to resolve "slurmctl02"
[2026-07-22T06:05:27.708] error: _xgetaddrinfo: getaddrinfo(slurmctl01:6817) failed: System error: Device or resource busy
[2026-07-22T06:05:27.708] error: slurm_set_addr: Unable to resolve "slurmctl01"
[2026-07-22T06:05:27.714] error: _xgetaddrinfo: getaddrinfo(slurmctl02:6817) failed: System error: Device or resource busy
[2026-07-22T06:05:27.714] error: slurm_set_addr: Unable to resolve "slurmctl02"
[2026-07-22T06:05:52.722] error: _xgetaddrinfo: getaddrinfo(slurmctl01:6817) failed: System error: Device or resource busy
[2026-07-22T06:05:52.722] error: slurm_set_addr: Unable to resolve "slurmctl01"
[2026-07-22T06:05:52.729] error: _xgetaddrinfo: getaddrinfo(slurmctl02:6817) failed: System error: Device or resource busy
[2026-07-22T06:05:52.729] error: slurm_set_addr: Unable to resolve "slurmctl02"
[2026-07-22T06:06:17.758] error: _xgetaddrinfo: getaddrinfo(slurmctl01:6817) failed: System error: Device or resource busy
[2026-07-22T06:06:17.758] error: slurm_set_addr: Unable to resolve "slurmctl01"
[2026-07-22T06:06:17.786] error: _xgetaddrinfo: getaddrinfo(slurmctl02:6817) failed: System error: Device or resource busy
[2026-07-22T06:06:17.786] error: slurm_set_addr: Unable to resolve "slurmctl02"
[2026-07-22T06:06:42.806] error: _xgetaddrinfo: getaddrinfo(slurmctl01:6817) failed: System error: Device or resource busy
[2026-07-22T06:06:42.806] error: slurm_set_addr: Unable to resolve "slurmctl01"
[2026-07-22T06:06:42.845] error: _xgetaddrinfo: getaddrinfo(slurmctl02:6817) failed: System error: Device or resource busy
[2026-07-22T06:06:42.845] error: slurm_set_addr: Unable to resolve "slurmctl02"
[2026-07-22T06:07:07.853] error: _xgetaddrinfo: getaddrinfo(slurmctl01:6817) failed: System error: Device or resource busy
[2026-07-22T06:07:07.853] error: slurm_set_addr: Unable to resolve "slurmctl01"
[2026-07-22T06:07:07.859] error: _xgetaddrinfo: getaddrinfo(slurmctl02:6817) failed: System error: Device or resource busy
[2026-07-22T06:07:07.859] error: slurm_set_addr: Unable to resolve "slurmctl02"
[2026-07-22T06:07:32.867] error: _xgetaddrinfo: getaddrinfo(slurmctl01:6817) failed: System error: Device or resource busy
[2026-07-22T06:07:32.867] error: slurm_set_addr: Unable to resolve "slurmctl01"
[2026-07-22T06:07:32.873] error: _xgetaddrinfo: getaddrinfo(slurmctl02:6817) failed: System error: Device or resource busy
[2026-07-22T06:07:32.873] error: slurm_set_addr: Unable to resolve "slurmctl02"
[2026-07-22T06:07:57.883] error: _xgetaddrinfo: getaddrinfo(slurmctl01:6817) failed: System error: Device or resource busy
[2026-07-22T06:07:57.883] error: slurm_set_addr: Unable to resolve "slurmctl01"
[2026-07-22T06:07:57.936] error: _xgetaddrinfo: getaddrinfo(slurmctl02:6817) failed: System error: Device or resource busy
[2026-07-22T06:07:57.936] error: slurm_set_addr: Unable to resolve "slurmctl02"
[2026-07-22T06:08:22.945] error: _xgetaddrinfo: getaddrinfo(slurmctl01:6817) failed: System error: Device or resource busy
[2026-07-22T06:08:22.945] error: slurm_set_addr: Unable to resolve "slurmctl01"
[2026-07-22T06:08:22.955] error: _xgetaddrinfo: getaddrinfo(slurmctl02:6817) failed: System error: Device or resource busy
[2026-07-22T06:08:22.955] error: slurm_set_addr: Unable to resolve "slurmctl02"
[2026-07-22T06:08:47.963] error: _xgetaddrinfo: getaddrinfo(slurmctl01:6817) failed: System error: Device or resource busy
[2026-07-22T06:08:47.963] error: slurm_set_addr: Unable to resolve "slurmctl01"
[2026-07-22T06:08:47.969] error: _xgetaddrinfo: getaddrinfo(slurmctl02:6817) failed: System error: Device or resource busy
[2026-07-22T06:08:47.969] error: slurm_set_addr: Unable to resolve "slurmctl02"
[2026-07-22T06:09:12.977] error: _xgetaddrinfo: getaddrinfo(slurmctl01:6817) failed: System error: Device or resource busy
[2026-07-22T06:09:12.977] error: slurm_set_addr: Unable to resolve "slurmctl01"
[2026-07-22T06:09:12.983] error: _xgetaddrinfo: getaddrinfo(slurmctl02:6817) failed: System error: Device or resource busy
[2026-07-22T06:09:12.983] error: slurm_set_addr: Unable to resolve "slurmctl02"
[2026-07-22T06:09:38.014] error: _xgetaddrinfo: getaddrinfo(slurmctl01:6817) failed: System error: Device or resource busy
[2026-07-22T06:09:38.014] error: slurm_set_addr: Unable to resolve "slurmctl01"
[2026-07-22T06:09:38.020] error: _xgetaddrinfo: getaddrinfo(slurmctl02:6817) failed: System error: Device or resource busy
[2026-07-22T06:09:38.020] error: slurm_set_addr: Unable to resolve "slurmctl02"
[2026-07-22T06:10:03.029] error: _xgetaddrinfo: getaddrinfo(slurmctl01:6817) failed: System error: Device or resource busy
[2026-07-22T06:10:03.029] error: slurm_set_addr: Unable to resolve "slurmctl01"
[2026-07-22T06:10:03.036] error: _xgetaddrinfo: getaddrinfo(slurmctl02:6817) failed: System error: Device or resource busy
[2026-07-22T06:10:03.036] error: slurm_set_addr: Unable to resolve "slurmctl02"
[2026-07-22T06:10:28.044] error: _xgetaddrinfo: getaddrinfo(slurmctl01:6817) failed: System error: Device or resource busy
[2026-07-22T06:10:28.044] error: slurm_set_addr: Unable to resolve "slurmctl01"
[2026-07-22T06:10:28.051] error: _xgetaddrinfo: getaddrinfo(slurmctl02:6817) failed: System error: Device or resource busy
[2026-07-22T06:10:28.051] error: slurm_set_addr: Unable to resolve "slurmctl02"
[2026-07-22T06:10:53.059] error: _xgetaddrinfo: getaddrinfo(slurmctl01:6817) failed: System error: Device or resource busy
[2026-07-22T06:10:53.059] error: slurm_set_addr: Unable to resolve "slurmctl01"
[2026-07-22T06:10:53.065] error: _xgetaddrinfo: getaddrinfo(slurmctl02:6817) failed: System error: Device or resource busy
[2026-07-22T06:10:53.065] error: slurm_set_addr: Unable to resolve "slurmctl02"
[2026-07-22T06:11:18.073] error: _xgetaddrinfo: getaddrinfo(slurmctl01:6817) failed: System error: Device or resource busy
[2026-07-22T06:11:18.073] error: slurm_set_addr: Unable to resolve "slurmctl01"
[2026-07-22T06:11:18.080] error: _xgetaddrinfo: getaddrinfo(slurmctl02:6817) failed: System error: Device or resource busy
[2026-07-22T06:11:18.080] error: slurm_set_addr: Unable to resolve "slurmctl02"
[2026-07-22T06:11:43.088] error: _xgetaddrinfo: getaddrinfo(slurmctl01:6817) failed: System error: Device or resource busy
[2026-07-22T06:11:43.088] error: slurm_set_addr: Unable to resolve "slurmctl01"
[2026-07-22T06:11:43.094] error: _xgetaddrinfo: getaddrinfo(slurmctl02:6817) failed: System error: Device or resource busy
[2026-07-22T06:11:43.094] error: slurm_set_addr: Unable to resolve "slurmctl02"
[2026-07-22T06:12:08.101] error: _xgetaddrinfo: getaddrinfo(slurmctl01:6817) failed: System error: Device or resource busy
[2026-07-22T06:12:08.102] error: slurm_set_addr: Unable to resolve "slurmctl01"
[2026-07-22T06:12:08.108] error: _xgetaddrinfo: getaddrinfo(slurmctl02:6817) failed: System error: Device or resource busy
[2026-07-22T06:12:08.108] error: slurm_set_addr: Unable to resolve "slurmctl02"
[2026-07-22T06:12:33.116] error: _xgetaddrinfo: getaddrinfo(slurmctl01:6817) failed: System error: Device or resource busy
[2026-07-22T06:12:33.116] error: slurm_set_addr: Unable to resolve "slurmctl01"
[2026-07-22T06:12:33.122] error: _xgetaddrinfo: getaddrinfo(slurmctl02:6817) failed: System error: Device or resource busy
[2026-07-22T06:12:33.122] error: slurm_set_addr: Unable to resolve "slurmctl02"
[2026-07-22T06:12:58.130] error: _xgetaddrinfo: getaddrinfo(slurmctl01:6817) failed: System error: Device or resource busy
[2026-07-22T06:12:58.130] error: slurm_set_addr: Unable to resolve "slurmctl01"
[2026-07-22T06:12:58.136] error: _xgetaddrinfo: getaddrinfo(slurmctl02:6817) failed: System error: Device or resource busy
[2026-07-22T06:12:58.136] error: slurm_set_addr: Unable to resolve "slurmctl02"
[2026-07-22T06:13:23.144] error: _xgetaddrinfo: getaddrinfo(slurmctl01:6817) failed: System error: Device or resource busy
[2026-07-22T06:13:23.144] error: slurm_set_addr: Unable to resolve "slurmctl01"
[2026-07-22T06:13:23.151] error: _xgetaddrinfo: getaddrinfo(slurmctl02:6817) failed: System error: Device or resource busy
[2026-07-22T06:13:23.151] error: slurm_set_addr: Unable to resolve "slurmctl02"
[2026-07-22T06:13:48.159] error: _xgetaddrinfo: getaddrinfo(slurmctl01:6817) failed: System error: Device or resource busy
[2026-07-22T06:13:48.160] error: slurm_set_addr: Unable to resolve "slurmctl01"
[2026-07-22T06:13:48.166] error: _xgetaddrinfo: getaddrinfo(slurmctl02:6817) failed: System error: Device or resource busy
[2026-07-22T06:13:48.166] error: slurm_set_addr: Unable to resolve "slurmctl02"
[2026-07-22T06:14:13.174] error: _xgetaddrinfo: getaddrinfo(slurmctl01:6817) failed: System error: Device or resource busy
[2026-07-22T06:14:13.174] error: slurm_set_addr: Unable to resolve "slurmctl01"
[2026-07-22T06:14:13.180] error: _xgetaddrinfo: getaddrinfo(slurmctl02:6817) failed: System error: Device or resource busy
[2026-07-22T06:14:13.180] error: slurm_set_addr: Unable to resolve "slurmctl02"
[2026-07-22T06:14:38.188] error: _xgetaddrinfo: getaddrinfo(slurmctl01:6817) failed: System error: Device or resource busy
[2026-07-22T06:14:38.188] error: slurm_set_addr: Unable to resolve "slurmctl01"
[2026-07-22T06:14:38.195] error: _xgetaddrinfo: getaddrinfo(slurmctl02:6817) failed: System error: Device or resource busy
[2026-07-22T06:14:38.195] error: slurm_set_addr: Unable to resolve "slurmctl02"
[2026-07-22T06:15:03.202] error: _xgetaddrinfo: getaddrinfo(slurmctl01:6817) failed: System error: Device or resource busy
[2026-07-22T06:15:03.203] error: slurm_set_addr: Unable to resolve "slurmctl01"
[2026-07-22T06:15:03.209] error: _xgetaddrinfo: getaddrinfo(slurmctl02:6817) failed: System error: Device or resource busy
[2026-07-22T06:15:03.209] error: slurm_set_addr: Unable to resolve "slurmctl02"
[2026-07-22T06:15:28.216] error: _xgetaddrinfo: getaddrinfo(slurmctl01:6817) failed: System error: Device or resource busy
[2026-07-22T06:15:28.216] error: slurm_set_addr: Unable to resolve "slurmctl01"
[2026-07-22T06:15:28.222] error: _xgetaddrinfo: getaddrinfo(slurmctl02:6817) failed: System error: Device or resource busy
[2026-07-22T06:15:28.223] error: slurm_set_addr: Unable to resolve "slurmctl02"
[2026-07-22T06:15:53.230] error: _xgetaddrinfo: getaddrinfo(slurmctl01:6817) failed: System error: Device or resource busy
[2026-07-22T06:15:53.230] error: slurm_set_addr: Unable to resolve "slurmctl01"
[2026-07-22T06:15:53.236] error: _xgetaddrinfo: getaddrinfo(slurmctl02:6817) failed: System error: Device or resource busy
[2026-07-22T06:15:53.236] error: slurm_set_addr: Unable to resolve "slurmctl02"
[2026-07-22T06:16:18.244] error: _xgetaddrinfo: getaddrinfo(slurmctl01:6817) failed: System error: Device or resource busy
[2026-07-22T06:16:18.245] error: slurm_set_addr: Unable to resolve "slurmctl01"
[2026-07-22T06:16:18.251] error: _xgetaddrinfo: getaddrinfo(slurmctl02:6817) failed: System error: Device or resource busy
[2026-07-22T06:16:18.251] error: slurm_set_addr: Unable to resolve "slurmctl02"
[2026-07-22T06:16:43.260] error: _xgetaddrinfo: getaddrinfo(slurmctl01:6817) failed: System error: Device or resource busy
[2026-07-22T06:16:43.260] error: slurm_set_addr: Unable to resolve "slurmctl01"
[2026-07-22T06:16:43.266] error: _xgetaddrinfo: getaddrinfo(slurmctl02:6817) failed: System error: Device or resource busy
[2026-07-22T06:16:43.266] error: slurm_set_addr: Unable to resolve "slurmctl02"
[2026-07-22T06:17:08.273] error: _xgetaddrinfo: getaddrinfo(slurmctl01:6817) failed: System error: Device or resource busy
[2026-07-22T06:17:08.273] error: slurm_set_addr: Unable to resolve "slurmctl01"
[2026-07-22T06:17:08.279] error: _xgetaddrinfo: getaddrinfo(slurmctl02:6817) failed: System error: Device or resource busy
[2026-07-22T06:17:08.279] error: slurm_set_addr: Unable to resolve "slurmctl02"
[2026-07-22T06:17:33.287] error: _xgetaddrinfo: getaddrinfo(slurmctl01:6817) failed: System error: Device or resource busy
[2026-07-22T06:17:33.287] error: slurm_set_addr: Unable to resolve "slurmctl01"
[2026-07-22T06:17:33.293] error: _xgetaddrinfo: getaddrinfo(slurmctl02:6817) failed: System error: Device or resource busy
[2026-07-22T06:17:33.293] error: slurm_set_addr: Unable to resolve "slurmctl02"
[2026-07-22T06:17:58.300] error: _xgetaddrinfo: getaddrinfo(slurmctl01:6817) failed: System error: Device or resource busy
[2026-07-22T06:17:58.301] error: slurm_set_addr: Unable to resolve "slurmctl01"
[2026-07-22T06:17:58.307] error: _xgetaddrinfo: getaddrinfo(slurmctl02:6817) failed: System error: Device or resource busy
[2026-07-22T06:17:58.307] error: slurm_set_addr: Unable to resolve "slurmctl02"
[2026-07-22T06:18:23.314] error: _xgetaddrinfo: getaddrinfo(slurmctl01:6817) failed: System error: Device or resource busy
[2026-07-22T06:18:23.314] error: slurm_set_addr: Unable to resolve "slurmctl01"
[2026-07-22T06:18:23.320] error: _xgetaddrinfo: getaddrinfo(slurmctl02:6817) failed: System error: Device or resource busy
[2026-07-22T06:18:23.320] error: slurm_set_addr: Unable to resolve "slurmctl02"
[2026-07-22T06:18:48.327] error: _xgetaddrinfo: getaddrinfo(slurmctl01:6817) failed: System error: Device or resource busy
[2026-07-22T06:18:48.328] error: slurm_set_addr: Unable to resolve "slurmctl01"
[2026-07-22T06:18:48.333] error: _xgetaddrinfo: getaddrinfo(slurmctl02:6817) failed: System error: Device or resource busy
[2026-07-22T06:18:48.333] error: slurm_set_addr: Unable to resolve "slurmctl02"
[2026-07-22T06:19:13.341] error: _xgetaddrinfo: getaddrinfo(slurmctl01:6817) failed: System error: Device or resource busy
[2026-07-22T06:19:13.341] error: slurm_set_addr: Unable to resolve "slurmctl01"
[2026-07-22T06:19:13.347] error: _xgetaddrinfo: getaddrinfo(slurmctl02:6817) failed: System error: Device or resource busy
[2026-07-22T06:19:13.347] error: slurm_set_addr: Unable to resolve "slurmctl02"
[2026-07-22T06:19:38.354] error: _xgetaddrinfo: getaddrinfo(slurmctl01:6817) failed: System error: Device or resource busy
[2026-07-22T06:19:38.355] error: slurm_set_addr: Unable to resolve "slurmctl01"
[2026-07-22T06:19:38.360] error: _xgetaddrinfo: getaddrinfo(slurmctl02:6817) failed: System error: Device or resource busy
[2026-07-22T06:19:38.360] error: slurm_set_addr: Unable to resolve "slurmctl02"
[2026-07-22T06:20:03.368] error: _xgetaddrinfo: getaddrinfo(slurmctl01:6817) failed: System error: Device or resource busy
[2026-07-22T06:20:03.368] error: slurm_set_addr: Unable to resolve "slurmctl01"
[2026-07-22T06:20:03.374] error: _xgetaddrinfo: getaddrinfo(slurmctl02:6817) failed: System error: Device or resource busy
[2026-07-22T06:20:03.374] error: slurm_set_addr: Unable to resolve "slurmctl02"
[2026-07-22T06:20:28.381] error: _xgetaddrinfo: getaddrinfo(slurmctl01:6817) failed: System error: Device or resource busy
[2026-07-22T06:20:28.381] error: slurm_set_addr: Unable to resolve "slurmctl01"
[2026-07-22T06:20:28.387] error: _xgetaddrinfo: getaddrinfo(slurmctl02:6817) failed: System error: Device or resource busy
[2026-07-22T06:20:28.387] error: slurm_set_addr: Unable to resolve "slurmctl02"
[2026-07-22T06:20:53.394] error: _xgetaddrinfo: getaddrinfo(slurmctl01:6817) failed: System error: Device or resource busy
[2026-07-22T06:20:53.394] error: slurm_set_addr: Unable to resolve "slurmctl01"
[2026-07-22T06:20:53.401] error: _xgetaddrinfo: getaddrinfo(slurmctl02:6817) failed: System error: Device or resource busy
[2026-07-22T06:20:53.401] error: slurm_set_addr: Unable to resolve "slurmctl02"
[2026-07-22T06:21:18.408] error: _xgetaddrinfo: getaddrinfo(slurmctl01:6817) failed: System error: Device or resource busy
[2026-07-22T06:21:18.409] error: slurm_set_addr: Unable to resolve "slurmctl01"
[2026-07-22T06:21:18.414] error: _xgetaddrinfo: getaddrinfo(slurmctl02:6817) failed: System error: Device or resource busy
[2026-07-22T06:21:18.414] error: slurm_set_addr: Unable to resolve "slurmctl02"
[2026-07-22T06:21:43.422] error: _xgetaddrinfo: getaddrinfo(slurmctl01:6817) failed: System error: Device or resource busy
[2026-07-22T06:21:43.422] error: slurm_set_addr: Unable to resolve "slurmctl01"
[2026-07-22T06:21:43.428] error: _xgetaddrinfo: getaddrinfo(slurmctl02:6817) failed: System error: Device or resource busy
[2026-07-22T06:21:43.428] error: slurm_set_addr: Unable to resolve "slurmctl02"
[2026-07-22T06:22:08.435] error: _xgetaddrinfo: getaddrinfo(slurmctl01:6817) failed: System error: Device or resource busy
[2026-07-22T06:22:08.436] error: slurm_set_addr: Unable to resolve "slurmctl01"
[2026-07-22T06:22:08.441] error: _xgetaddrinfo: getaddrinfo(slurmctl02:6817) failed: System error: Device or resource busy
[2026-07-22T06:22:08.442] error: slurm_set_addr: Unable to resolve "slurmctl02"
[2026-07-22T06:22:33.449] error: _xgetaddrinfo: getaddrinfo(slurmctl01:6817) failed: System error: Device or resource busy
[2026-07-22T06:22:33.449] error: slurm_set_addr: Unable to resolve "slurmctl01"
[2026-07-22T06:22:33.455] error: _xgetaddrinfo: getaddrinfo(slurmctl02:6817) failed: System error: Device or resource busy
[2026-07-22T06:22:33.455] error: slurm_set_addr: Unable to resolve "slurmctl02"
[2026-07-22T06:22:58.463] error: _xgetaddrinfo: getaddrinfo(slurmctl01:6817) failed: System error: Device or resource busy
[2026-07-22T06:22:58.463] error: slurm_set_addr: Unable to resolve "slurmctl01"
[2026-07-22T06:22:58.469] error: _xgetaddrinfo: getaddrinfo(slurmctl02:6817) failed: System error: Device or resource busy
[2026-07-22T06:22:58.469] error: slurm_set_addr: Unable to resolve "slurmctl02"
[2026-07-22T06:23:23.477] error: _xgetaddrinfo: getaddrinfo(slurmctl01:6817) failed: System error: Device or resource busy
[2026-07-22T06:23:23.477] error: slurm_set_addr: Unable to resolve "slurmctl01"
[2026-07-22T06:23:23.483] error: _xgetaddrinfo: getaddrinfo(slurmctl02:6817) failed: System error: Device or resource busy
[2026-07-22T06:23:23.483] error: slurm_set_addr: Unable to resolve "slurmctl02"
[2026-07-22T06:23:48.490] error: _xgetaddrinfo: getaddrinfo(slurmctl01:6817) failed: System error: Device or resource busy
[2026-07-22T06:23:48.491] error: slurm_set_addr: Unable to resolve "slurmctl01"
[2026-07-22T06:23:48.496] error: _xgetaddrinfo: getaddrinfo(slurmctl02:6817) failed: System error: Device or resource busy
[2026-07-22T06:23:48.496] error: slurm_set_addr: Unable to resolve "slurmctl02"
[2026-07-22T06:24:13.504] error: _xgetaddrinfo: getaddrinfo(slurmctl01:6817) failed: System error: Device or resource busy
[2026-07-22T06:24:13.504] error: slurm_set_addr: Unable to resolve "slurmctl01"
[2026-07-22T06:24:13.510] error: _xgetaddrinfo: getaddrinfo(slurmctl02:6817) failed: System error: Device or resource busy
[2026-07-22T06:24:13.510] error: slurm_set_addr: Unable to resolve "slurmctl02"
[2026-07-22T06:24:38.517] error: _xgetaddrinfo: getaddrinfo(slurmctl01:6817) failed: System error: Device or resource busy
[2026-07-22T06:24:38.517] error: slurm_set_addr: Unable to resolve "slurmctl01"
[2026-07-22T06:24:38.523] error: _xgetaddrinfo: getaddrinfo(slurmctl02:6817) failed: System error: Device or resource busy
[2026-07-22T06:24:38.523] error: slurm_set_addr: Unable to resolve "slurmctl02"
[2026-07-22T06:25:03.530] error: _xgetaddrinfo: getaddrinfo(slurmctl01:6817) failed: System error: Device or resource busy
[2026-07-22T06:25:03.530] error: slurm_set_addr: Unable to resolve "slurmctl01"
[2026-07-22T06:25:03.536] error: _xgetaddrinfo: getaddrinfo(slurmctl02:6817) failed: System error: Device or resource busy
[2026-07-22T06:25:03.536] error: slurm_set_addr: Unable to resolve "slurmctl02"
[2026-07-22T06:25:28.543] error: _xgetaddrinfo: getaddrinfo(slurmctl01:6817) failed: System error: Device or resource busy
[2026-07-22T06:25:28.543] error: slurm_set_addr: Unable to resolve "slurmctl01"
[2026-07-22T06:25:28.549] error: _xgetaddrinfo: getaddrinfo(slurmctl02:6817) failed: System error: Device or resource busy
[2026-07-22T06:25:28.549] error: slurm_set_addr: Unable to resolve "slurmctl02"
[2026-07-22T06:25:53.557] error: _xgetaddrinfo: getaddrinfo(slurmctl01:6817) failed: System error: Device or resource busy
[2026-07-22T06:25:53.558] error: slurm_set_addr: Unable to resolve "slurmctl01"
[2026-07-22T06:25:53.564] error: _xgetaddrinfo: getaddrinfo(slurmctl02:6817) failed: System error: Device or resource busy
[2026-07-22T06:25:53.564] error: slurm_set_addr: Unable to resolve "slurmctl02"
[2026-07-22T06:26:18.572] error: _xgetaddrinfo: getaddrinfo(slurmctl01:6817) failed: System error: Device or resource busy
[2026-07-22T06:26:18.572] error: slurm_set_addr: Unable to resolve "slurmctl01"
[2026-07-22T06:26:18.577] error: _xgetaddrinfo: getaddrinfo(slurmctl02:6817) failed: System error: Device or resource busy
[2026-07-22T06:26:18.577] error: slurm_set_addr: Unable to resolve "slurmctl02"
[2026-07-22T06:26:43.585] error: _xgetaddrinfo: getaddrinfo(slurmctl01:6817) failed: System error: Device or resource busy
[2026-07-22T06:26:43.585] error: slurm_set_addr: Unable to resolve "slurmctl01"
[2026-07-22T06:26:43.590] error: _xgetaddrinfo: getaddrinfo(slurmctl02:6817) failed: System error: Device or resource busy
[2026-07-22T06:26:43.591] error: slurm_set_addr: Unable to resolve "slurmctl02"
[2026-07-22T06:27:08.598] error: _xgetaddrinfo: getaddrinfo(slurmctl01:6817) failed: System error: Device or resource busy
[2026-07-22T06:27:08.598] error: slurm_set_addr: Unable to resolve "slurmctl01"
[2026-07-22T06:27:08.603] error: _xgetaddrinfo: getaddrinfo(slurmctl02:6817) failed: System error: Device or resource busy
[2026-07-22T06:27:08.603] error: slurm_set_addr: Unable to resolve "slurmctl02"
[2026-07-22T06:27:33.611] error: _xgetaddrinfo: getaddrinfo(slurmctl01:6817) failed: System error: Device or resource busy
[2026-07-22T06:27:33.611] error: slurm_set_addr: Unable to resolve "slurmctl01"
[2026-07-22T06:27:33.617] error: _xgetaddrinfo: getaddrinfo(slurmctl02:6817) failed: System error: Device or resource busy
[2026-07-22T06:27:33.617] error: slurm_set_addr: Unable to resolve "slurmctl02"
[2026-07-22T06:27:58.624] error: _xgetaddrinfo: getaddrinfo(slurmctl01:6817) failed: System error: Device or resource busy
[2026-07-22T06:27:58.625] error: slurm_set_addr: Unable to resolve "slurmctl01"
[2026-07-22T06:27:58.631] error: _xgetaddrinfo: getaddrinfo(slurmctl02:6817) failed: System error: Device or resource busy
[2026-07-22T06:27:58.631] error: slurm_set_addr: Unable to resolve "slurmctl02"
[2026-07-22T06:28:23.638] error: _xgetaddrinfo: getaddrinfo(slurmctl01:6817) failed: System error: Device or resource busy
[2026-07-22T06:28:23.639] error: slurm_set_addr: Unable to resolve "slurmctl01"
[2026-07-22T06:28:23.645] error: _xgetaddrinfo: getaddrinfo(slurmctl02:6817) failed: System error: Device or resource busy
[2026-07-22T06:28:23.645] error: slurm_set_addr: Unable to resolve "slurmctl02"
[2026-07-22T06:28:48.653] error: _xgetaddrinfo: getaddrinfo(slurmctl01:6817) failed: System error: Device or resource busy
[2026-07-22T06:28:48.653] error: slurm_set_addr: Unable to resolve "slurmctl01"
[2026-07-22T06:28:48.660] error: _xgetaddrinfo: getaddrinfo(slurmctl02:6817) failed: System error: Device or resource busy
[2026-07-22T06:28:48.660] error: slurm_set_addr: Unable to resolve "slurmctl02"
[2026-07-22T06:29:13.668] error: _xgetaddrinfo: getaddrinfo(slurmctl01:6817) failed: System error: Device or resource busy
[2026-07-22T06:29:13.668] error: slurm_set_addr: Unable to resolve "slurmctl01"
[2026-07-22T06:29:13.674] error: _xgetaddrinfo: getaddrinfo(slurmctl02:6817) failed: System error: Device or resource busy
[2026-07-22T06:29:13.674] error: slurm_set_addr: Unable to resolve "slurmctl02"
[2026-07-22T06:29:38.681] error: _xgetaddrinfo: getaddrinfo(slurmctl01:6817) failed: System error: Device or resource busy
[2026-07-22T06:29:38.681] error: slurm_set_addr: Unable to resolve "slurmctl01"
[2026-07-22T06:29:38.687] error: _xgetaddrinfo: getaddrinfo(slurmctl02:6817) failed: System error: Device or resource busy
[2026-07-22T06:29:38.687] error: slurm_set_addr: Unable to resolve "slurmctl02"
[2026-07-22T06:30:03.695] error: _xgetaddrinfo: getaddrinfo(slurmctl01:6817) failed: System error: Device or resource busy
[2026-07-22T06:30:03.695] error: slurm_set_addr: Unable to resolve "slurmctl01"
[2026-07-22T06:30:03.701] error: _xgetaddrinfo: getaddrinfo(slurmctl02:6817) failed: System error: Device or resource busy
[2026-07-22T06:30:03.702] error: slurm_set_addr: Unable to resolve "slurmctl02"
[2026-07-22T06:30:28.710] error: _xgetaddrinfo: getaddrinfo(slurmctl01:6817) failed: System error: Device or resource busy
[2026-07-22T06:30:28.710] error: slurm_set_addr: Unable to resolve "slurmctl01"
[2026-07-22T06:30:28.716] error: _xgetaddrinfo: getaddrinfo(slurmctl02:6817) failed: System error: Device or resource busy
[2026-07-22T06:30:28.716] error: slurm_set_addr: Unable to resolve "slurmctl02"
[2026-07-22T06:30:53.723] error: _xgetaddrinfo: getaddrinfo(slurmctl01:6817) failed: System error: Device or resource busy
[2026-07-22T06:30:53.723] error: slurm_set_addr: Unable to resolve "slurmctl01"
[2026-07-22T06:30:53.729] error: _xgetaddrinfo: getaddrinfo(slurmctl02:6817) failed: System error: Device or resource busy
[2026-07-22T06:30:53.729] error: slurm_set_addr: Unable to resolve "slurmctl02"
[2026-07-22T06:31:18.736] error: _xgetaddrinfo: getaddrinfo(slurmctl01:6817) failed: System error: Device or resource busy
[2026-07-22T06:31:18.736] error: slurm_set_addr: Unable to resolve "slurmctl01"
[2026-07-22T06:31:18.742] error: _xgetaddrinfo: getaddrinfo(slurmctl02:6817) failed: System error: Device or resource busy
[2026-07-22T06:31:18.742] error: slurm_set_addr: Unable to resolve "slurmctl02"
[2026-07-22T06:31:43.750] error: _xgetaddrinfo: getaddrinfo(slurmctl01:6817) failed: System error: Device or resource busy
[2026-07-22T06:31:43.750] error: slurm_set_addr: Unable to resolve "slurmctl01"
[2026-07-22T06:31:43.756] error: _xgetaddrinfo: getaddrinfo(slurmctl02:6817) failed: System error: Device or resource busy
[2026-07-22T06:31:43.756] error: slurm_set_addr: Unable to resolve "slurmctl02"
[2026-07-22T06:32:08.763] error: _xgetaddrinfo: getaddrinfo(slurmctl01:6817) failed: System error: Device or resource busy
[2026-07-22T06:32:08.763] error: slurm_set_addr: Unable to resolve "slurmctl01"
[2026-07-22T06:32:08.769] error: _xgetaddrinfo: getaddrinfo(slurmctl02:6817) failed: System error: Device or resource busy
[2026-07-22T06:32:08.769] error: slurm_set_addr: Unable to resolve "slurmctl02"
[2026-07-22T06:32:33.777] error: _xgetaddrinfo: getaddrinfo(slurmctl01:6817) failed: System error: Device or resource busy
[2026-07-22T06:32:33.778] error: slurm_set_addr: Unable to resolve "slurmctl01"
[2026-07-22T06:32:33.784] error: _xgetaddrinfo: getaddrinfo(slurmctl02:6817) failed: System error: Device or resource busy
[2026-07-22T06:32:33.784] error: slurm_set_addr: Unable to resolve "slurmctl02"
[2026-07-22T06:32:58.791] error: _xgetaddrinfo: getaddrinfo(slurmctl01:6817) failed: System error: Device or resource busy
[2026-07-22T06:32:58.791] error: slurm_set_addr: Unable to resolve "slurmctl01"
[2026-07-22T06:32:58.798] error: _xgetaddrinfo: getaddrinfo(slurmctl02:6817) failed: System error: Device or resource busy
[2026-07-22T06:32:58.798] error: slurm_set_addr: Unable to resolve "slurmctl02"
[2026-07-22T06:33:23.806] error: _xgetaddrinfo: getaddrinfo(slurmctl01:6817) failed: System error: Device or resource busy
[2026-07-22T06:33:23.806] error: slurm_set_addr: Unable to resolve "slurmctl01"
[2026-07-22T06:33:23.812] error: _xgetaddrinfo: getaddrinfo(slurmctl02:6817) failed: System error: Device or resource busy
[2026-07-22T06:33:23.812] error: slurm_set_addr: Unable to resolve "slurmctl02"
[2026-07-22T06:33:48.820] error: _xgetaddrinfo: getaddrinfo(slurmctl01:6817) failed: System error: Device or resource busy
[2026-07-22T06:33:48.820] error: slurm_set_addr: Unable to resolve "slurmctl01"
[2026-07-22T06:33:48.826] error: _xgetaddrinfo: getaddrinfo(slurmctl02:6817) failed: System error: Device or resource busy
[2026-07-22T06:33:48.826] error: slurm_set_addr: Unable to resolve "slurmctl02"
[2026-07-22T06:34:13.834] error: _xgetaddrinfo: getaddrinfo(slurmctl01:6817) failed: System error: Device or resource busy
[2026-07-22T06:34:13.834] error: slurm_set_addr: Unable to resolve "slurmctl01"
[2026-07-22T06:34:13.840] error: _xgetaddrinfo: getaddrinfo(slurmctl02:6817) failed: System error: Device or resource busy
[2026-07-22T06:34:13.840] error: slurm_set_addr: Unable to resolve "slurmctl02"
[2026-07-22T06:34:38.846] error: _xgetaddrinfo: getaddrinfo(slurmctl01:6817) failed: System error: Device or resource busy
[2026-07-22T06:34:38.846] error: slurm_set_addr: Unable to resolve "slurmctl01"
[2026-07-22T06:34:38.852] error: _xgetaddrinfo: getaddrinfo(slurmctl02:6817) failed: System error: Device or resource busy
[2026-07-22T06:34:38.852] error: slurm_set_addr: Unable to resolve "slurmctl02"
[2026-07-22T06:35:03.859] error: _xgetaddrinfo: getaddrinfo(slurmctl01:6817) failed: System error: Device or resource busy
[2026-07-22T06:35:03.859] error: slurm_set_addr: Unable to resolve "slurmctl01"
[2026-07-22T06:35:03.865] error: _xgetaddrinfo: getaddrinfo(slurmctl02:6817) failed: System error: Device or resource busy
[2026-07-22T06:35:03.866] error: slurm_set_addr: Unable to resolve "slurmctl02"
[2026-07-22T06:35:28.873] error: _xgetaddrinfo: getaddrinfo(slurmctl01:6817) failed: System error: Device or resource busy
[2026-07-22T06:35:28.873] error: slurm_set_addr: Unable to resolve "slurmctl01"
[2026-07-22T06:35:28.879] error: _xgetaddrinfo: getaddrinfo(slurmctl02:6817) failed: System error: Device or resource busy
[2026-07-22T06:35:28.879] error: slurm_set_addr: Unable to resolve "slurmctl02"
[2026-07-22T06:35:53.887] error: _xgetaddrinfo: getaddrinfo(slurmctl01:6817) failed: System error: Device or resource busy
[2026-07-22T06:35:53.887] error: slurm_set_addr: Unable to resolve "slurmctl01"
[2026-07-22T06:35:53.894] error: _xgetaddrinfo: getaddrinfo(slurmctl02:6817) failed: System error: Device or resource busy
[2026-07-22T06:35:53.894] error: slurm_set_addr: Unable to resolve "slurmctl02"
[2026-07-22T06:36:18.901] error: _xgetaddrinfo: getaddrinfo(slurmctl01:6817) failed: System error: Device or resource busy
[2026-07-22T06:36:18.901] error: slurm_set_addr: Unable to resolve "slurmctl01"
[2026-07-22T06:36:18.907] error: _xgetaddrinfo: getaddrinfo(slurmctl02:6817) failed: System error: Device or resource busy
[2026-07-22T06:36:18.907] error: slurm_set_addr: Unable to resolve "slurmctl02"
[2026-07-22T06:36:43.915] error: _xgetaddrinfo: getaddrinfo(slurmctl01:6817) failed: System error: Device or resource busy
[2026-07-22T06:36:43.915] error: slurm_set_addr: Unable to resolve "slurmctl01"
[2026-07-22T06:36:43.921] error: _xgetaddrinfo: getaddrinfo(slurmctl02:6817) failed: System error: Device or resource busy
[2026-07-22T06:36:43.921] error: slurm_set_addr: Unable to resolve "slurmctl02"
[2026-07-22T06:37:08.929] error: _xgetaddrinfo: getaddrinfo(slurmctl01:6817) failed: System error: Device or resource busy
[2026-07-22T06:37:08.929] error: slurm_set_addr: Unable to resolve "slurmctl01"
[2026-07-22T06:37:08.935] error: _xgetaddrinfo: getaddrinfo(slurmctl02:6817) failed: System error: Device or resource busy
[2026-07-22T06:37:08.935] error: slurm_set_addr: Unable to resolve "slurmctl02"
[2026-07-22T06:37:33.942] error: _xgetaddrinfo: getaddrinfo(slurmctl01:6817) failed: System error: Device or resource busy
[2026-07-22T06:37:33.943] error: slurm_set_addr: Unable to resolve "slurmctl01"
[2026-07-22T06:37:33.948] error: _xgetaddrinfo: getaddrinfo(slurmctl02:6817) failed: System error: Device or resource busy
[2026-07-22T06:37:33.948] error: slurm_set_addr: Unable to resolve "slurmctl02"
[2026-07-22T06:37:58.956] error: _xgetaddrinfo: getaddrinfo(slurmctl01:6817) failed: System error: Device or resource busy
[2026-07-22T06:37:58.956] error: slurm_set_addr: Unable to resolve "slurmctl01"
[2026-07-22T06:37:58.962] error: _xgetaddrinfo: getaddrinfo(slurmctl02:6817) failed: System error: Device or resource busy
[2026-07-22T06:37:58.962] error: slurm_set_addr: Unable to resolve "slurmctl02"
[2026-07-22T06:38:23.970] error: _xgetaddrinfo: getaddrinfo(slurmctl01:6817) failed: System error: Device or resource busy
[2026-07-22T06:38:23.970] error: slurm_set_addr: Unable to resolve "slurmctl01"
[2026-07-22T06:38:23.976] error: _xgetaddrinfo: getaddrinfo(slurmctl02:6817) failed: System error: Device or resource busy
[2026-07-22T06:38:23.976] error: slurm_set_addr: Unable to resolve "slurmctl02"
[2026-07-22T06:38:48.984] error: _xgetaddrinfo: getaddrinfo(slurmctl01:6817) failed: System error: Device or resource busy
[2026-07-22T06:38:48.984] error: slurm_set_addr: Unable to resolve "slurmctl01"
[2026-07-22T06:38:48.990] error: _xgetaddrinfo: getaddrinfo(slurmctl02:6817) failed: System error: Device or resource busy
[2026-07-22T06:38:48.990] error: slurm_set_addr: Unable to resolve "slurmctl02"
[2026-07-22T06:39:13.998] error: _xgetaddrinfo: getaddrinfo(slurmctl01:6817) failed: System error: Device or resource busy
[2026-07-22T06:39:13.998] error: slurm_set_addr: Unable to resolve "slurmctl01"
[2026-07-22T06:39:14.005] error: _xgetaddrinfo: getaddrinfo(slurmctl02:6817) failed: System error: Device or resource busy
[2026-07-22T06:39:14.005] error: slurm_set_addr: Unable to resolve "slurmctl02"
[2026-07-22T06:39:39.012] error: _xgetaddrinfo: getaddrinfo(slurmctl01:6817) failed: System error: Device or resource busy
[2026-07-22T06:39:39.013] error: slurm_set_addr: Unable to resolve "slurmctl01"
[2026-07-22T06:39:39.018] error: _xgetaddrinfo: getaddrinfo(slurmctl02:6817) failed: System error: Device or resource busy
[2026-07-22T06:39:39.019] error: slurm_set_addr: Unable to resolve "slurmctl02"
[2026-07-22T06:40:04.026] error: _xgetaddrinfo: getaddrinfo(slurmctl01:6817) failed: System error: Device or resource busy
[2026-07-22T06:40:04.027] error: slurm_set_addr: Unable to resolve "slurmctl01"
[2026-07-22T06:40:04.032] error: _xgetaddrinfo: getaddrinfo(slurmctl02:6817) failed: System error: Device or resource busy
[2026-07-22T06:40:04.032] error: slurm_set_addr: Unable to resolve "slurmctl02"
[2026-07-22T06:40:29.040] error: _xgetaddrinfo: getaddrinfo(slurmctl01:6817) failed: System error: Device or resource busy
[2026-07-22T06:40:29.040] error: slurm_set_addr: Unable to resolve "slurmctl01"
[2026-07-22T06:40:29.046] error: _xgetaddrinfo: getaddrinfo(slurmctl02:6817) failed: System error: Device or resource busy
[2026-07-22T06:40:29.046] error: slurm_set_addr: Unable to resolve "slurmctl02"
[2026-07-22T06:40:54.054] error: _xgetaddrinfo: getaddrinfo(slurmctl01:6817) failed: System error: Device or resource busy
[2026-07-22T06:40:54.055] error: slurm_set_addr: Unable to resolve "slurmctl01"
[2026-07-22T06:40:54.060] error: _xgetaddrinfo: getaddrinfo(slurmctl02:6817) failed: System error: Device or resource busy
[2026-07-22T06:40:54.060] error: slurm_set_addr: Unable to resolve "slurmctl02"
[2026-07-22T06:41:19.068] error: _xgetaddrinfo: getaddrinfo(slurmctl01:6817) failed: System error: Device or resource busy
[2026-07-22T06:41:19.068] error: slurm_set_addr: Unable to resolve "slurmctl01"
[2026-07-22T06:41:19.075] error: _xgetaddrinfo: getaddrinfo(slurmctl02:6817) failed: System error: Device or resource busy
[2026-07-22T06:41:19.075] error: slurm_set_addr: Unable to resolve "slurmctl02"
[2026-07-22T06:41:44.082] error: _xgetaddrinfo: getaddrinfo(slurmctl01:6817) failed: System error: Device or resource busy
[2026-07-22T06:41:44.083] error: slurm_set_addr: Unable to resolve "slurmctl01"
[2026-07-22T06:41:44.089] error: _xgetaddrinfo: getaddrinfo(slurmctl02:6817) failed: System error: Device or resource busy
[2026-07-22T06:41:44.089] error: slurm_set_addr: Unable to resolve "slurmctl02"
[2026-07-22T06:42:09.096] error: _xgetaddrinfo: getaddrinfo(slurmctl01:6817) failed: System error: Device or resource busy
[2026-07-22T06:42:09.097] error: slurm_set_addr: Unable to resolve "slurmctl01"
[2026-07-22T06:42:09.103] error: _xgetaddrinfo: getaddrinfo(slurmctl02:6817) failed: System error: Device or resource busy
[2026-07-22T06:42:09.103] error: slurm_set_addr: Unable to resolve "slurmctl02"
[2026-07-22T06:42:34.111] error: _xgetaddrinfo: getaddrinfo(slurmctl01:6817) failed: System error: Device or resource busy
[2026-07-22T06:42:34.111] error: slurm_set_addr: Unable to resolve "slurmctl01"
[2026-07-22T06:42:34.118] error: _xgetaddrinfo: getaddrinfo(slurmctl02:6817) failed: System error: Device or resource busy
[2026-07-22T06:42:34.118] error: slurm_set_addr: Unable to resolve "slurmctl02"
[2026-07-22T06:42:59.125] error: _xgetaddrinfo: getaddrinfo(slurmctl01:6817) failed: System error: Device or resource busy
[2026-07-22T06:42:59.125] error: slurm_set_addr: Unable to resolve "slurmctl01"
[2026-07-22T06:42:59.130] error: _xgetaddrinfo: getaddrinfo(slurmctl02:6817) failed: System error: Device or resource busy
[2026-07-22T06:42:59.131] error: slurm_set_addr: Unable to resolve "slurmctl02"
[2026-07-22T06:43:24.139] error: _xgetaddrinfo: getaddrinfo(slurmctl01:6817) failed: System error: Device or resource busy
[2026-07-22T06:43:24.139] error: slurm_set_addr: Unable to resolve "slurmctl01"
[2026-07-22T06:43:24.145] error: _xgetaddrinfo: getaddrinfo(slurmctl02:6817) failed: System error: Device or resource busy
[2026-07-22T06:43:24.145] error: slurm_set_addr: Unable to resolve "slurmctl02"
[2026-07-22T06:43:49.154] error: _xgetaddrinfo: getaddrinfo(slurmctl01:6817) failed: System error: Device or resource busy
[2026-07-22T06:43:49.154] error: slurm_set_addr: Unable to resolve "slurmctl01"
[2026-07-22T06:43:49.161] error: _xgetaddrinfo: getaddrinfo(slurmctl02:6817) failed: System error: Device or resource busy
[2026-07-22T06:43:49.161] error: slurm_set_addr: Unable to resolve "slurmctl02"
[2026-07-22T06:44:14.169] error: _xgetaddrinfo: getaddrinfo(slurmctl01:6817) failed: System error: Device or resource busy
[2026-07-22T06:44:14.169] error: slurm_set_addr: Unable to resolve "slurmctl01"
[2026-07-22T06:44:14.175] error: _xgetaddrinfo: getaddrinfo(slurmctl02:6817) failed: System error: Device or resource busy
[2026-07-22T06:44:14.175] error: slurm_set_addr: Unable to resolve "slurmctl02"
[2026-07-22T06:44:39.183] error: _xgetaddrinfo: getaddrinfo(slurmctl01:6817) failed: System error: Device or resource busy
[2026-07-22T06:44:39.183] error: slurm_set_addr: Unable to resolve "slurmctl01"
[2026-07-22T06:44:39.189] error: _xgetaddrinfo: getaddrinfo(slurmctl02:6817) failed: System error: Device or resource busy
[2026-07-22T06:44:39.189] error: slurm_set_addr: Unable to resolve "slurmctl02"
[2026-07-22T06:45:04.197] error: _xgetaddrinfo: getaddrinfo(slurmctl01:6817) failed: System error: Device or resource busy
[2026-07-22T06:45:04.197] error: slurm_set_addr: Unable to resolve "slurmctl01"
[2026-07-22T06:45:04.204] error: _xgetaddrinfo: getaddrinfo(slurmctl02:6817) failed: System error: Device or resource busy
[2026-07-22T06:45:04.204] error: slurm_set_addr: Unable to resolve "slurmctl02"
[2026-07-22T06:45:29.316] error: _xgetaddrinfo: getaddrinfo(slurmctl01:6817) failed: System error: Device or resource busy
[2026-07-22T06:45:29.316] error: slurm_set_addr: Unable to resolve "slurmctl01"
[2026-07-22T06:45:29.327] error: _xgetaddrinfo: getaddrinfo(slurmctl02:6817) failed: System error: Device or resource busy
[2026-07-22T06:45:29.327] error: slurm_set_addr: Unable to resolve "slurmctl02"
[2026-07-22T06:45:54.335] error: _xgetaddrinfo: getaddrinfo(slurmctl01:6817) failed: System error: Device or resource busy
[2026-07-22T06:45:54.335] error: slurm_set_addr: Unable to resolve "slurmctl01"
[2026-07-22T06:45:54.341] error: _xgetaddrinfo: getaddrinfo(slurmctl02:6817) failed: System error: Device or resource busy
[2026-07-22T06:45:54.341] error: slurm_set_addr: Unable to resolve "slurmctl02"
[2026-07-22T06:46:19.350] error: _xgetaddrinfo: getaddrinfo(slurmctl01:6817) failed: System error: Device or resource busy
[2026-07-22T06:46:19.350] error: slurm_set_addr: Unable to resolve "slurmctl01"
[2026-07-22T06:46:19.356] error: _xgetaddrinfo: getaddrinfo(slurmctl02:6817) failed: System error: Device or resource busy
[2026-07-22T06:46:19.356] error: slurm_set_addr: Unable to resolve "slurmctl02"
[2026-07-22T06:46:44.364] error: _xgetaddrinfo: getaddrinfo(slurmctl01:6817) failed: System error: Device or resource busy
[2026-07-22T06:46:44.364] error: slurm_set_addr: Unable to resolve "slurmctl01"
[2026-07-22T06:46:44.370] error: _xgetaddrinfo: getaddrinfo(slurmctl02:6817) failed: System error: Device or resource busy
[2026-07-22T06:46:44.370] error: slurm_set_addr: Unable to resolve "slurmctl02"
[2026-07-22T06:47:09.378] error: _xgetaddrinfo: getaddrinfo(slurmctl01:6817) failed: System error: Device or resource busy
[2026-07-22T06:47:09.378] error: slurm_set_addr: Unable to resolve "slurmctl01"
[2026-07-22T06:47:09.384] error: _xgetaddrinfo: getaddrinfo(slurmctl02:6817) failed: System error: Device or resource busy
[2026-07-22T06:47:09.384] error: slurm_set_addr: Unable to resolve "slurmctl02"
[2026-07-22T06:47:34.392] error: _xgetaddrinfo: getaddrinfo(slurmctl01:6817) failed: System error: Device or resource busy
[2026-07-22T06:47:34.392] error: slurm_set_addr: Unable to resolve "slurmctl01"
[2026-07-22T06:47:34.398] error: _xgetaddrinfo: getaddrinfo(slurmctl02:6817) failed: System error: Device or resource busy
[2026-07-22T06:47:34.398] error: slurm_set_addr: Unable to resolve "slurmctl02"
[2026-07-22T06:47:59.406] error: _xgetaddrinfo: getaddrinfo(slurmctl01:6817) failed: System error: Device or resource busy
[2026-07-22T06:47:59.406] error: slurm_set_addr: Unable to resolve "slurmctl01"
[2026-07-22T06:47:59.412] error: _xgetaddrinfo: getaddrinfo(slurmctl02:6817) failed: System error: Device or resource busy
[2026-07-22T06:47:59.412] error: slurm_set_addr: Unable to resolve "slurmctl02"
[2026-07-22T06:48:24.420] error: _xgetaddrinfo: getaddrinfo(slurmctl01:6817) failed: System error: Device or resource busy
[2026-07-22T06:48:24.420] error: slurm_set_addr: Unable to resolve "slurmctl01"
[2026-07-22T06:48:24.426] error: _xgetaddrinfo: getaddrinfo(slurmctl02:6817) failed: System error: Device or resource busy
[2026-07-22T06:48:24.426] error: slurm_set_addr: Unable to resolve "slurmctl02"
[2026-07-22T06:48:49.434] error: _xgetaddrinfo: getaddrinfo(slurmctl01:6817) failed: System error: Device or resource busy
[2026-07-22T06:48:49.434] error: slurm_set_addr: Unable to resolve "slurmctl01"
[2026-07-22T06:48:49.440] error: _xgetaddrinfo: getaddrinfo(slurmctl02:6817) failed: System error: Device or resource busy
[2026-07-22T06:48:49.440] error: slurm_set_addr: Unable to resolve "slurmctl02"
[2026-07-22T06:49:14.449] error: _xgetaddrinfo: getaddrinfo(slurmctl01:6817) failed: System error: Device or resource busy
[2026-07-22T06:49:14.449] error: slurm_set_addr: Unable to resolve "slurmctl01"
[2026-07-22T06:49:14.455] error: _xgetaddrinfo: getaddrinfo(slurmctl02:6817) failed: System error: Device or resource busy
[2026-07-22T06:49:14.455] error: slurm_set_addr: Unable to resolve "slurmctl02"
[2026-07-22T06:49:39.463] error: _xgetaddrinfo: getaddrinfo(slurmctl01:6817) failed: System error: Device or resource busy
[2026-07-22T06:49:39.463] error: slurm_set_addr: Unable to resolve "slurmctl01"
[2026-07-22T06:49:39.469] error: _xgetaddrinfo: getaddrinfo(slurmctl02:6817) failed: System error: Device or resource busy
[2026-07-22T06:49:39.470] error: slurm_set_addr: Unable to resolve "slurmctl02"
[2026-07-22T06:50:04.477] error: _xgetaddrinfo: getaddrinfo(slurmctl01:6817) failed: System error: Device or resource busy
[2026-07-22T06:50:04.477] error: slurm_set_addr: Unable to resolve "slurmctl01"
[2026-07-22T06:50:04.483] error: _xgetaddrinfo: getaddrinfo(slurmctl02:6817) failed: System error: Device or resource busy
[2026-07-22T06:50:04.483] error: slurm_set_addr: Unable to resolve "slurmctl02"
[2026-07-22T06:50:29.491] error: _xgetaddrinfo: getaddrinfo(slurmctl01:6817) failed: System error: Device or resource busy
[2026-07-22T06:50:29.492] error: slurm_set_addr: Unable to resolve "slurmctl01"
[2026-07-22T06:50:29.498] error: _xgetaddrinfo: getaddrinfo(slurmctl02:6817) failed: System error: Device or resource busy
[2026-07-22T06:50:29.498] error: slurm_set_addr: Unable to resolve "slurmctl02"
[2026-07-22T06:50:54.506] error: _xgetaddrinfo: getaddrinfo(slurmctl01:6817) failed: System error: Device or resource busy
[2026-07-22T06:50:54.506] error: slurm_set_addr: Unable to resolve "slurmctl01"
[2026-07-22T06:50:54.512] error: _xgetaddrinfo: getaddrinfo(slurmctl02:6817) failed: System error: Device or resource busy
[2026-07-22T06:50:54.512] error: slurm_set_addr: Unable to resolve "slurmctl02"
[2026-07-22T06:51:19.520] error: _xgetaddrinfo: getaddrinfo(slurmctl01:6817) failed: System error: Device or resource busy
[2026-07-22T06:51:19.520] error: slurm_set_addr: Unable to resolve "slurmctl01"
[2026-07-22T06:51:19.526] error: _xgetaddrinfo: getaddrinfo(slurmctl02:6817) failed: System error: Device or resource busy
[2026-07-22T06:51:19.526] error: slurm_set_addr: Unable to resolve "slurmctl02"
[2026-07-22T06:51:44.535] error: _xgetaddrinfo: getaddrinfo(slurmctl01:6817) failed: System error: Device or resource busy
[2026-07-22T06:51:44.535] error: slurm_set_addr: Unable to resolve "slurmctl01"
[2026-07-22T06:51:44.541] error: _xgetaddrinfo: getaddrinfo(slurmctl02:6817) failed: System error: Device or resource busy
[2026-07-22T06:51:44.541] error: slurm_set_addr: Unable to resolve "slurmctl02"
[2026-07-22T06:52:09.549] error: _xgetaddrinfo: getaddrinfo(slurmctl01:6817) failed: System error: Device or resource busy
[2026-07-22T06:52:09.550] error: slurm_set_addr: Unable to resolve "slurmctl01"
[2026-07-22T06:52:09.556] error: _xgetaddrinfo: getaddrinfo(slurmctl02:6817) failed: System error: Device or resource busy
[2026-07-22T06:52:09.556] error: slurm_set_addr: Unable to resolve "slurmctl02"
[2026-07-22T06:52:34.564] error: _xgetaddrinfo: getaddrinfo(slurmctl01:6817) failed: System error: Device or resource busy
[2026-07-22T06:52:34.564] error: slurm_set_addr: Unable to resolve "slurmctl01"
[2026-07-22T06:52:34.570] error: _xgetaddrinfo: getaddrinfo(slurmctl02:6817) failed: System error: Device or resource busy
[2026-07-22T06:52:34.570] error: slurm_set_addr: Unable to resolve "slurmctl02"
[2026-07-22T06:52:59.578] error: _xgetaddrinfo: getaddrinfo(slurmctl01:6817) failed: System error: Device or resource busy
[2026-07-22T06:52:59.578] error: slurm_set_addr: Unable to resolve "slurmctl01"
[2026-07-22T06:52:59.583] error: _xgetaddrinfo: getaddrinfo(slurmctl02:6817) failed: System error: Device or resource busy
[2026-07-22T06:52:59.583] error: slurm_set_addr: Unable to resolve "slurmctl02"
[2026-07-22T06:53:24.591] error: _xgetaddrinfo: getaddrinfo(slurmctl01:6817) failed: System error: Device or resource busy
[2026-07-22T06:53:24.591] error: slurm_set_addr: Unable to resolve "slurmctl01"
[2026-07-22T06:53:24.597] error: _xgetaddrinfo: getaddrinfo(slurmctl02:6817) failed: System error: Device or resource busy
[2026-07-22T06:53:24.597] error: slurm_set_addr: Unable to resolve "slurmctl02"
[2026-07-22T06:53:49.605] error: _xgetaddrinfo: getaddrinfo(slurmctl01:6817) failed: System error: Device or resource busy
[2026-07-22T06:53:49.605] error: slurm_set_addr: Unable to resolve "slurmctl01"
[2026-07-22T06:53:49.611] error: _xgetaddrinfo: getaddrinfo(slurmctl02:6817) failed: System error: Device or resource busy
[2026-07-22T06:53:49.611] error: slurm_set_addr: Unable to resolve "slurmctl02"
[2026-07-22T06:54:14.619] error: _xgetaddrinfo: getaddrinfo(slurmctl01:6817) failed: System error: Device or resource busy
[2026-07-22T06:54:14.619] error: slurm_set_addr: Unable to resolve "slurmctl01"
[2026-07-22T06:54:14.625] error: _xgetaddrinfo: getaddrinfo(slurmctl02:6817) failed: System error: Device or resource busy
[2026-07-22T06:54:14.625] error: slurm_set_addr: Unable to resolve "slurmctl02"
[2026-07-22T06:54:39.633] error: _xgetaddrinfo: getaddrinfo(slurmctl01:6817) failed: System error: Device or resource busy
[2026-07-22T06:54:39.633] error: slurm_set_addr: Unable to resolve "slurmctl01"
[2026-07-22T06:54:39.638] error: _xgetaddrinfo: getaddrinfo(slurmctl02:6817) failed: System error: Device or resource busy
[2026-07-22T06:54:39.638] error: slurm_set_addr: Unable to resolve "slurmctl02"
[2026-07-22T06:55:04.646] error: _xgetaddrinfo: getaddrinfo(slurmctl01:6817) failed: System error: Device or resource busy
[2026-07-22T06:55:04.646] error: slurm_set_addr: Unable to resolve "slurmctl01"
[2026-07-22T06:55:04.652] error: _xgetaddrinfo: getaddrinfo(slurmctl02:6817) failed: System error: Device or resource busy
[2026-07-22T06:55:04.652] error: slurm_set_addr: Unable to resolve "slurmctl02"
[2026-07-22T06:55:29.660] error: _xgetaddrinfo: getaddrinfo(slurmctl01:6817) failed: System error: Device or resource busy
[2026-07-22T06:55:29.660] error: slurm_set_addr: Unable to resolve "slurmctl01"
[2026-07-22T06:55:29.666] error: _xgetaddrinfo: getaddrinfo(slurmctl02:6817) failed: System error: Device or resource busy
[2026-07-22T06:55:29.666] error: slurm_set_addr: Unable to resolve "slurmctl02"
[2026-07-22T06:55:54.674] error: _xgetaddrinfo: getaddrinfo(slurmctl01:6817) failed: System error: Device or resource busy
[2026-07-22T06:55:54.674] error: slurm_set_addr: Unable to resolve "slurmctl01"
[2026-07-22T06:55:54.680] error: _xgetaddrinfo: getaddrinfo(slurmctl02:6817) failed: System error: Device or resource busy
[2026-07-22T06:55:54.680] error: slurm_set_addr: Unable to resolve "slurmctl02"
[2026-07-22T06:56:19.688] error: _xgetaddrinfo: getaddrinfo(slurmctl01:6817) failed: System error: Device or resource busy
[2026-07-22T06:56:19.688] error: slurm_set_addr: Unable to resolve "slurmctl01"
[2026-07-22T06:56:19.694] error: _xgetaddrinfo: getaddrinfo(slurmctl02:6817) failed: System error: Device or resource busy
[2026-07-22T06:56:19.694] error: slurm_set_addr: Unable to resolve "slurmctl02"
[2026-07-22T06:56:44.703] error: _xgetaddrinfo: getaddrinfo(slurmctl01:6817) failed: System error: Device or resource busy
[2026-07-22T06:56:44.703] error: slurm_set_addr: Unable to resolve "slurmctl01"
[2026-07-22T06:56:44.709] error: _xgetaddrinfo: getaddrinfo(slurmctl02:6817) failed: System error: Device or resource busy
[2026-07-22T06:56:44.709] error: slurm_set_addr: Unable to resolve "slurmctl02"
[2026-07-22T06:57:09.716] error: _xgetaddrinfo: getaddrinfo(slurmctl01:6817) failed: System error: Device or resource busy
[2026-07-22T06:57:09.716] error: slurm_set_addr: Unable to resolve "slurmctl01"
[2026-07-22T06:57:09.722] error: _xgetaddrinfo: getaddrinfo(slurmctl02:6817) failed: System error: Device or resource busy
[2026-07-22T06:57:09.723] error: slurm_set_addr: Unable to resolve "slurmctl02"
[2026-07-22T06:57:34.730] error: _xgetaddrinfo: getaddrinfo(slurmctl01:6817) failed: System error: Device or resource busy
[2026-07-22T06:57:34.730] error: slurm_set_addr: Unable to resolve "slurmctl01"
[2026-07-22T06:57:34.737] error: _xgetaddrinfo: getaddrinfo(slurmctl02:6817) failed: System error: Device or resource busy
[2026-07-22T06:57:34.737] error: slurm_set_addr: Unable to resolve "slurmctl02"
[2026-07-22T06:57:59.745] error: _xgetaddrinfo: getaddrinfo(slurmctl01:6817) failed: System error: Device or resource busy
[2026-07-22T06:57:59.745] error: slurm_set_addr: Unable to resolve "slurmctl01"
[2026-07-22T06:57:59.751] error: _xgetaddrinfo: getaddrinfo(slurmctl02:6817) failed: System error: Device or resource busy
[2026-07-22T06:57:59.751] error: slurm_set_addr: Unable to resolve "slurmctl02"
[2026-07-22T06:58:24.760] error: _xgetaddrinfo: getaddrinfo(slurmctl01:6817) failed: System error: Device or resource busy
[2026-07-22T06:58:24.760] error: slurm_set_addr: Unable to resolve "slurmctl01"
[2026-07-22T06:58:24.766] error: _xgetaddrinfo: getaddrinfo(slurmctl02:6817) failed: System error: Device or resource busy
[2026-07-22T06:58:24.766] error: slurm_set_addr: Unable to resolve "slurmctl02"
[2026-07-22T06:58:49.774] error: _xgetaddrinfo: getaddrinfo(slurmctl01:6817) failed: System error: Device or resource busy
[2026-07-22T06:58:49.774] error: slurm_set_addr: Unable to resolve "slurmctl01"
[2026-07-22T06:58:49.780] error: _xgetaddrinfo: getaddrinfo(slurmctl02:6817) failed: System error: Device or resource busy
[2026-07-22T06:58:49.781] error: slurm_set_addr: Unable to resolve "slurmctl02"
[2026-07-22T06:59:14.788] error: _xgetaddrinfo: getaddrinfo(slurmctl01:6817) failed: System error: Device or resource busy
[2026-07-22T06:59:14.788] error: slurm_set_addr: Unable to resolve "slurmctl01"
[2026-07-22T06:59:14.794] error: _xgetaddrinfo: getaddrinfo(slurmctl02:6817) failed: System error: Device or resource busy
[2026-07-22T06:59:14.794] error: slurm_set_addr: Unable to resolve "slurmctl02"
[2026-07-22T06:59:39.802] error: _xgetaddrinfo: getaddrinfo(slurmctl01:6817) failed: System error: Device or resource busy
[2026-07-22T06:59:39.802] error: slurm_set_addr: Unable to resolve "slurmctl01"
[2026-07-22T06:59:39.809] error: _xgetaddrinfo: getaddrinfo(slurmctl02:6817) failed: System error: Device or resource busy
[2026-07-22T06:59:39.809] error: slurm_set_addr: Unable to resolve "slurmctl02"
[2026-07-22T07:00:04.817] error: _xgetaddrinfo: getaddrinfo(slurmctl01:6817) failed: System error: Device or resource busy
[2026-07-22T07:00:04.817] error: slurm_set_addr: Unable to resolve "slurmctl01"
[2026-07-22T07:00:04.823] error: _xgetaddrinfo: getaddrinfo(slurmctl02:6817) failed: System error: Device or resource busy
[2026-07-22T07:00:04.823] error: slurm_set_addr: Unable to resolve "slurmctl02"
[2026-07-22T07:00:29.831] error: _xgetaddrinfo: getaddrinfo(slurmctl01:6817) failed: System error: Device or resource busy
[2026-07-22T07:00:29.831] error: slurm_set_addr: Unable to resolve "slurmctl01"
[2026-07-22T07:00:29.836] error: _xgetaddrinfo: getaddrinfo(slurmctl02:6817) failed: System error: Device or resource busy
[2026-07-22T07:00:29.836] error: slurm_set_addr: Unable to resolve "slurmctl02"
[2026-07-22T07:00:54.844] error: _xgetaddrinfo: getaddrinfo(slurmctl01:6817) failed: System error: Device or resource busy
[2026-07-22T07:00:54.844] error: slurm_set_addr: Unable to resolve "slurmctl01"
[2026-07-22T07:00:54.850] error: _xgetaddrinfo: getaddrinfo(slurmctl02:6817) failed: System error: Device or resource busy
[2026-07-22T07:00:54.850] error: slurm_set_addr: Unable to resolve "slurmctl02"
[2026-07-22T07:01:19.858] error: _xgetaddrinfo: getaddrinfo(slurmctl01:6817) failed: System error: Device or resource busy
[2026-07-22T07:01:19.858] error: slurm_set_addr: Unable to resolve "slurmctl01"
[2026-07-22T07:01:19.864] error: _xgetaddrinfo: getaddrinfo(slurmctl02:6817) failed: System error: Device or resource busy
[2026-07-22T07:01:19.864] error: slurm_set_addr: Unable to resolve "slurmctl02"
[2026-07-22T07:01:44.872] error: _xgetaddrinfo: getaddrinfo(slurmctl01:6817) failed: System error: Device or resource busy
[2026-07-22T07:01:44.872] error: slurm_set_addr: Unable to resolve "slurmctl01"
[2026-07-22T07:01:44.880] error: _xgetaddrinfo: getaddrinfo(slurmctl02:6817) failed: System error: Device or resource busy
[2026-07-22T07:01:44.880] error: slurm_set_addr: Unable to resolve "slurmctl02"
[2026-07-22T07:02:09.888] error: _xgetaddrinfo: getaddrinfo(slurmctl01:6817) failed: System error: Device or resource busy
[2026-07-22T07:02:09.888] error: slurm_set_addr: Unable to resolve "slurmctl01"
[2026-07-22T07:02:09.894] error: _xgetaddrinfo: getaddrinfo(slurmctl02:6817) failed: System error: Device or resource busy
[2026-07-22T07:02:09.894] error: slurm_set_addr: Unable to resolve "slurmctl02"
[2026-07-22T07:02:34.902] error: _xgetaddrinfo: getaddrinfo(slurmctl01:6817) failed: System error: Device or resource busy
[2026-07-22T07:02:34.902] error: slurm_set_addr: Unable to resolve "slurmctl01"
[2026-07-22T07:02:34.907] error: _xgetaddrinfo: getaddrinfo(slurmctl02:6817) failed: System error: Device or resource busy
[2026-07-22T07:02:34.908] error: slurm_set_addr: Unable to resolve "slurmctl02"
[2026-07-22T07:02:59.915] error: _xgetaddrinfo: getaddrinfo(slurmctl01:6817) failed: System error: Device or resource busy
[2026-07-22T07:02:59.915] error: slurm_set_addr: Unable to resolve "slurmctl01"
[2026-07-22T07:02:59.921] error: _xgetaddrinfo: getaddrinfo(slurmctl02:6817) failed: System error: Device or resource busy
[2026-07-22T07:02:59.921] error: slurm_set_addr: Unable to resolve "slurmctl02"
[2026-07-22T07:03:24.929] error: _xgetaddrinfo: getaddrinfo(slurmctl01:6817) failed: System error: Device or resource busy
[2026-07-22T07:03:24.929] error: slurm_set_addr: Unable to resolve "slurmctl01"
[2026-07-22T07:03:24.935] error: _xgetaddrinfo: getaddrinfo(slurmctl02:6817) failed: System error: Device or resource busy
[2026-07-22T07:03:24.935] error: slurm_set_addr: Unable to resolve "slurmctl02"
[2026-07-22T07:03:49.943] error: _xgetaddrinfo: getaddrinfo(slurmctl01:6817) failed: System error: Device or resource busy
[2026-07-22T07:03:49.944] error: slurm_set_addr: Unable to resolve "slurmctl01"
[2026-07-22T07:03:49.949] error: _xgetaddrinfo: getaddrinfo(slurmctl02:6817) failed: System error: Device or resource busy
[2026-07-22T07:03:49.949] error: slurm_set_addr: Unable to resolve "slurmctl02"
[2026-07-22T07:04:14.957] error: _xgetaddrinfo: getaddrinfo(slurmctl01:6817) failed: System error: Device or resource busy
[2026-07-22T07:04:14.957] error: slurm_set_addr: Unable to resolve "slurmctl01"
[2026-07-22T07:04:14.963] error: _xgetaddrinfo: getaddrinfo(slurmctl02:6817) failed: System error: Device or resource busy
[2026-07-22T07:04:14.963] error: slurm_set_addr: Unable to resolve "slurmctl02"
[2026-07-22T07:04:39.971] error: _xgetaddrinfo: getaddrinfo(slurmctl01:6817) failed: System error: Device or resource busy
[2026-07-22T07:04:39.971] error: slurm_set_addr: Unable to resolve "slurmctl01"
[2026-07-22T07:04:39.977] error: _xgetaddrinfo: getaddrinfo(slurmctl02:6817) failed: System error: Device or resource busy
[2026-07-22T07:04:39.978] error: slurm_set_addr: Unable to resolve "slurmctl02"
[2026-07-22T07:05:04.985] error: _xgetaddrinfo: getaddrinfo(slurmctl01:6817) failed: System error: Device or resource busy
[2026-07-22T07:05:04.985] error: slurm_set_addr: Unable to resolve "slurmctl01"
[2026-07-22T07:05:04.991] error: _xgetaddrinfo: getaddrinfo(slurmctl02:6817) failed: System error: Device or resource busy
[2026-07-22T07:05:04.991] error: slurm_set_addr: Unable to resolve "slurmctl02"
[2026-07-22T07:05:29.999] error: _xgetaddrinfo: getaddrinfo(slurmctl01:6817) failed: System error: Device or resource busy
[2026-07-22T07:05:29.999] error: slurm_set_addr: Unable to resolve "slurmctl01"
[2026-07-22T07:05:30.005] error: _xgetaddrinfo: getaddrinfo(slurmctl02:6817) failed: System error: Device or resource busy
[2026-07-22T07:05:30.005] error: slurm_set_addr: Unable to resolve "slurmctl02"
[2026-07-22T07:05:55.014] error: _xgetaddrinfo: getaddrinfo(slurmctl01:6817) failed: System error: Device or resource busy
[2026-07-22T07:05:55.014] error: slurm_set_addr: Unable to resolve "slurmctl01"
[2026-07-22T07:05:55.019] error: _xgetaddrinfo: getaddrinfo(slurmctl02:6817) failed: System error: Device or resource busy
[2026-07-22T07:05:55.019] error: slurm_set_addr: Unable to resolve "slurmctl02"
[2026-07-22T07:06:20.027] error: _xgetaddrinfo: getaddrinfo(slurmctl01:6817) failed: System error: Device or resource busy
[2026-07-22T07:06:20.028] error: slurm_set_addr: Unable to resolve "slurmctl01"
[2026-07-22T07:06:20.033] error: _xgetaddrinfo: getaddrinfo(slurmctl02:6817) failed: System error: Device or resource busy
[2026-07-22T07:06:20.033] error: slurm_set_addr: Unable to resolve "slurmctl02"
[2026-07-22T07:06:45.041] error: _xgetaddrinfo: getaddrinfo(slurmctl01:6817) failed: System error: Device or resource busy
[2026-07-22T07:06:45.041] error: slurm_set_addr: Unable to resolve "slurmctl01"
[2026-07-22T07:06:45.047] error: _xgetaddrinfo: getaddrinfo(slurmctl02:6817) failed: System error: Device or resource busy
[2026-07-22T07:06:45.047] error: slurm_set_addr: Unable to resolve "slurmctl02"
[2026-07-22T07:07:10.056] error: _xgetaddrinfo: getaddrinfo(slurmctl01:6817) failed: System error: Device or resource busy
[2026-07-22T07:07:10.056] error: slurm_set_addr: Unable to resolve "slurmctl01"
[2026-07-22T07:07:10.062] error: _xgetaddrinfo: getaddrinfo(slurmctl02:6817) failed: System error: Device or resource busy
[2026-07-22T07:07:10.062] error: slurm_set_addr: Unable to resolve "slurmctl02"
[2026-07-22T07:07:35.070] error: _xgetaddrinfo: getaddrinfo(slurmctl01:6817) failed: System error: Device or resource busy
[2026-07-22T07:07:35.070] error: slurm_set_addr: Unable to resolve "slurmctl01"
[2026-07-22T07:07:35.076] error: _xgetaddrinfo: getaddrinfo(slurmctl02:6817) failed: System error: Device or resource busy
[2026-07-22T07:07:35.076] error: slurm_set_addr: Unable to resolve "slurmctl02"
[2026-07-22T07:08:00.083] error: _xgetaddrinfo: getaddrinfo(slurmctl01:6817) failed: System error: Device or resource busy
[2026-07-22T07:08:00.084] error: slurm_set_addr: Unable to resolve "slurmctl01"
[2026-07-22T07:08:00.090] error: _xgetaddrinfo: getaddrinfo(slurmctl02:6817) failed: System error: Device or resource busy
[2026-07-22T07:08:00.090] error: slurm_set_addr: Unable to resolve "slurmctl02"
[2026-07-22T07:08:25.097] error: _xgetaddrinfo: getaddrinfo(slurmctl01:6817) failed: System error: Device or resource busy
[2026-07-22T07:08:25.098] error: slurm_set_addr: Unable to resolve "slurmctl01"
[2026-07-22T07:08:25.103] error: _xgetaddrinfo: getaddrinfo(slurmctl02:6817) failed: System error: Device or resource busy
[2026-07-22T07:08:25.104] error: slurm_set_addr: Unable to resolve "slurmctl02"
[2026-07-22T07:08:50.111] error: _xgetaddrinfo: getaddrinfo(slurmctl01:6817) failed: System error: Device or resource busy
[2026-07-22T07:08:50.111] error: slurm_set_addr: Unable to resolve "slurmctl01"
[2026-07-22T07:08:50.117] error: _xgetaddrinfo: getaddrinfo(slurmctl02:6817) failed: System error: Device or resource busy
[2026-07-22T07:08:50.117] error: slurm_set_addr: Unable to resolve "slurmctl02"
[2026-07-22T07:09:15.125] error: _xgetaddrinfo: getaddrinfo(slurmctl01:6817) failed: System error: Device or resource busy
[2026-07-22T07:09:15.126] error: slurm_set_addr: Unable to resolve "slurmctl01"
[2026-07-22T07:09:15.132] error: _xgetaddrinfo: getaddrinfo(slurmctl02:6817) failed: System error: Device or resource busy
[2026-07-22T07:09:15.132] error: slurm_set_addr: Unable to resolve "slurmctl02"
[2026-07-22T07:09:40.140] error: _xgetaddrinfo: getaddrinfo(slurmctl01:6817) failed: System error: Device or resource busy
[2026-07-22T07:09:40.140] error: slurm_set_addr: Unable to resolve "slurmctl01"
[2026-07-22T07:09:40.146] error: _xgetaddrinfo: getaddrinfo(slurmctl02:6817) failed: System error: Device or resource busy
[2026-07-22T07:09:40.146] error: slurm_set_addr: Unable to resolve "slurmctl02"
[2026-07-22T07:10:05.154] error: _xgetaddrinfo: getaddrinfo(slurmctl01:6817) failed: System error: Device or resource busy
[2026-07-22T07:10:05.154] error: slurm_set_addr: Unable to resolve "slurmctl01"
[2026-07-22T07:10:05.160] error: _xgetaddrinfo: getaddrinfo(slurmctl02:6817) failed: System error: Device or resource busy
[2026-07-22T07:10:05.160] error: slurm_set_addr: Unable to resolve "slurmctl02"
[2026-07-22T07:10:30.168] error: _xgetaddrinfo: getaddrinfo(slurmctl01:6817) failed: System error: Device or resource busy
[2026-07-22T07:10:30.168] error: slurm_set_addr: Unable to resolve "slurmctl01"
[2026-07-22T07:10:30.174] error: _xgetaddrinfo: getaddrinfo(slurmctl02:6817) failed: System error: Device or resource busy
[2026-07-22T07:10:30.174] error: slurm_set_addr: Unable to resolve "slurmctl02"
[2026-07-22T07:10:55.182] error: _xgetaddrinfo: getaddrinfo(slurmctl01:6817) failed: System error: Device or resource busy
[2026-07-22T07:10:55.182] error: slurm_set_addr: Unable to resolve "slurmctl01"
[2026-07-22T07:10:55.188] error: _xgetaddrinfo: getaddrinfo(slurmctl02:6817) failed: System error: Device or resource busy
[2026-07-22T07:10:55.188] error: slurm_set_addr: Unable to resolve "slurmctl02"
[2026-07-22T07:11:20.196] error: _xgetaddrinfo: getaddrinfo(slurmctl01:6817) failed: System error: Device or resource busy
[2026-07-22T07:11:20.196] error: slurm_set_addr: Unable to resolve "slurmctl01"
[2026-07-22T07:11:20.202] error: _xgetaddrinfo: getaddrinfo(slurmctl02:6817) failed: System error: Device or resource busy
[2026-07-22T07:11:20.202] error: slurm_set_addr: Unable to resolve "slurmctl02"
[2026-07-22T07:11:45.210] error: _xgetaddrinfo: getaddrinfo(slurmctl01:6817) failed: System error: Device or resource busy
[2026-07-22T07:11:45.210] error: slurm_set_addr: Unable to resolve "slurmctl01"
[2026-07-22T07:11:45.216] error: _xgetaddrinfo: getaddrinfo(slurmctl02:6817) failed: System error: Device or resource busy
[2026-07-22T07:11:45.216] error: slurm_set_addr: Unable to resolve "slurmctl02"
[2026-07-22T07:12:10.224] error: _xgetaddrinfo: getaddrinfo(slurmctl01:6817) failed: System error: Device or resource busy
[2026-07-22T07:12:10.224] error: slurm_set_addr: Unable to resolve "slurmctl01"
[2026-07-22T07:12:10.230] error: _xgetaddrinfo: getaddrinfo(slurmctl02:6817) failed: System error: Device or resource busy
[2026-07-22T07:12:10.230] error: slurm_set_addr: Unable to resolve "slurmctl02"
[2026-07-22T07:12:35.238] error: _xgetaddrinfo: getaddrinfo(slurmctl01:6817) failed: System error: Device or resource busy
[2026-07-22T07:12:35.239] error: slurm_set_addr: Unable to resolve "slurmctl01"
[2026-07-22T07:12:35.245] error: _xgetaddrinfo: getaddrinfo(slurmctl02:6817) failed: System error: Device or resource busy
[2026-07-22T07:12:35.246] error: slurm_set_addr: Unable to resolve "slurmctl02"
[2026-07-22T07:13:00.253] error: _xgetaddrinfo: getaddrinfo(slurmctl01:6817) failed: System error: Device or resource busy
[2026-07-22T07:13:00.253] error: slurm_set_addr: Unable to resolve "slurmctl01"
[2026-07-22T07:13:00.263] error: _xgetaddrinfo: getaddrinfo(slurmctl02:6817) failed: System error: Device or resource busy
[2026-07-22T07:13:00.263] error: slurm_set_addr: Unable to resolve "slurmctl02"
[2026-07-22T07:13:25.270] error: _xgetaddrinfo: getaddrinfo(slurmctl01:6817) failed: System error: Device or resource busy
[2026-07-22T07:13:25.270] error: slurm_set_addr: Unable to resolve "slurmctl01"
[2026-07-22T07:13:25.277] error: _xgetaddrinfo: getaddrinfo(slurmctl02:6817) failed: System error: Device or resource busy
[2026-07-22T07:13:25.277] error: slurm_set_addr: Unable to resolve "slurmctl02"
[2026-07-22T07:13:50.284] error: _xgetaddrinfo: getaddrinfo(slurmctl01:6817) failed: System error: Device or resource busy
[2026-07-22T07:13:50.284] error: slurm_set_addr: Unable to resolve "slurmctl01"
[2026-07-22T07:13:50.290] error: _xgetaddrinfo: getaddrinfo(slurmctl02:6817) failed: System error: Device or resource busy
[2026-07-22T07:13:50.291] error: slurm_set_addr: Unable to resolve "slurmctl02"
[2026-07-22T07:14:15.299] error: _xgetaddrinfo: getaddrinfo(slurmctl01:6817) failed: System error: Device or resource busy
[2026-07-22T07:14:15.299] error: slurm_set_addr: Unable to resolve "slurmctl01"
[2026-07-22T07:14:15.305] error: _xgetaddrinfo: getaddrinfo(slurmctl02:6817) failed: System error: Device or resource busy
[2026-07-22T07:14:15.305] error: slurm_set_addr: Unable to resolve "slurmctl02"
[2026-07-22T07:14:40.314] error: _xgetaddrinfo: getaddrinfo(slurmctl01:6817) failed: System error: Device or resource busy
[2026-07-22T07:14:40.314] error: slurm_set_addr: Unable to resolve "slurmctl01"
[2026-07-22T07:14:40.319] error: _xgetaddrinfo: getaddrinfo(slurmctl02:6817) failed: System error: Device or resource busy
[2026-07-22T07:14:40.319] error: slurm_set_addr: Unable to resolve "slurmctl02"
[2026-07-22T07:15:05.327] error: _xgetaddrinfo: getaddrinfo(slurmctl01:6817) failed: System error: Device or resource busy
[2026-07-22T07:15:05.328] error: slurm_set_addr: Unable to resolve "slurmctl01"
[2026-07-22T07:15:05.333] error: _xgetaddrinfo: getaddrinfo(slurmctl02:6817) failed: System error: Device or resource busy
[2026-07-22T07:15:05.333] error: slurm_set_addr: Unable to resolve "slurmctl02"
[2026-07-22T07:15:30.341] error: _xgetaddrinfo: getaddrinfo(slurmctl01:6817) failed: System error: Device or resource busy
[2026-07-22T07:15:30.341] error: slurm_set_addr: Unable to resolve "slurmctl01"
[2026-07-22T07:15:30.347] error: _xgetaddrinfo: getaddrinfo(slurmctl02:6817) failed: System error: Device or resource busy
[2026-07-22T07:15:30.347] error: slurm_set_addr: Unable to resolve "slurmctl02"
[2026-07-22T07:15:55.355] error: _xgetaddrinfo: getaddrinfo(slurmctl01:6817) failed: System error: Device or resource busy
[2026-07-22T07:15:55.355] error: slurm_set_addr: Unable to resolve "slurmctl01"
[2026-07-22T07:15:55.361] error: _xgetaddrinfo: getaddrinfo(slurmctl02:6817) failed: System error: Device or resource busy
[2026-07-22T07:15:55.361] error: slurm_set_addr: Unable to resolve "slurmctl02"
[2026-07-22T07:16:20.370] error: _xgetaddrinfo: getaddrinfo(slurmctl01:6817) failed: System error: Device or resource busy
[2026-07-22T07:16:20.371] error: slurm_set_addr: Unable to resolve "slurmctl01"
[2026-07-22T07:16:20.377] error: _xgetaddrinfo: getaddrinfo(slurmctl02:6817) failed: System error: Device or resource busy
[2026-07-22T07:16:20.377] error: slurm_set_addr: Unable to resolve "slurmctl02"
[2026-07-22T07:16:45.385] error: _xgetaddrinfo: getaddrinfo(slurmctl01:6817) failed: System error: Device or resource busy
[2026-07-22T07:16:45.386] error: slurm_set_addr: Unable to resolve "slurmctl01"
[2026-07-22T07:16:45.391] error: _xgetaddrinfo: getaddrinfo(slurmctl02:6817) failed: System error: Device or resource busy
[2026-07-22T07:16:45.391] error: slurm_set_addr: Unable to resolve "slurmctl02"
[2026-07-22T07:17:10.399] error: _xgetaddrinfo: getaddrinfo(slurmctl01:6817) failed: System error: Device or resource busy
[2026-07-22T07:17:10.400] error: slurm_set_addr: Unable to resolve "slurmctl01"
[2026-07-22T07:17:10.406] error: _xgetaddrinfo: getaddrinfo(slurmctl02:6817) failed: System error: Device or resource busy
[2026-07-22T07:17:10.406] error: slurm_set_addr: Unable to resolve "slurmctl02"
[2026-07-22T07:17:35.413] error: _xgetaddrinfo: getaddrinfo(slurmctl01:6817) failed: System error: Device or resource busy
[2026-07-22T07:17:35.414] error: slurm_set_addr: Unable to resolve "slurmctl01"
[2026-07-22T07:17:35.419] error: _xgetaddrinfo: getaddrinfo(slurmctl02:6817) failed: System error: Device or resource busy
[2026-07-22T07:17:35.419] error: slurm_set_addr: Unable to resolve "slurmctl02"
[2026-07-22T07:18:00.427] error: _xgetaddrinfo: getaddrinfo(slurmctl01:6817) failed: System error: Device or resource busy
[2026-07-22T07:18:00.427] error: slurm_set_addr: Unable to resolve "slurmctl01"
[2026-07-22T07:18:00.433] error: _xgetaddrinfo: getaddrinfo(slurmctl02:6817) failed: System error: Device or resource busy
[2026-07-22T07:18:00.433] error: slurm_set_addr: Unable to resolve "slurmctl02"
[2026-07-22T07:18:25.441] error: _xgetaddrinfo: getaddrinfo(slurmctl01:6817) failed: System error: Device or resource busy
[2026-07-22T07:18:25.441] error: slurm_set_addr: Unable to resolve "slurmctl01"
[2026-07-22T07:18:25.447] error: _xgetaddrinfo: getaddrinfo(slurmctl02:6817) failed: System error: Device or resource busy
[2026-07-22T07:18:25.447] error: slurm_set_addr: Unable to resolve "slurmctl02"
[2026-07-22T07:18:50.455] error: _xgetaddrinfo: getaddrinfo(slurmctl01:6817) failed: System error: Device or resource busy
[2026-07-22T07:18:50.455] error: slurm_set_addr: Unable to resolve "slurmctl01"
[2026-07-22T07:18:50.461] error: _xgetaddrinfo: getaddrinfo(slurmctl02:6817) failed: System error: Device or resource busy
[2026-07-22T07:18:50.461] error: slurm_set_addr: Unable to resolve "slurmctl02"
[2026-07-22T07:19:15.469] error: _xgetaddrinfo: getaddrinfo(slurmctl01:6817) failed: System error: Device or resource busy
[2026-07-22T07:19:15.469] error: slurm_set_addr: Unable to resolve "slurmctl01"
[2026-07-22T07:19:15.475] error: _xgetaddrinfo: getaddrinfo(slurmctl02:6817) failed: System error: Device or resource busy
[2026-07-22T07:19:15.475] error: slurm_set_addr: Unable to resolve "slurmctl02"
[2026-07-22T07:19:40.483] error: _xgetaddrinfo: getaddrinfo(slurmctl01:6817) failed: System error: Device or resource busy
[2026-07-22T07:19:40.483] error: slurm_set_addr: Unable to resolve "slurmctl01"
[2026-07-22T07:19:40.489] error: _xgetaddrinfo: getaddrinfo(slurmctl02:6817) failed: System error: Device or resource busy
[2026-07-22T07:19:40.489] error: slurm_set_addr: Unable to resolve "slurmctl02"
[2026-07-22T07:20:05.497] error: _xgetaddrinfo: getaddrinfo(slurmctl01:6817) failed: System error: Device or resource busy
[2026-07-22T07:20:05.498] error: slurm_set_addr: Unable to resolve "slurmctl01"
[2026-07-22T07:20:05.504] error: _xgetaddrinfo: getaddrinfo(slurmctl02:6817) failed: System error: Device or resource busy
[2026-07-22T07:20:05.504] error: slurm_set_addr: Unable to resolve "slurmctl02"
[2026-07-22T07:20:30.512] error: _xgetaddrinfo: getaddrinfo(slurmctl01:6817) failed: System error: Device or resource busy
[2026-07-22T07:20:30.512] error: slurm_set_addr: Unable to resolve "slurmctl01"
[2026-07-22T07:20:30.518] error: _xgetaddrinfo: getaddrinfo(slurmctl02:6817) failed: System error: Device or resource busy
[2026-07-22T07:20:30.518] error: slurm_set_addr: Unable to resolve "slurmctl02"
[2026-07-22T07:20:55.526] error: _xgetaddrinfo: getaddrinfo(slurmctl01:6817) failed: System error: Device or resource busy
[2026-07-22T07:20:55.526] error: slurm_set_addr: Unable to resolve "slurmctl01"
[2026-07-22T07:20:55.532] error: _xgetaddrinfo: getaddrinfo(slurmctl02:6817) failed: System error: Device or resource busy
[2026-07-22T07:20:55.533] error: slurm_set_addr: Unable to resolve "slurmctl02"
[2026-07-22T07:21:20.540] error: _xgetaddrinfo: getaddrinfo(slurmctl01:6817) failed: System error: Device or resource busy
[2026-07-22T07:21:20.540] error: slurm_set_addr: Unable to resolve "slurmctl01"
[2026-07-22T07:21:20.547] error: _xgetaddrinfo: getaddrinfo(slurmctl02:6817) failed: System error: Device or resource busy
[2026-07-22T07:21:20.547] error: slurm_set_addr: Unable to resolve "slurmctl02"
[2026-07-22T07:21:45.555] error: _xgetaddrinfo: getaddrinfo(slurmctl01:6817) failed: System error: Device or resource busy
[2026-07-22T07:21:45.555] error: slurm_set_addr: Unable to resolve "slurmctl01"
[2026-07-22T07:21:45.561] error: _xgetaddrinfo: getaddrinfo(slurmctl02:6817) failed: System error: Device or resource busy
[2026-07-22T07:21:45.561] error: slurm_set_addr: Unable to resolve "slurmctl02"
[2026-07-22T07:22:10.569] error: _xgetaddrinfo: getaddrinfo(slurmctl01:6817) failed: System error: Device or resource busy
[2026-07-22T07:22:10.570] error: slurm_set_addr: Unable to resolve "slurmctl01"
[2026-07-22T07:22:10.575] error: _xgetaddrinfo: getaddrinfo(slurmctl02:6817) failed: System error: Device or resource busy
[2026-07-22T07:22:10.576] error: slurm_set_addr: Unable to resolve "slurmctl02"
[2026-07-22T07:22:35.583] error: _xgetaddrinfo: getaddrinfo(slurmctl01:6817) failed: System error: Device or resource busy
[2026-07-22T07:22:35.583] error: slurm_set_addr: Unable to resolve "slurmctl01"
[2026-07-22T07:22:35.590] error: _xgetaddrinfo: getaddrinfo(slurmctl02:6817) failed: System error: Device or resource busy
[2026-07-22T07:22:35.590] error: slurm_set_addr: Unable to resolve "slurmctl02"
[2026-07-22T07:23:00.598] error: _xgetaddrinfo: getaddrinfo(slurmctl01:6817) failed: System error: Device or resource busy
[2026-07-22T07:23:00.598] error: slurm_set_addr: Unable to resolve "slurmctl01"
[2026-07-22T07:23:00.604] error: _xgetaddrinfo: getaddrinfo(slurmctl02:6817) failed: System error: Device or resource busy
[2026-07-22T07:23:00.604] error: slurm_set_addr: Unable to resolve "slurmctl02"
[2026-07-22T07:23:25.612] error: _xgetaddrinfo: getaddrinfo(slurmctl01:6817) failed: System error: Device or resource busy
[2026-07-22T07:23:25.612] error: slurm_set_addr: Unable to resolve "slurmctl01"
[2026-07-22T07:23:25.618] error: _xgetaddrinfo: getaddrinfo(slurmctl02:6817) failed: System error: Device or resource busy
[2026-07-22T07:23:25.618] error: slurm_set_addr: Unable to resolve "slurmctl02"
[2026-07-22T07:23:50.626] error: _xgetaddrinfo: getaddrinfo(slurmctl01:6817) failed: System error: Device or resource busy
[2026-07-22T07:23:50.626] error: slurm_set_addr: Unable to resolve "slurmctl01"
[2026-07-22T07:23:50.632] error: _xgetaddrinfo: getaddrinfo(slurmctl02:6817) failed: System error: Device or resource busy
[2026-07-22T07:23:50.632] error: slurm_set_addr: Unable to resolve "slurmctl02"
[2026-07-22T07:24:15.640] error: _xgetaddrinfo: getaddrinfo(slurmctl01:6817) failed: System error: Device or resource busy
[2026-07-22T07:24:15.640] error: slurm_set_addr: Unable to resolve "slurmctl01"
[2026-07-22T07:24:15.646] error: _xgetaddrinfo: getaddrinfo(slurmctl02:6817) failed: System error: Device or resource busy
[2026-07-22T07:24:15.646] error: slurm_set_addr: Unable to resolve "slurmctl02"
[2026-07-22T07:24:40.654] error: _xgetaddrinfo: getaddrinfo(slurmctl01:6817) failed: System error: Device or resource busy
[2026-07-22T07:24:40.654] error: slurm_set_addr: Unable to resolve "slurmctl01"
[2026-07-22T07:24:40.660] error: _xgetaddrinfo: getaddrinfo(slurmctl02:6817) failed: System error: Device or resource busy
[2026-07-22T07:24:40.660] error: slurm_set_addr: Unable to resolve "slurmctl02"
[2026-07-22T07:25:05.668] error: _xgetaddrinfo: getaddrinfo(slurmctl01:6817) failed: System error: Device or resource busy
[2026-07-22T07:25:05.668] error: slurm_set_addr: Unable to resolve "slurmctl01"
[2026-07-22T07:25:05.674] error: _xgetaddrinfo: getaddrinfo(slurmctl02:6817) failed: System error: Device or resource busy
[2026-07-22T07:25:05.674] error: slurm_set_addr: Unable to resolve "slurmctl02"
[2026-07-22T07:25:40.316] error: _xgetaddrinfo: getaddrinfo(slurmctl01:6817) failed: System error: Device or resource busy
[2026-07-22T07:25:40.316] error: slurm_set_addr: Unable to resolve "slurmctl01"
[2026-07-22T07:25:50.327] error: _xgetaddrinfo: getaddrinfo(slurmctl02:6817) failed: System error: Device or resource busy
[2026-07-22T07:25:50.327] error: slurm_set_addr: Unable to resolve "slurmctl02"
[2026-07-22T07:26:20.338] error: _xgetaddrinfo: getaddrinfo(slurmctl01:6817) failed: System error: Device or resource busy
[2026-07-22T07:26:20.338] error: slurm_set_addr: Unable to resolve "slurmctl01"
[2026-07-22T07:26:25.370] error: _xgetaddrinfo: getaddrinfo(slurmctl02:6817) failed: System error: Device or resource busy
[2026-07-22T07:26:25.370] error: slurm_set_addr: Unable to resolve "slurmctl02"
[2026-07-22T07:26:56.357] error: _xgetaddrinfo: getaddrinfo(slurmctl01:6817) failed: System error: Device or resource busy
[2026-07-22T07:26:56.358] error: slurm_set_addr: Unable to resolve "slurmctl01"
[2026-07-22T07:27:01.366] error: _xgetaddrinfo: getaddrinfo(slurmctl02:6817) failed: System error: Device or resource busy
[2026-07-22T07:27:01.366] error: slurm_set_addr: Unable to resolve "slurmctl02"
[2026-07-22T07:27:26.374] error: _xgetaddrinfo: getaddrinfo(slurmctl01:6817) failed: System error: Device or resource busy
[2026-07-22T07:27:26.374] error: slurm_set_addr: Unable to resolve "slurmctl01"
[2026-07-22T07:27:26.379] error: _xgetaddrinfo: getaddrinfo(slurmctl02:6817) failed: System error: Device or resource busy
[2026-07-22T07:27:26.380] error: slurm_set_addr: Unable to resolve "slurmctl02"
[2026-07-22T07:27:51.388] error: _xgetaddrinfo: getaddrinfo(slurmctl01:6817) failed: System error: Device or resource busy
[2026-07-22T07:27:51.388] error: slurm_set_addr: Unable to resolve "slurmctl01"
[2026-07-22T07:27:51.394] error: _xgetaddrinfo: getaddrinfo(slurmctl02:6817) failed: System error: Device or resource busy
[2026-07-22T07:27:51.394] error: slurm_set_addr: Unable to resolve "slurmctl02"
[2026-07-22T07:28:16.402] error: _xgetaddrinfo: getaddrinfo(slurmctl01:6817) failed: System error: Device or resource busy
[2026-07-22T07:28:16.402] error: slurm_set_addr: Unable to resolve "slurmctl01"
[2026-07-22T07:28:16.408] error: _xgetaddrinfo: getaddrinfo(slurmctl02:6817) failed: System error: Device or resource busy
[2026-07-22T07:28:16.408] error: slurm_set_addr: Unable to resolve "slurmctl02"
[2026-07-22T07:28:41.416] error: _xgetaddrinfo: getaddrinfo(slurmctl01:6817) failed: System error: Device or resource busy
[2026-07-22T07:28:41.416] error: slurm_set_addr: Unable to resolve "slurmctl01"
[2026-07-22T07:28:41.422] error: _xgetaddrinfo: getaddrinfo(slurmctl02:6817) failed: System error: Device or resource busy
[2026-07-22T07:28:41.422] error: slurm_set_addr: Unable to resolve "slurmctl02"
[2026-07-22T07:29:06.430] error: _xgetaddrinfo: getaddrinfo(slurmctl01:6817) failed: System error: Device or resource busy
[2026-07-22T07:29:06.430] error: slurm_set_addr: Unable to resolve "slurmctl01"
[2026-07-22T07:29:06.436] error: _xgetaddrinfo: getaddrinfo(slurmctl02:6817) failed: System error: Device or resource busy
[2026-07-22T07:29:06.436] error: slurm_set_addr: Unable to resolve "slurmctl02"
[2026-07-22T07:29:31.444] error: _xgetaddrinfo: getaddrinfo(slurmctl01:6817) failed: System error: Device or resource busy
[2026-07-22T07:29:31.444] error: slurm_set_addr: Unable to resolve "slurmctl01"
[2026-07-22T07:29:31.450] error: _xgetaddrinfo: getaddrinfo(slurmctl02:6817) failed: System error: Device or resource busy
[2026-07-22T07:29:31.450] error: slurm_set_addr: Unable to resolve "slurmctl02"
[2026-07-22T07:29:56.457] error: _xgetaddrinfo: getaddrinfo(slurmctl01:6817) failed: System error: Device or resource busy
[2026-07-22T07:29:56.457] error: slurm_set_addr: Unable to resolve "slurmctl01"
[2026-07-22T07:29:56.464] error: _xgetaddrinfo: getaddrinfo(slurmctl02:6817) failed: System error: Device or resource busy
[2026-07-22T07:29:56.464] error: slurm_set_addr: Unable to resolve "slurmctl02"
[2026-07-22T07:30:21.472] error: _xgetaddrinfo: getaddrinfo(slurmctl01:6817) failed: System error: Device or resource busy
[2026-07-22T07:30:21.472] error: slurm_set_addr: Unable to resolve "slurmctl01"
[2026-07-22T07:30:21.478] error: _xgetaddrinfo: getaddrinfo(slurmctl02:6817) failed: System error: Device or resource busy
[2026-07-22T07:30:21.478] error: slurm_set_addr: Unable to resolve "slurmctl02"
[2026-07-22T07:30:46.486] error: _xgetaddrinfo: getaddrinfo(slurmctl01:6817) failed: System error: Device or resource busy
[2026-07-22T07:30:46.486] error: slurm_set_addr: Unable to resolve "slurmctl01"
[2026-07-22T07:30:46.492] error: _xgetaddrinfo: getaddrinfo(slurmctl02:6817) failed: System error: Device or resource busy
[2026-07-22T07:30:46.492] error: slurm_set_addr: Unable to resolve "slurmctl02"
[2026-07-22T07:31:11.500] error: _xgetaddrinfo: getaddrinfo(slurmctl01:6817) failed: System error: Device or resource busy
[2026-07-22T07:31:11.500] error: slurm_set_addr: Unable to resolve "slurmctl01"
[2026-07-22T07:31:11.506] error: _xgetaddrinfo: getaddrinfo(slurmctl02:6817) failed: System error: Device or resource busy
[2026-07-22T07:31:11.506] error: slurm_set_addr: Unable to resolve "slurmctl02"
[2026-07-22T07:31:36.514] error: _xgetaddrinfo: getaddrinfo(slurmctl01:6817) failed: System error: Device or resource busy
[2026-07-22T07:31:36.514] error: slurm_set_addr: Unable to resolve "slurmctl01"
[2026-07-22T07:31:36.520] error: _xgetaddrinfo: getaddrinfo(slurmctl02:6817) failed: System error: Device or resource busy
[2026-07-22T07:31:36.520] error: slurm_set_addr: Unable to resolve "slurmctl02"
[2026-07-22T07:32:01.527] error: _xgetaddrinfo: getaddrinfo(slurmctl01:6817) failed: System error: Device or resource busy
[2026-07-22T07:32:01.527] error: slurm_set_addr: Unable to resolve "slurmctl01"
[2026-07-22T07:32:01.533] error: _xgetaddrinfo: getaddrinfo(slurmctl02:6817) failed: System error: Device or resource busy
[2026-07-22T07:32:01.533] error: slurm_set_addr: Unable to resolve "slurmctl02"
[2026-07-22T07:32:26.541] error: _xgetaddrinfo: getaddrinfo(slurmctl01:6817) failed: System error: Device or resource busy
[2026-07-22T07:32:26.541] error: slurm_set_addr: Unable to resolve "slurmctl01"
[2026-07-22T07:32:26.547] error: _xgetaddrinfo: getaddrinfo(slurmctl02:6817) failed: System error: Device or resource busy
[2026-07-22T07:32:26.547] error: slurm_set_addr: Unable to resolve "slurmctl02"
[2026-07-22T07:32:51.555] error: _xgetaddrinfo: getaddrinfo(slurmctl01:6817) failed: System error: Device or resource busy
[2026-07-22T07:32:51.555] error: slurm_set_addr: Unable to resolve "slurmctl01"
[2026-07-22T07:32:51.561] error: _xgetaddrinfo: getaddrinfo(slurmctl02:6817) failed: System error: Device or resource busy
[2026-07-22T07:32:51.561] error: slurm_set_addr: Unable to resolve "slurmctl02"
[2026-07-22T07:33:16.569] error: _xgetaddrinfo: getaddrinfo(slurmctl01:6817) failed: System error: Device or resource busy
[2026-07-22T07:33:16.569] error: slurm_set_addr: Unable to resolve "slurmctl01"
[2026-07-22T07:33:16.575] error: _xgetaddrinfo: getaddrinfo(slurmctl02:6817) failed: System error: Device or resource busy
[2026-07-22T07:33:16.575] error: slurm_set_addr: Unable to resolve "slurmctl02"
[2026-07-22T07:33:41.583] error: _xgetaddrinfo: getaddrinfo(slurmctl01:6817) failed: System error: Device or resource busy
[2026-07-22T07:33:41.583] error: slurm_set_addr: Unable to resolve "slurmctl01"
[2026-07-22T07:33:41.589] error: _xgetaddrinfo: getaddrinfo(slurmctl02:6817) failed: System error: Device or resource busy
[2026-07-22T07:33:41.589] error: slurm_set_addr: Unable to resolve "slurmctl02"
[2026-07-22T07:34:06.597] error: _xgetaddrinfo: getaddrinfo(slurmctl01:6817) failed: System error: Device or resource busy
[2026-07-22T07:34:06.597] error: slurm_set_addr: Unable to resolve "slurmctl01"
[2026-07-22T07:34:06.604] error: _xgetaddrinfo: getaddrinfo(slurmctl02:6817) failed: System error: Device or resource busy
[2026-07-22T07:34:06.604] error: slurm_set_addr: Unable to resolve "slurmctl02"
[2026-07-22T07:34:31.612] error: _xgetaddrinfo: getaddrinfo(slurmctl01:6817) failed: System error: Device or resource busy
[2026-07-22T07:34:31.612] error: slurm_set_addr: Unable to resolve "slurmctl01"
[2026-07-22T07:34:31.618] error: _xgetaddrinfo: getaddrinfo(slurmctl02:6817) failed: System error: Device or resource busy
[2026-07-22T07:34:31.618] error: slurm_set_addr: Unable to resolve "slurmctl02"
[2026-07-22T07:34:56.626] error: _xgetaddrinfo: getaddrinfo(slurmctl01:6817) failed: System error: Device or resource busy
[2026-07-22T07:34:56.626] error: slurm_set_addr: Unable to resolve "slurmctl01"
[2026-07-22T07:34:56.632] error: _xgetaddrinfo: getaddrinfo(slurmctl02:6817) failed: System error: Device or resource busy
[2026-07-22T07:34:56.632] error: slurm_set_addr: Unable to resolve "slurmctl02"
[2026-07-22T07:35:21.639] error: _xgetaddrinfo: getaddrinfo(slurmctl01:6817) failed: System error: Device or resource busy
[2026-07-22T07:35:21.640] error: slurm_set_addr: Unable to resolve "slurmctl01"
[2026-07-22T07:35:21.646] error: _xgetaddrinfo: getaddrinfo(slurmctl02:6817) failed: System error: Device or resource busy
[2026-07-22T07:35:21.646] error: slurm_set_addr: Unable to resolve "slurmctl02"
[2026-07-22T07:35:46.653] error: _xgetaddrinfo: getaddrinfo(slurmctl01:6817) failed: System error: Device or resource busy
[2026-07-22T07:35:46.654] error: slurm_set_addr: Unable to resolve "slurmctl01"
[2026-07-22T07:35:46.659] error: _xgetaddrinfo: getaddrinfo(slurmctl02:6817) failed: System error: Device or resource busy
[2026-07-22T07:35:46.659] error: slurm_set_addr: Unable to resolve "slurmctl02"
[2026-07-22T07:36:11.667] error: _xgetaddrinfo: getaddrinfo(slurmctl01:6817) failed: System error: Device or resource busy
[2026-07-22T07:36:11.667] error: slurm_set_addr: Unable to resolve "slurmctl01"
[2026-07-22T07:36:11.673] error: _xgetaddrinfo: getaddrinfo(slurmctl02:6817) failed: System error: Device or resource busy
[2026-07-22T07:36:11.673] error: slurm_set_addr: Unable to resolve "slurmctl02"
[2026-07-22T07:36:36.681] error: _xgetaddrinfo: getaddrinfo(slurmctl01:6817) failed: System error: Device or resource busy
[2026-07-22T07:36:36.681] error: slurm_set_addr: Unable to resolve "slurmctl01"
[2026-07-22T07:36:36.687] error: _xgetaddrinfo: getaddrinfo(slurmctl02:6817) failed: System error: Device or resource busy
[2026-07-22T07:36:36.687] error: slurm_set_addr: Unable to resolve "slurmctl02"
[2026-07-22T07:37:01.694] error: _xgetaddrinfo: getaddrinfo(slurmctl01:6817) failed: System error: Device or resource busy
[2026-07-22T07:37:01.694] error: slurm_set_addr: Unable to resolve "slurmctl01"
[2026-07-22T07:37:01.700] error: _xgetaddrinfo: getaddrinfo(slurmctl02:6817) failed: System error: Device or resource busy
[2026-07-22T07:37:01.701] error: slurm_set_addr: Unable to resolve "slurmctl02"
[2026-07-22T07:37:26.709] error: _xgetaddrinfo: getaddrinfo(slurmctl01:6817) failed: System error: Device or resource busy
[2026-07-22T07:37:26.709] error: slurm_set_addr: Unable to resolve "slurmctl01"
[2026-07-22T07:37:26.715] error: _xgetaddrinfo: getaddrinfo(slurmctl02:6817) failed: System error: Device or resource busy
[2026-07-22T07:37:26.715] error: slurm_set_addr: Unable to resolve "slurmctl02"
[2026-07-22T07:37:51.722] error: _xgetaddrinfo: getaddrinfo(slurmctl01:6817) failed: System error: Device or resource busy
[2026-07-22T07:37:51.722] error: slurm_set_addr: Unable to resolve "slurmctl01"
[2026-07-22T07:37:51.728] error: _xgetaddrinfo: getaddrinfo(slurmctl02:6817) failed: System error: Device or resource busy
[2026-07-22T07:37:51.728] error: slurm_set_addr: Unable to resolve "slurmctl02"
[2026-07-22T07:38:16.735] error: _xgetaddrinfo: getaddrinfo(slurmctl01:6817) failed: System error: Device or resource busy
[2026-07-22T07:38:16.736] error: slurm_set_addr: Unable to resolve "slurmctl01"
[2026-07-22T07:38:16.741] error: _xgetaddrinfo: getaddrinfo(slurmctl02:6817) failed: System error: Device or resource busy
[2026-07-22T07:38:16.741] error: slurm_set_addr: Unable to resolve "slurmctl02"
[2026-07-22T07:38:41.750] error: _xgetaddrinfo: getaddrinfo(slurmctl01:6817) failed: System error: Device or resource busy
[2026-07-22T07:38:41.750] error: slurm_set_addr: Unable to resolve "slurmctl01"
[2026-07-22T07:38:41.756] error: _xgetaddrinfo: getaddrinfo(slurmctl02:6817) failed: System error: Device or resource busy
[2026-07-22T07:38:41.756] error: slurm_set_addr: Unable to resolve "slurmctl02"
[2026-07-22T07:39:06.764] error: _xgetaddrinfo: getaddrinfo(slurmctl01:6817) failed: System error: Device or resource busy
[2026-07-22T07:39:06.764] error: slurm_set_addr: Unable to resolve "slurmctl01"
[2026-07-22T07:39:06.769] error: _xgetaddrinfo: getaddrinfo(slurmctl02:6817) failed: System error: Device or resource busy
[2026-07-22T07:39:06.769] error: slurm_set_addr: Unable to resolve "slurmctl02"
[2026-07-22T07:39:31.777] error: _xgetaddrinfo: getaddrinfo(slurmctl01:6817) failed: System error: Device or resource busy
[2026-07-22T07:39:31.778] error: slurm_set_addr: Unable to resolve "slurmctl01"
[2026-07-22T07:39:31.783] error: _xgetaddrinfo: getaddrinfo(slurmctl02:6817) failed: System error: Device or resource busy
[2026-07-22T07:39:31.783] error: slurm_set_addr: Unable to resolve "slurmctl02"
[2026-07-22T07:39:56.791] error: _xgetaddrinfo: getaddrinfo(slurmctl01:6817) failed: System error: Device or resource busy
[2026-07-22T07:39:56.791] error: slurm_set_addr: Unable to resolve "slurmctl01"
[2026-07-22T07:39:56.797] error: _xgetaddrinfo: getaddrinfo(slurmctl02:6817) failed: System error: Device or resource busy
[2026-07-22T07:39:56.797] error: slurm_set_addr: Unable to resolve "slurmctl02"
[2026-07-22T07:40:21.805] error: _xgetaddrinfo: getaddrinfo(slurmctl01:6817) failed: System error: Device or resource busy
[2026-07-22T07:40:21.805] error: slurm_set_addr: Unable to resolve "slurmctl01"
[2026-07-22T07:40:21.811] error: _xgetaddrinfo: getaddrinfo(slurmctl02:6817) failed: System error: Device or resource busy
[2026-07-22T07:40:21.811] error: slurm_set_addr: Unable to resolve "slurmctl02"
[2026-07-22T07:40:46.819] error: _xgetaddrinfo: getaddrinfo(slurmctl01:6817) failed: System error: Device or resource busy
[2026-07-22T07:40:46.819] error: slurm_set_addr: Unable to resolve "slurmctl01"
[2026-07-22T07:40:46.824] error: _xgetaddrinfo: getaddrinfo(slurmctl02:6817) failed: System error: Device or resource busy
[2026-07-22T07:40:46.825] error: slurm_set_addr: Unable to resolve "slurmctl02"
[2026-07-22T07:41:11.832] error: _xgetaddrinfo: getaddrinfo(slurmctl01:6817) failed: System error: Device or resource busy
[2026-07-22T07:41:11.832] error: slurm_set_addr: Unable to resolve "slurmctl01"
[2026-07-22T07:41:11.838] error: _xgetaddrinfo: getaddrinfo(slurmctl02:6817) failed: System error: Device or resource busy
[2026-07-22T07:41:11.838] error: slurm_set_addr: Unable to resolve "slurmctl02"
[2026-07-22T07:41:36.846] error: _xgetaddrinfo: getaddrinfo(slurmctl01:6817) failed: System error: Device or resource busy
[2026-07-22T07:41:36.846] error: slurm_set_addr: Unable to resolve "slurmctl01"
[2026-07-22T07:41:36.851] error: _xgetaddrinfo: getaddrinfo(slurmctl02:6817) failed: System error: Device or resource busy
[2026-07-22T07:41:36.851] error: slurm_set_addr: Unable to resolve "slurmctl02"
[2026-07-22T07:42:01.859] error: _xgetaddrinfo: getaddrinfo(slurmctl01:6817) failed: System error: Device or resource busy
[2026-07-22T07:42:01.860] error: slurm_set_addr: Unable to resolve "slurmctl01"
[2026-07-22T07:42:01.865] error: _xgetaddrinfo: getaddrinfo(slurmctl02:6817) failed: System error: Device or resource busy
[2026-07-22T07:42:01.866] error: slurm_set_addr: Unable to resolve "slurmctl02"
[2026-07-22T07:42:26.873] error: _xgetaddrinfo: getaddrinfo(slurmctl01:6817) failed: System error: Device or resource busy
[2026-07-22T07:42:26.873] error: slurm_set_addr: Unable to resolve "slurmctl01"
[2026-07-22T07:42:26.880] error: _xgetaddrinfo: getaddrinfo(slurmctl02:6817) failed: System error: Device or resource busy
[2026-07-22T07:42:26.880] error: slurm_set_addr: Unable to resolve "slurmctl02"
[2026-07-22T07:42:51.887] error: _xgetaddrinfo: getaddrinfo(slurmctl01:6817) failed: System error: Device or resource busy
[2026-07-22T07:42:51.887] error: slurm_set_addr: Unable to resolve "slurmctl01"
[2026-07-22T07:42:51.893] error: _xgetaddrinfo: getaddrinfo(slurmctl02:6817) failed: System error: Device or resource busy
[2026-07-22T07:42:51.893] error: slurm_set_addr: Unable to resolve "slurmctl02"
[2026-07-22T07:43:16.901] error: _xgetaddrinfo: getaddrinfo(slurmctl01:6817) failed: System error: Device or resource busy
[2026-07-22T07:43:16.901] error: slurm_set_addr: Unable to resolve "slurmctl01"
[2026-07-22T07:43:16.907] error: _xgetaddrinfo: getaddrinfo(slurmctl02:6817) failed: System error: Device or resource busy
[2026-07-22T07:43:16.907] error: slurm_set_addr: Unable to resolve "slurmctl02"
[2026-07-22T07:43:41.915] error: _xgetaddrinfo: getaddrinfo(slurmctl01:6817) failed: System error: Device or resource busy
[2026-07-22T07:43:41.915] error: slurm_set_addr: Unable to resolve "slurmctl01"
[2026-07-22T07:43:41.921] error: _xgetaddrinfo: getaddrinfo(slurmctl02:6817) failed: System error: Device or resource busy
[2026-07-22T07:43:41.921] error: slurm_set_addr: Unable to resolve "slurmctl02"
[2026-07-22T07:44:06.929] error: _xgetaddrinfo: getaddrinfo(slurmctl01:6817) failed: System error: Device or resource busy
[2026-07-22T07:44:06.929] error: slurm_set_addr: Unable to resolve "slurmctl01"
[2026-07-22T07:44:06.935] error: _xgetaddrinfo: getaddrinfo(slurmctl02:6817) failed: System error: Device or resource busy
[2026-07-22T07:44:06.935] error: slurm_set_addr: Unable to resolve "slurmctl02"
[2026-07-22T07:44:31.944] error: _xgetaddrinfo: getaddrinfo(slurmctl01:6817) failed: System error: Device or resource busy
[2026-07-22T07:44:31.944] error: slurm_set_addr: Unable to resolve "slurmctl01"
[2026-07-22T07:44:31.951] error: _xgetaddrinfo: getaddrinfo(slurmctl02:6817) failed: System error: Device or resource busy
[2026-07-22T07:44:31.951] error: slurm_set_addr: Unable to resolve "slurmctl02"
[2026-07-22T07:44:56.958] error: _xgetaddrinfo: getaddrinfo(slurmctl01:6817) failed: System error: Device or resource busy
[2026-07-22T07:44:56.958] error: slurm_set_addr: Unable to resolve "slurmctl01"
[2026-07-22T07:44:56.964] error: _xgetaddrinfo: getaddrinfo(slurmctl02:6817) failed: System error: Device or resource busy
[2026-07-22T07:44:56.964] error: slurm_set_addr: Unable to resolve "slurmctl02"
[2026-07-22T07:45:21.972] error: _xgetaddrinfo: getaddrinfo(slurmctl01:6817) failed: System error: Device or resource busy
[2026-07-22T07:45:21.972] error: slurm_set_addr: Unable to resolve "slurmctl01"
[2026-07-22T07:45:21.978] error: _xgetaddrinfo: getaddrinfo(slurmctl02:6817) failed: System error: Device or resource busy
[2026-07-22T07:45:21.978] error: slurm_set_addr: Unable to resolve "slurmctl02"
[2026-07-22T07:45:46.985] error: _xgetaddrinfo: getaddrinfo(slurmctl01:6817) failed: System error: Device or resource busy
[2026-07-22T07:45:46.985] error: slurm_set_addr: Unable to resolve "slurmctl01"
[2026-07-22T07:45:46.992] error: _xgetaddrinfo: getaddrinfo(slurmctl02:6817) failed: System error: Device or resource busy
[2026-07-22T07:45:46.993] error: slurm_set_addr: Unable to resolve "slurmctl02"
[2026-07-22T07:46:12.000] error: _xgetaddrinfo: getaddrinfo(slurmctl01:6817) failed: System error: Device or resource busy
[2026-07-22T07:46:12.001] error: slurm_set_addr: Unable to resolve "slurmctl01"
[2026-07-22T07:46:12.007] error: _xgetaddrinfo: getaddrinfo(slurmctl02:6817) failed: System error: Device or resource busy
[2026-07-22T07:46:12.007] error: slurm_set_addr: Unable to resolve "slurmctl02"
[2026-07-22T07:46:37.017] error: _xgetaddrinfo: getaddrinfo(slurmctl01:6817) failed: System error: Device or resource busy
[2026-07-22T07:46:37.017] error: slurm_set_addr: Unable to resolve "slurmctl01"
[2026-07-22T07:46:37.023] error: _xgetaddrinfo: getaddrinfo(slurmctl02:6817) failed: System error: Device or resource busy
[2026-07-22T07:46:37.023] error: slurm_set_addr: Unable to resolve "slurmctl02"
[2026-07-22T07:47:02.031] error: _xgetaddrinfo: getaddrinfo(slurmctl01:6817) failed: System error: Device or resource busy
[2026-07-22T07:47:02.032] error: slurm_set_addr: Unable to resolve "slurmctl01"
[2026-07-22T07:47:02.038] error: _xgetaddrinfo: getaddrinfo(slurmctl02:6817) failed: System error: Device or resource busy
[2026-07-22T07:47:02.038] error: slurm_set_addr: Unable to resolve "slurmctl02"
[2026-07-22T07:47:27.046] error: _xgetaddrinfo: getaddrinfo(slurmctl01:6817) failed: System error: Device or resource busy
[2026-07-22T07:47:27.046] error: slurm_set_addr: Unable to resolve "slurmctl01"
[2026-07-22T07:47:27.052] error: _xgetaddrinfo: getaddrinfo(slurmctl02:6817) failed: System error: Device or resource busy
[2026-07-22T07:47:27.052] error: slurm_set_addr: Unable to resolve "slurmctl02"
[2026-07-22T07:47:52.060] error: _xgetaddrinfo: getaddrinfo(slurmctl01:6817) failed: System error: Device or resource busy
[2026-07-22T07:47:52.060] error: slurm_set_addr: Unable to resolve "slurmctl01"
[2026-07-22T07:47:52.066] error: _xgetaddrinfo: getaddrinfo(slurmctl02:6817) failed: System error: Device or resource busy
[2026-07-22T07:47:52.066] error: slurm_set_addr: Unable to resolve "slurmctl02"
[2026-07-22T07:48:17.074] error: _xgetaddrinfo: getaddrinfo(slurmctl01:6817) failed: System error: Device or resource busy
[2026-07-22T07:48:17.075] error: slurm_set_addr: Unable to resolve "slurmctl01"
[2026-07-22T07:48:17.081] error: _xgetaddrinfo: getaddrinfo(slurmctl02:6817) failed: System error: Device or resource busy
[2026-07-22T07:48:17.081] error: slurm_set_addr: Unable to resolve "slurmctl02"
[2026-07-22T07:48:42.089] error: _xgetaddrinfo: getaddrinfo(slurmctl01:6817) failed: System error: Device or resource busy
[2026-07-22T07:48:42.090] error: slurm_set_addr: Unable to resolve "slurmctl01"
[2026-07-22T07:48:42.095] error: _xgetaddrinfo: getaddrinfo(slurmctl02:6817) failed: System error: Device or resource busy
[2026-07-22T07:48:42.095] error: slurm_set_addr: Unable to resolve "slurmctl02"
[2026-07-22T07:49:07.104] error: _xgetaddrinfo: getaddrinfo(slurmctl01:6817) failed: System error: Device or resource busy
[2026-07-22T07:49:07.104] error: slurm_set_addr: Unable to resolve "slurmctl01"
[2026-07-22T07:49:07.110] error: _xgetaddrinfo: getaddrinfo(slurmctl02:6817) failed: System error: Device or resource busy
[2026-07-22T07:49:07.110] error: slurm_set_addr: Unable to resolve "slurmctl02"
[2026-07-22T07:49:32.119] error: _xgetaddrinfo: getaddrinfo(slurmctl01:6817) failed: System error: Device or resource busy
[2026-07-22T07:49:32.119] error: slurm_set_addr: Unable to resolve "slurmctl01"
[2026-07-22T07:49:32.125] error: _xgetaddrinfo: getaddrinfo(slurmctl02:6817) failed: System error: Device or resource busy
[2026-07-22T07:49:32.125] error: slurm_set_addr: Unable to resolve "slurmctl02"
[2026-07-22T07:49:57.132] error: _xgetaddrinfo: getaddrinfo(slurmctl01:6817) failed: System error: Device or resource busy
[2026-07-22T07:49:57.133] error: slurm_set_addr: Unable to resolve "slurmctl01"
[2026-07-22T07:49:57.139] error: _xgetaddrinfo: getaddrinfo(slurmctl02:6817) failed: System error: Device or resource busy
[2026-07-22T07:49:57.139] error: slurm_set_addr: Unable to resolve "slurmctl02"
[2026-07-22T07:50:22.147] error: _xgetaddrinfo: getaddrinfo(slurmctl01:6817) failed: System error: Device or resource busy
[2026-07-22T07:50:22.147] error: slurm_set_addr: Unable to resolve "slurmctl01"
[2026-07-22T07:50:22.153] error: _xgetaddrinfo: getaddrinfo(slurmctl02:6817) failed: System error: Device or resource busy
[2026-07-22T07:50:22.153] error: slurm_set_addr: Unable to resolve "slurmctl02"
[2026-07-22T07:50:47.161] error: _xgetaddrinfo: getaddrinfo(slurmctl01:6817) failed: System error: Device or resource busy
[2026-07-22T07:50:47.161] error: slurm_set_addr: Unable to resolve "slurmctl01"
[2026-07-22T07:50:47.167] error: _xgetaddrinfo: getaddrinfo(slurmctl02:6817) failed: System error: Device or resource busy
[2026-07-22T07:50:47.167] error: slurm_set_addr: Unable to resolve "slurmctl02"
[2026-07-22T07:51:12.175] error: _xgetaddrinfo: getaddrinfo(slurmctl01:6817) failed: System error: Device or resource busy
[2026-07-22T07:51:12.176] error: slurm_set_addr: Unable to resolve "slurmctl01"
[2026-07-22T07:51:12.182] error: _xgetaddrinfo: getaddrinfo(slurmctl02:6817) failed: System error: Device or resource busy
[2026-07-22T07:51:12.182] error: slurm_set_addr: Unable to resolve "slurmctl02"
[2026-07-22T07:51:37.190] error: _xgetaddrinfo: getaddrinfo(slurmctl01:6817) failed: System error: Device or resource busy
[2026-07-22T07:51:37.190] error: slurm_set_addr: Unable to resolve "slurmctl01"
[2026-07-22T07:51:37.196] error: _xgetaddrinfo: getaddrinfo(slurmctl02:6817) failed: System error: Device or resource busy
[2026-07-22T07:51:37.196] error: slurm_set_addr: Unable to resolve "slurmctl02"
[2026-07-22T07:52:02.205] error: _xgetaddrinfo: getaddrinfo(slurmctl01:6817) failed: System error: Device or resource busy
[2026-07-22T07:52:02.205] error: slurm_set_addr: Unable to resolve "slurmctl01"
[2026-07-22T07:52:02.210] error: _xgetaddrinfo: getaddrinfo(slurmctl02:6817) failed: System error: Device or resource busy
[2026-07-22T07:52:02.210] error: slurm_set_addr: Unable to resolve "slurmctl02"
[2026-07-22T07:52:27.218] error: _xgetaddrinfo: getaddrinfo(slurmctl01:6817) failed: System error: Device or resource busy
[2026-07-22T07:52:27.218] error: slurm_set_addr: Unable to resolve "slurmctl01"
[2026-07-22T07:52:27.225] error: _xgetaddrinfo: getaddrinfo(slurmctl02:6817) failed: System error: Device or resource busy
[2026-07-22T07:52:27.225] error: slurm_set_addr: Unable to resolve "slurmctl02"
[2026-07-22T07:52:52.233] error: _xgetaddrinfo: getaddrinfo(slurmctl01:6817) failed: System error: Device or resource busy
[2026-07-22T07:52:52.233] error: slurm_set_addr: Unable to resolve "slurmctl01"
[2026-07-22T07:52:52.239] error: _xgetaddrinfo: getaddrinfo(slurmctl02:6817) failed: System error: Device or resource busy
[2026-07-22T07:52:52.239] error: slurm_set_addr: Unable to resolve "slurmctl02"
[2026-07-22T07:53:17.247] error: _xgetaddrinfo: getaddrinfo(slurmctl01:6817) failed: System error: Device or resource busy
[2026-07-22T07:53:17.247] error: slurm_set_addr: Unable to resolve "slurmctl01"
[2026-07-22T07:53:17.253] error: _xgetaddrinfo: getaddrinfo(slurmctl02:6817) failed: System error: Device or resource busy
[2026-07-22T07:53:17.253] error: slurm_set_addr: Unable to resolve "slurmctl02"
[2026-07-22T07:53:42.261] error: _xgetaddrinfo: getaddrinfo(slurmctl01:6817) failed: System error: Device or resource busy
[2026-07-22T07:53:42.261] error: slurm_set_addr: Unable to resolve "slurmctl01"
[2026-07-22T07:53:42.267] error: _xgetaddrinfo: getaddrinfo(slurmctl02:6817) failed: System error: Device or resource busy
[2026-07-22T07:53:42.267] error: slurm_set_addr: Unable to resolve "slurmctl02"
[2026-07-22T07:54:07.275] error: _xgetaddrinfo: getaddrinfo(slurmctl01:6817) failed: System error: Device or resource busy
[2026-07-22T07:54:07.275] error: slurm_set_addr: Unable to resolve "slurmctl01"
[2026-07-22T07:54:07.281] error: _xgetaddrinfo: getaddrinfo(slurmctl02:6817) failed: System error: Device or resource busy
[2026-07-22T07:54:07.281] error: slurm_set_addr: Unable to resolve "slurmctl02"
[2026-07-22T07:54:32.290] error: _xgetaddrinfo: getaddrinfo(slurmctl01:6817) failed: System error: Device or resource busy
[2026-07-22T07:54:32.290] error: slurm_set_addr: Unable to resolve "slurmctl01"
[2026-07-22T07:54:32.296] error: _xgetaddrinfo: getaddrinfo(slurmctl02:6817) failed: System error: Device or resource busy
[2026-07-22T07:54:32.296] error: slurm_set_addr: Unable to resolve "slurmctl02"
[2026-07-22T07:54:57.304] error: _xgetaddrinfo: getaddrinfo(slurmctl01:6817) failed: System error: Device or resource busy
[2026-07-22T07:54:57.304] error: slurm_set_addr: Unable to resolve "slurmctl01"
[2026-07-22T07:54:57.311] error: _xgetaddrinfo: getaddrinfo(slurmctl02:6817) failed: System error: Device or resource busy
[2026-07-22T07:54:57.311] error: slurm_set_addr: Unable to resolve "slurmctl02"
[2026-07-22T07:55:22.319] error: _xgetaddrinfo: getaddrinfo(slurmctl01:6817) failed: System error: Device or resource busy
[2026-07-22T07:55:22.319] error: slurm_set_addr: Unable to resolve "slurmctl01"
[2026-07-22T07:55:22.325] error: _xgetaddrinfo: getaddrinfo(slurmctl02:6817) failed: System error: Device or resource busy
[2026-07-22T07:55:22.325] error: slurm_set_addr: Unable to resolve "slurmctl02"
[2026-07-22T07:55:47.333] error: _xgetaddrinfo: getaddrinfo(slurmctl01:6817) failed: System error: Device or resource busy
[2026-07-22T07:55:47.334] error: slurm_set_addr: Unable to resolve "slurmctl01"
[2026-07-22T07:55:47.340] error: _xgetaddrinfo: getaddrinfo(slurmctl02:6817) failed: System error: Device or resource busy
[2026-07-22T07:55:47.340] error: slurm_set_addr: Unable to resolve "slurmctl02"
[2026-07-22T07:56:12.348] error: _xgetaddrinfo: getaddrinfo(slurmctl01:6817) failed: System error: Device or resource busy
[2026-07-22T07:56:12.348] error: slurm_set_addr: Unable to resolve "slurmctl01"
[2026-07-22T07:56:12.355] error: _xgetaddrinfo: getaddrinfo(slurmctl02:6817) failed: System error: Device or resource busy
[2026-07-22T07:56:12.355] error: slurm_set_addr: Unable to resolve "slurmctl02"
[2026-07-22T07:56:37.364] error: _xgetaddrinfo: getaddrinfo(slurmctl01:6817) failed: System error: Device or resource busy
[2026-07-22T07:56:37.364] error: slurm_set_addr: Unable to resolve "slurmctl01"
[2026-07-22T07:56:37.370] error: _xgetaddrinfo: getaddrinfo(slurmctl02:6817) failed: System error: Device or resource busy
[2026-07-22T07:56:37.370] error: slurm_set_addr: Unable to resolve "slurmctl02"
[2026-07-22T07:57:02.378] error: _xgetaddrinfo: getaddrinfo(slurmctl01:6817) failed: System error: Device or resource busy
[2026-07-22T07:57:02.378] error: slurm_set_addr: Unable to resolve "slurmctl01"
[2026-07-22T07:57:02.385] error: _xgetaddrinfo: getaddrinfo(slurmctl02:6817) failed: System error: Device or resource busy
[2026-07-22T07:57:02.385] error: slurm_set_addr: Unable to resolve "slurmctl02"
[2026-07-22T07:57:27.392] error: _xgetaddrinfo: getaddrinfo(slurmctl01:6817) failed: System error: Device or resource busy
[2026-07-22T07:57:27.392] error: slurm_set_addr: Unable to resolve "slurmctl01"
[2026-07-22T07:57:27.398] error: _xgetaddrinfo: getaddrinfo(slurmctl02:6817) failed: System error: Device or resource busy
[2026-07-22T07:57:27.398] error: slurm_set_addr: Unable to resolve "slurmctl02"
[2026-07-22T07:57:52.406] error: _xgetaddrinfo: getaddrinfo(slurmctl01:6817) failed: System error: Device or resource busy
[2026-07-22T07:57:52.407] error: slurm_set_addr: Unable to resolve "slurmctl01"
[2026-07-22T07:57:52.413] error: _xgetaddrinfo: getaddrinfo(slurmctl02:6817) failed: System error: Device or resource busy
[2026-07-22T07:57:52.413] error: slurm_set_addr: Unable to resolve "slurmctl02"
[2026-07-22T07:58:17.421] error: _xgetaddrinfo: getaddrinfo(slurmctl01:6817) failed: System error: Device or resource busy
[2026-07-22T07:58:17.421] error: slurm_set_addr: Unable to resolve "slurmctl01"
[2026-07-22T07:58:17.427] error: _xgetaddrinfo: getaddrinfo(slurmctl02:6817) failed: System error: Device or resource busy
[2026-07-22T07:58:17.427] error: slurm_set_addr: Unable to resolve "slurmctl02"
[2026-07-22T07:58:42.435] error: _xgetaddrinfo: getaddrinfo(slurmctl01:6817) failed: System error: Device or resource busy
[2026-07-22T07:58:42.436] error: slurm_set_addr: Unable to resolve "slurmctl01"
[2026-07-22T07:58:42.441] error: _xgetaddrinfo: getaddrinfo(slurmctl02:6817) failed: System error: Device or resource busy
[2026-07-22T07:58:42.442] error: slurm_set_addr: Unable to resolve "slurmctl02"
[2026-07-22T07:59:07.450] error: _xgetaddrinfo: getaddrinfo(slurmctl01:6817) failed: System error: Device or resource busy
[2026-07-22T07:59:07.450] error: slurm_set_addr: Unable to resolve "slurmctl01"
[2026-07-22T07:59:07.456] error: _xgetaddrinfo: getaddrinfo(slurmctl02:6817) failed: System error: Device or resource busy
[2026-07-22T07:59:07.456] error: slurm_set_addr: Unable to resolve "slurmctl02"
[2026-07-22T07:59:32.464] error: _xgetaddrinfo: getaddrinfo(slurmctl01:6817) failed: System error: Device or resource busy
[2026-07-22T07:59:32.464] error: slurm_set_addr: Unable to resolve "slurmctl01"
[2026-07-22T07:59:32.471] error: _xgetaddrinfo: getaddrinfo(slurmctl02:6817) failed: System error: Device or resource busy
[2026-07-22T07:59:32.471] error: slurm_set_addr: Unable to resolve "slurmctl02"
[2026-07-22T07:59:57.479] error: _xgetaddrinfo: getaddrinfo(slurmctl01:6817) failed: System error: Device or resource busy
[2026-07-22T07:59:57.479] error: slurm_set_addr: Unable to resolve "slurmctl01"
[2026-07-22T07:59:57.485] error: _xgetaddrinfo: getaddrinfo(slurmctl02:6817) failed: System error: Device or resource busy
[2026-07-22T07:59:57.485] error: slurm_set_addr: Unable to resolve "slurmctl02"
[2026-07-22T08:00:22.493] error: _xgetaddrinfo: getaddrinfo(slurmctl01:6817) failed: System error: Device or resource busy
[2026-07-22T08:00:22.494] error: slurm_set_addr: Unable to resolve "slurmctl01"
[2026-07-22T08:00:22.499] error: _xgetaddrinfo: getaddrinfo(slurmctl02:6817) failed: System error: Device or resource busy
[2026-07-22T08:00:22.500] error: slurm_set_addr: Unable to resolve "slurmctl02"
[2026-07-22T08:00:47.508] error: _xgetaddrinfo: getaddrinfo(slurmctl01:6817) failed: System error: Device or resource busy
[2026-07-22T08:00:47.508] error: slurm_set_addr: Unable to resolve "slurmctl01"
[2026-07-22T08:00:47.514] error: _xgetaddrinfo: getaddrinfo(slurmctl02:6817) failed: System error: Device or resource busy
[2026-07-22T08:00:47.514] error: slurm_set_addr: Unable to resolve "slurmctl02"
[2026-07-22T08:01:12.522] error: _xgetaddrinfo: getaddrinfo(slurmctl01:6817) failed: System error: Device or resource busy
[2026-07-22T08:01:12.522] error: slurm_set_addr: Unable to resolve "slurmctl01"
[2026-07-22T08:01:12.528] error: _xgetaddrinfo: getaddrinfo(slurmctl02:6817) failed: System error: Device or resource busy
[2026-07-22T08:01:12.528] error: slurm_set_addr: Unable to resolve "slurmctl02"
[2026-07-22T08:01:37.536] error: _xgetaddrinfo: getaddrinfo(slurmctl01:6817) failed: System error: Device or resource busy
[2026-07-22T08:01:37.536] error: slurm_set_addr: Unable to resolve "slurmctl01"
[2026-07-22T08:01:37.542] error: _xgetaddrinfo: getaddrinfo(slurmctl02:6817) failed: System error: Device or resource busy
[2026-07-22T08:01:37.543] error: slurm_set_addr: Unable to resolve "slurmctl02"
[2026-07-22T08:02:02.551] error: _xgetaddrinfo: getaddrinfo(slurmctl01:6817) failed: System error: Device or resource busy
[2026-07-22T08:02:02.551] error: slurm_set_addr: Unable to resolve "slurmctl01"
[2026-07-22T08:02:02.557] error: _xgetaddrinfo: getaddrinfo(slurmctl02:6817) failed: System error: Device or resource busy
[2026-07-22T08:02:02.557] error: slurm_set_addr: Unable to resolve "slurmctl02"
[2026-07-22T08:02:27.566] error: _xgetaddrinfo: getaddrinfo(slurmctl01:6817) failed: System error: Device or resource busy
[2026-07-22T08:02:27.566] error: slurm_set_addr: Unable to resolve "slurmctl01"
[2026-07-22T08:02:27.573] error: _xgetaddrinfo: getaddrinfo(slurmctl02:6817) failed: System error: Device or resource busy
[2026-07-22T08:02:27.573] error: slurm_set_addr: Unable to resolve "slurmctl02"
[2026-07-22T08:02:52.581] error: _xgetaddrinfo: getaddrinfo(slurmctl01:6817) failed: System error: Device or resource busy
[2026-07-22T08:02:52.581] error: slurm_set_addr: Unable to resolve "slurmctl01"
[2026-07-22T08:02:52.587] error: _xgetaddrinfo: getaddrinfo(slurmctl02:6817) failed: System error: Device or resource busy
[2026-07-22T08:02:52.587] error: slurm_set_addr: Unable to resolve "slurmctl02"
[2026-07-22T08:03:17.596] error: _xgetaddrinfo: getaddrinfo(slurmctl01:6817) failed: System error: Device or resource busy
[2026-07-22T08:03:17.596] error: slurm_set_addr: Unable to resolve "slurmctl01"
[2026-07-22T08:03:17.602] error: _xgetaddrinfo: getaddrinfo(slurmctl02:6817) failed: System error: Device or resource busy
[2026-07-22T08:03:17.602] error: slurm_set_addr: Unable to resolve "slurmctl02"
[2026-07-22T08:03:42.610] error: _xgetaddrinfo: getaddrinfo(slurmctl01:6817) failed: System error: Device or resource busy
[2026-07-22T08:03:42.610] error: slurm_set_addr: Unable to resolve "slurmctl01"
[2026-07-22T08:03:42.616] error: _xgetaddrinfo: getaddrinfo(slurmctl02:6817) failed: System error: Device or resource busy
[2026-07-22T08:03:42.616] error: slurm_set_addr: Unable to resolve "slurmctl02"
[2026-07-22T08:04:07.624] error: _xgetaddrinfo: getaddrinfo(slurmctl01:6817) failed: System error: Device or resource busy
[2026-07-22T08:04:07.624] error: slurm_set_addr: Unable to resolve "slurmctl01"
[2026-07-22T08:04:07.630] error: _xgetaddrinfo: getaddrinfo(slurmctl02:6817) failed: System error: Device or resource busy
[2026-07-22T08:04:07.631] error: slurm_set_addr: Unable to resolve "slurmctl02"
[2026-07-22T08:04:32.639] error: _xgetaddrinfo: getaddrinfo(slurmctl01:6817) failed: System error: Device or resource busy
[2026-07-22T08:04:32.640] error: slurm_set_addr: Unable to resolve "slurmctl01"
[2026-07-22T08:04:32.646] error: _xgetaddrinfo: getaddrinfo(slurmctl02:6817) failed: System error: Device or resource busy
[2026-07-22T08:04:32.646] error: slurm_set_addr: Unable to resolve "slurmctl02"
[2026-07-22T08:04:57.655] error: _xgetaddrinfo: getaddrinfo(slurmctl01:6817) failed: System error: Device or resource busy
[2026-07-22T08:04:57.655] error: slurm_set_addr: Unable to resolve "slurmctl01"
[2026-07-22T08:04:57.661] error: _xgetaddrinfo: getaddrinfo(slurmctl02:6817) failed: System error: Device or resource busy
[2026-07-22T08:04:57.661] error: slurm_set_addr: Unable to resolve "slurmctl02"
[2026-07-22T08:05:22.669] error: _xgetaddrinfo: getaddrinfo(slurmctl01:6817) failed: System error: Device or resource busy
[2026-07-22T08:05:22.669] error: slurm_set_addr: Unable to resolve "slurmctl01"
[2026-07-22T08:05:22.675] error: _xgetaddrinfo: getaddrinfo(slurmctl02:6817) failed: System error: Device or resource busy
[2026-07-22T08:05:22.676] error: slurm_set_addr: Unable to resolve "slurmctl02"
[2026-07-22T08:05:47.684] error: _xgetaddrinfo: getaddrinfo(slurmctl01:6817) failed: System error: Device or resource busy
[2026-07-22T08:05:47.684] error: slurm_set_addr: Unable to resolve "slurmctl01"
[2026-07-22T08:05:47.690] error: _xgetaddrinfo: getaddrinfo(slurmctl02:6817) failed: System error: Device or resource busy
[2026-07-22T08:05:47.690] error: slurm_set_addr: Unable to resolve "slurmctl02"
[2026-07-22T08:06:12.698] error: _xgetaddrinfo: getaddrinfo(slurmctl01:6817) failed: System error: Device or resource busy
[2026-07-22T08:06:12.698] error: slurm_set_addr: Unable to resolve "slurmctl01"
[2026-07-22T08:06:12.704] error: _xgetaddrinfo: getaddrinfo(slurmctl02:6817) failed: System error: Device or resource busy
[2026-07-22T08:06:12.704] error: slurm_set_addr: Unable to resolve "slurmctl02"
[2026-07-22T08:06:37.712] error: _xgetaddrinfo: getaddrinfo(slurmctl01:6817) failed: System error: Device or resource busy
[2026-07-22T08:06:37.712] error: slurm_set_addr: Unable to resolve "slurmctl01"
[2026-07-22T08:06:37.719] error: _xgetaddrinfo: getaddrinfo(slurmctl02:6817) failed: System error: Device or resource busy
[2026-07-22T08:06:37.719] error: slurm_set_addr: Unable to resolve "slurmctl02"
[2026-07-22T08:07:02.727] error: _xgetaddrinfo: getaddrinfo(slurmctl01:6817) failed: System error: Device or resource busy
[2026-07-22T08:07:02.728] error: slurm_set_addr: Unable to resolve "slurmctl01"
[2026-07-22T08:07:02.734] error: _xgetaddrinfo: getaddrinfo(slurmctl02:6817) failed: System error: Device or resource busy
[2026-07-22T08:07:02.734] error: slurm_set_addr: Unable to resolve "slurmctl02"
[2026-07-22T08:07:27.742] error: _xgetaddrinfo: getaddrinfo(slurmctl01:6817) failed: System error: Device or resource busy
[2026-07-22T08:07:27.742] error: slurm_set_addr: Unable to resolve "slurmctl01"
[2026-07-22T08:07:27.748] error: _xgetaddrinfo: getaddrinfo(slurmctl02:6817) failed: System error: Device or resource busy
[2026-07-22T08:07:27.748] error: slurm_set_addr: Unable to resolve "slurmctl02"
[2026-07-22T08:07:52.756] error: _xgetaddrinfo: getaddrinfo(slurmctl01:6817) failed: System error: Device or resource busy
[2026-07-22T08:07:52.756] error: slurm_set_addr: Unable to resolve "slurmctl01"
[2026-07-22T08:07:52.762] error: _xgetaddrinfo: getaddrinfo(slurmctl02:6817) failed: System error: Device or resource busy
[2026-07-22T08:07:52.762] error: slurm_set_addr: Unable to resolve "slurmctl02"
[2026-07-22T08:08:17.770] error: _xgetaddrinfo: getaddrinfo(slurmctl01:6817) failed: System error: Device or resource busy
[2026-07-22T08:08:17.770] error: slurm_set_addr: Unable to resolve "slurmctl01"
[2026-07-22T08:08:17.776] error: _xgetaddrinfo: getaddrinfo(slurmctl02:6817) failed: System error: Device or resource busy
[2026-07-22T08:08:17.776] error: slurm_set_addr: Unable to resolve "slurmctl02"
[2026-07-22T08:08:42.784] error: _xgetaddrinfo: getaddrinfo(slurmctl01:6817) failed: System error: Device or resource busy
[2026-07-22T08:08:42.784] error: slurm_set_addr: Unable to resolve "slurmctl01"
[2026-07-22T08:08:42.790] error: _xgetaddrinfo: getaddrinfo(slurmctl02:6817) failed: System error: Device or resource busy
[2026-07-22T08:08:42.790] error: slurm_set_addr: Unable to resolve "slurmctl02"
[2026-07-22T08:09:07.798] error: _xgetaddrinfo: getaddrinfo(slurmctl01:6817) failed: System error: Device or resource busy
[2026-07-22T08:09:07.798] error: slurm_set_addr: Unable to resolve "slurmctl01"
[2026-07-22T08:09:07.805] error: _xgetaddrinfo: getaddrinfo(slurmctl02:6817) failed: System error: Device or resource busy
[2026-07-22T08:09:07.805] error: slurm_set_addr: Unable to resolve "slurmctl02"
[2026-07-22T08:09:32.813] error: _xgetaddrinfo: getaddrinfo(slurmctl01:6817) failed: System error: Device or resource busy
[2026-07-22T08:09:32.814] error: slurm_set_addr: Unable to resolve "slurmctl01"
[2026-07-22T08:09:32.819] error: _xgetaddrinfo: getaddrinfo(slurmctl02:6817) failed: System error: Device or resource busy
[2026-07-22T08:09:32.819] error: slurm_set_addr: Unable to resolve "slurmctl02"
[2026-07-22T08:09:57.827] error: _xgetaddrinfo: getaddrinfo(slurmctl01:6817) failed: System error: Device or resource busy
[2026-07-22T08:09:57.827] error: slurm_set_addr: Unable to resolve "slurmctl01"
[2026-07-22T08:09:57.833] error: _xgetaddrinfo: getaddrinfo(slurmctl02:6817) failed: System error: Device or resource busy
[2026-07-22T08:09:57.833] error: slurm_set_addr: Unable to resolve "slurmctl02"
[2026-07-22T08:10:22.841] error: _xgetaddrinfo: getaddrinfo(slurmctl01:6817) failed: System error: Device or resource busy
[2026-07-22T08:10:22.841] error: slurm_set_addr: Unable to resolve "slurmctl01"
[2026-07-22T08:10:22.847] error: _xgetaddrinfo: getaddrinfo(slurmctl02:6817) failed: System error: Device or resource busy
[2026-07-22T08:10:22.847] error: slurm_set_addr: Unable to resolve "slurmctl02"
[2026-07-22T08:10:47.855] error: _xgetaddrinfo: getaddrinfo(slurmctl01:6817) failed: System error: Device or resource busy
[2026-07-22T08:10:47.855] error: slurm_set_addr: Unable to resolve "slurmctl01"
[2026-07-22T08:10:47.861] error: _xgetaddrinfo: getaddrinfo(slurmctl02:6817) failed: System error: Device or resource busy
[2026-07-22T08:10:47.861] error: slurm_set_addr: Unable to resolve "slurmctl02"
[2026-07-22T08:11:12.869] error: _xgetaddrinfo: getaddrinfo(slurmctl01:6817) failed: System error: Device or resource busy
[2026-07-22T08:11:12.869] error: slurm_set_addr: Unable to resolve "slurmctl01"
[2026-07-22T08:11:12.876] error: _xgetaddrinfo: getaddrinfo(slurmctl02:6817) failed: System error: Device or resource busy
[2026-07-22T08:11:12.876] error: slurm_set_addr: Unable to resolve "slurmctl02"
[2026-07-22T08:11:37.884] error: _xgetaddrinfo: getaddrinfo(slurmctl01:6817) failed: System error: Device or resource busy
[2026-07-22T08:11:37.884] error: slurm_set_addr: Unable to resolve "slurmctl01"
[2026-07-22T08:11:37.890] error: _xgetaddrinfo: getaddrinfo(slurmctl02:6817) failed: System error: Device or resource busy
[2026-07-22T08:11:37.890] error: slurm_set_addr: Unable to resolve "slurmctl02"
[2026-07-22T08:12:02.897] error: _xgetaddrinfo: getaddrinfo(slurmctl01:6817) failed: System error: Device or resource busy
[2026-07-22T08:12:02.898] error: slurm_set_addr: Unable to resolve "slurmctl01"
[2026-07-22T08:12:02.905] error: _xgetaddrinfo: getaddrinfo(slurmctl02:6817) failed: System error: Device or resource busy
[2026-07-22T08:12:02.905] error: slurm_set_addr: Unable to resolve "slurmctl02"
[2026-07-22T08:12:27.913] error: _xgetaddrinfo: getaddrinfo(slurmctl01:6817) failed: System error: Device or resource busy
[2026-07-22T08:12:27.913] error: slurm_set_addr: Unable to resolve "slurmctl01"
[2026-07-22T08:12:27.919] error: _xgetaddrinfo: getaddrinfo(slurmctl02:6817) failed: System error: Device or resource busy
[2026-07-22T08:12:27.919] error: slurm_set_addr: Unable to resolve "slurmctl02"
[2026-07-22T08:12:52.928] error: _xgetaddrinfo: getaddrinfo(slurmctl01:6817) failed: System error: Device or resource busy
[2026-07-22T08:12:52.928] error: slurm_set_addr: Unable to resolve "slurmctl01"
[2026-07-22T08:12:52.934] error: _xgetaddrinfo: getaddrinfo(slurmctl02:6817) failed: System error: Device or resource busy
[2026-07-22T08:12:52.934] error: slurm_set_addr: Unable to resolve "slurmctl02"
[2026-07-22T08:13:17.942] error: _xgetaddrinfo: getaddrinfo(slurmctl01:6817) failed: System error: Device or resource busy
[2026-07-22T08:13:17.942] error: slurm_set_addr: Unable to resolve "slurmctl01"
[2026-07-22T08:13:17.948] error: _xgetaddrinfo: getaddrinfo(slurmctl02:6817) failed: System error: Device or resource busy
[2026-07-22T08:13:17.948] error: slurm_set_addr: Unable to resolve "slurmctl02"
[2026-07-22T08:13:42.956] error: _xgetaddrinfo: getaddrinfo(slurmctl01:6817) failed: System error: Device or resource busy
[2026-07-22T08:13:42.956] error: slurm_set_addr: Unable to resolve "slurmctl01"
[2026-07-22T08:13:42.963] error: _xgetaddrinfo: getaddrinfo(slurmctl02:6817) failed: System error: Device or resource busy
[2026-07-22T08:13:42.963] error: slurm_set_addr: Unable to resolve "slurmctl02"
[2026-07-22T08:14:07.971] error: _xgetaddrinfo: getaddrinfo(slurmctl01:6817) failed: System error: Device or resource busy
[2026-07-22T08:14:07.971] error: slurm_set_addr: Unable to resolve "slurmctl01"
[2026-07-22T08:14:07.977] error: _xgetaddrinfo: getaddrinfo(slurmctl02:6817) failed: System error: Device or resource busy
[2026-07-22T08:14:07.978] error: slurm_set_addr: Unable to resolve "slurmctl02"
[2026-07-22T08:14:32.986] error: _xgetaddrinfo: getaddrinfo(slurmctl01:6817) failed: System error: Device or resource busy
[2026-07-22T08:14:32.986] error: slurm_set_addr: Unable to resolve "slurmctl01"
[2026-07-22T08:14:32.993] error: _xgetaddrinfo: getaddrinfo(slurmctl02:6817) failed: System error: Device or resource busy
[2026-07-22T08:14:32.993] error: slurm_set_addr: Unable to resolve "slurmctl02"
[2026-07-22T08:14:58.001] error: _xgetaddrinfo: getaddrinfo(slurmctl01:6817) failed: System error: Device or resource busy
[2026-07-22T08:14:58.002] error: slurm_set_addr: Unable to resolve "slurmctl01"
[2026-07-22T08:14:58.007] error: _xgetaddrinfo: getaddrinfo(slurmctl02:6817) failed: System error: Device or resource busy
[2026-07-22T08:14:58.007] error: slurm_set_addr: Unable to resolve "slurmctl02"
[2026-07-22T08:15:23.016] error: _xgetaddrinfo: getaddrinfo(slurmctl01:6817) failed: System error: Device or resource busy
[2026-07-22T08:15:23.016] error: slurm_set_addr: Unable to resolve "slurmctl01"
[2026-07-22T08:15:23.025] error: _xgetaddrinfo: getaddrinfo(slurmctl02:6817) failed: System error: Device or resource busy
[2026-07-22T08:15:23.025] error: slurm_set_addr: Unable to resolve "slurmctl02"
[2026-07-22T08:15:48.033] error: _xgetaddrinfo: getaddrinfo(slurmctl01:6817) failed: System error: Device or resource busy
[2026-07-22T08:15:48.034] error: slurm_set_addr: Unable to resolve "slurmctl01"
[2026-07-22T08:15:48.040] error: _xgetaddrinfo: getaddrinfo(slurmctl02:6817) failed: System error: Device or resource busy
[2026-07-22T08:15:48.040] error: slurm_set_addr: Unable to resolve "slurmctl02"
[2026-07-22T08:16:13.048] error: _xgetaddrinfo: getaddrinfo(slurmctl01:6817) failed: System error: Device or resource busy
[2026-07-22T08:16:13.048] error: slurm_set_addr: Unable to resolve "slurmctl01"
[2026-07-22T08:16:13.054] error: _xgetaddrinfo: getaddrinfo(slurmctl02:6817) failed: System error: Device or resource busy
[2026-07-22T08:16:13.054] error: slurm_set_addr: Unable to resolve "slurmctl02"
[2026-07-22T08:16:38.065] error: _xgetaddrinfo: getaddrinfo(slurmctl01:6817) failed: System error: Device or resource busy
[2026-07-22T08:16:38.065] error: slurm_set_addr: Unable to resolve "slurmctl01"
[2026-07-22T08:16:38.071] error: _xgetaddrinfo: getaddrinfo(slurmctl02:6817) failed: System error: Device or resource busy
[2026-07-22T08:16:38.071] error: slurm_set_addr: Unable to resolve "slurmctl02"
[2026-07-22T08:17:03.079] error: _xgetaddrinfo: getaddrinfo(slurmctl01:6817) failed: System error: Device or resource busy
[2026-07-22T08:17:03.079] error: slurm_set_addr: Unable to resolve "slurmctl01"
[2026-07-22T08:17:03.085] error: _xgetaddrinfo: getaddrinfo(slurmctl02:6817) failed: System error: Device or resource busy
[2026-07-22T08:17:03.085] error: slurm_set_addr: Unable to resolve "slurmctl02"
[2026-07-22T08:17:28.093] error: _xgetaddrinfo: getaddrinfo(slurmctl01:6817) failed: System error: Device or resource busy
[2026-07-22T08:17:28.093] error: slurm_set_addr: Unable to resolve "slurmctl01"
[2026-07-22T08:17:28.099] error: _xgetaddrinfo: getaddrinfo(slurmctl02:6817) failed: System error: Device or resource busy
[2026-07-22T08:17:28.099] error: slurm_set_addr: Unable to resolve "slurmctl02"
[2026-07-22T08:17:53.110] error: _xgetaddrinfo: getaddrinfo(slurmctl01:6817) failed: System error: Device or resource busy
[2026-07-22T08:17:53.110] error: slurm_set_addr: Unable to resolve "slurmctl01"
[2026-07-22T08:17:53.117] error: _xgetaddrinfo: getaddrinfo(slurmctl02:6817) failed: System error: Device or resource busy
[2026-07-22T08:17:53.117] error: slurm_set_addr: Unable to resolve "slurmctl02"
[2026-07-22T08:18:18.125] error: _xgetaddrinfo: getaddrinfo(slurmctl01:6817) failed: System error: Device or resource busy
[2026-07-22T08:18:18.125] error: slurm_set_addr: Unable to resolve "slurmctl01"
[2026-07-22T08:18:18.131] error: _xgetaddrinfo: getaddrinfo(slurmctl02:6817) failed: System error: Device or resource busy
[2026-07-22T08:18:18.131] error: slurm_set_addr: Unable to resolve "slurmctl02"
[2026-07-22T08:18:43.140] error: _xgetaddrinfo: getaddrinfo(slurmctl01:6817) failed: System error: Device or resource busy
[2026-07-22T08:18:43.140] error: slurm_set_addr: Unable to resolve "slurmctl01"
[2026-07-22T08:18:43.146] error: _xgetaddrinfo: getaddrinfo(slurmctl02:6817) failed: System error: Device or resource busy
[2026-07-22T08:18:43.146] error: slurm_set_addr: Unable to resolve "slurmctl02"
[2026-07-22T08:19:08.154] error: _xgetaddrinfo: getaddrinfo(slurmctl01:6817) failed: System error: Device or resource busy
[2026-07-22T08:19:08.154] error: slurm_set_addr: Unable to resolve "slurmctl01"
[2026-07-22T08:19:08.160] error: _xgetaddrinfo: getaddrinfo(slurmctl02:6817) failed: System error: Device or resource busy
[2026-07-22T08:19:08.160] error: slurm_set_addr: Unable to resolve "slurmctl02"
[2026-07-22T08:19:33.169] error: _xgetaddrinfo: getaddrinfo(slurmctl01:6817) failed: System error: Device or resource busy
[2026-07-22T08:19:33.170] error: slurm_set_addr: Unable to resolve "slurmctl01"
[2026-07-22T08:19:33.176] error: _xgetaddrinfo: getaddrinfo(slurmctl02:6817) failed: System error: Device or resource busy
[2026-07-22T08:19:33.176] error: slurm_set_addr: Unable to resolve "slurmctl02"
[2026-07-22T08:19:58.184] error: _xgetaddrinfo: getaddrinfo(slurmctl01:6817) failed: System error: Device or resource busy
[2026-07-22T08:19:58.184] error: slurm_set_addr: Unable to resolve "slurmctl01"
[2026-07-22T08:19:58.190] error: _xgetaddrinfo: getaddrinfo(slurmctl02:6817) failed: System error: Device or resource busy
[2026-07-22T08:19:58.190] error: slurm_set_addr: Unable to resolve "slurmctl02"
[2026-07-22T08:20:23.198] error: _xgetaddrinfo: getaddrinfo(slurmctl01:6817) failed: System error: Device or resource busy
[2026-07-22T08:20:23.198] error: slurm_set_addr: Unable to resolve "slurmctl01"
[2026-07-22T08:20:23.204] error: _xgetaddrinfo: getaddrinfo(slurmctl02:6817) failed: System error: Device or resource busy
[2026-07-22T08:20:23.204] error: slurm_set_addr: Unable to resolve "slurmctl02"
[2026-07-22T08:20:48.213] error: _xgetaddrinfo: getaddrinfo(slurmctl01:6817) failed: System error: Device or resource busy
[2026-07-22T08:20:48.213] error: slurm_set_addr: Unable to resolve "slurmctl01"
[2026-07-22T08:20:48.219] error: _xgetaddrinfo: getaddrinfo(slurmctl02:6817) failed: System error: Device or resource busy
[2026-07-22T08:20:48.219] error: slurm_set_addr: Unable to resolve "slurmctl02"
[2026-07-22T08:21:13.227] error: _xgetaddrinfo: getaddrinfo(slurmctl01:6817) failed: System error: Device or resource busy
[2026-07-22T08:21:13.228] error: slurm_set_addr: Unable to resolve "slurmctl01"
[2026-07-22T08:21:13.234] error: _xgetaddrinfo: getaddrinfo(slurmctl02:6817) failed: System error: Device or resource busy
[2026-07-22T08:21:13.234] error: slurm_set_addr: Unable to resolve "slurmctl02"
[2026-07-22T08:21:38.242] error: _xgetaddrinfo: getaddrinfo(slurmctl01:6817) failed: System error: Device or resource busy
[2026-07-22T08:21:38.242] error: slurm_set_addr: Unable to resolve "slurmctl01"
[2026-07-22T08:21:38.248] error: _xgetaddrinfo: getaddrinfo(slurmctl02:6817) failed: System error: Device or resource busy
[2026-07-22T08:21:38.248] error: slurm_set_addr: Unable to resolve "slurmctl02"
[2026-07-22T08:22:03.256] error: _xgetaddrinfo: getaddrinfo(slurmctl01:6817) failed: System error: Device or resource busy
[2026-07-22T08:22:03.256] error: slurm_set_addr: Unable to resolve "slurmctl01"
[2026-07-22T08:22:03.262] error: _xgetaddrinfo: getaddrinfo(slurmctl02:6817) failed: System error: Device or resource busy
[2026-07-22T08:22:03.262] error: slurm_set_addr: Unable to resolve "slurmctl02"
[2026-07-22T08:22:28.270] error: _xgetaddrinfo: getaddrinfo(slurmctl01:6817) failed: System error: Device or resource busy
[2026-07-22T08:22:28.270] error: slurm_set_addr: Unable to resolve "slurmctl01"
[2026-07-22T08:22:28.276] error: _xgetaddrinfo: getaddrinfo(slurmctl02:6817) failed: System error: Device or resource busy
[2026-07-22T08:22:28.277] error: slurm_set_addr: Unable to resolve "slurmctl02"
[2026-07-22T08:22:53.284] error: _xgetaddrinfo: getaddrinfo(slurmctl01:6817) failed: System error: Device or resource busy
[2026-07-22T08:22:53.285] error: slurm_set_addr: Unable to resolve "slurmctl01"
[2026-07-22T08:22:53.291] error: _xgetaddrinfo: getaddrinfo(slurmctl02:6817) failed: System error: Device or resource busy
[2026-07-22T08:22:53.291] error: slurm_set_addr: Unable to resolve "slurmctl02"
[2026-07-22T08:23:18.299] error: _xgetaddrinfo: getaddrinfo(slurmctl01:6817) failed: System error: Device or resource busy
[2026-07-22T08:23:18.299] error: slurm_set_addr: Unable to resolve "slurmctl01"
[2026-07-22T08:23:18.305] error: _xgetaddrinfo: getaddrinfo(slurmctl02:6817) failed: System error: Device or resource busy
[2026-07-22T08:23:18.305] error: slurm_set_addr: Unable to resolve "slurmctl02"
[2026-07-22T08:23:43.313] error: _xgetaddrinfo: getaddrinfo(slurmctl01:6817) failed: System error: Device or resource busy
[2026-07-22T08:23:43.313] error: slurm_set_addr: Unable to resolve "slurmctl01"
[2026-07-22T08:23:43.319] error: _xgetaddrinfo: getaddrinfo(slurmctl02:6817) failed: System error: Device or resource busy
[2026-07-22T08:23:43.319] error: slurm_set_addr: Unable to resolve "slurmctl02"
[2026-07-22T08:24:08.327] error: _xgetaddrinfo: getaddrinfo(slurmctl01:6817) failed: System error: Device or resource busy
[2026-07-22T08:24:08.327] error: slurm_set_addr: Unable to resolve "slurmctl01"
[2026-07-22T08:24:08.333] error: _xgetaddrinfo: getaddrinfo(slurmctl02:6817) failed: System error: Device or resource busy
[2026-07-22T08:24:08.333] error: slurm_set_addr: Unable to resolve "slurmctl02"
[2026-07-22T08:24:33.341] error: _xgetaddrinfo: getaddrinfo(slurmctl01:6817) failed: System error: Device or resource busy
[2026-07-22T08:24:33.342] error: slurm_set_addr: Unable to resolve "slurmctl01"
[2026-07-22T08:24:33.347] error: _xgetaddrinfo: getaddrinfo(slurmctl02:6817) failed: System error: Device or resource busy
[2026-07-22T08:24:33.347] error: slurm_set_addr: Unable to resolve "slurmctl02"
[2026-07-22T08:24:58.355] error: _xgetaddrinfo: getaddrinfo(slurmctl01:6817) failed: System error: Device or resource busy
[2026-07-22T08:24:58.356] error: slurm_set_addr: Unable to resolve "slurmctl01"
[2026-07-22T08:24:58.362] error: _xgetaddrinfo: getaddrinfo(slurmctl02:6817) failed: System error: Device or resource busy
[2026-07-22T08:24:58.362] error: slurm_set_addr: Unable to resolve "slurmctl02"
[2026-07-22T08:25:23.369] error: _xgetaddrinfo: getaddrinfo(slurmctl01:6817) failed: System error: Device or resource busy
[2026-07-22T08:25:23.369] error: slurm_set_addr: Unable to resolve "slurmctl01"
[2026-07-22T08:25:23.376] error: _xgetaddrinfo: getaddrinfo(slurmctl02:6817) failed: System error: Device or resource busy
[2026-07-22T08:25:23.376] error: slurm_set_addr: Unable to resolve "slurmctl02"
[2026-07-22T08:25:48.384] error: _xgetaddrinfo: getaddrinfo(slurmctl01:6817) failed: System error: Device or resource busy
[2026-07-22T08:25:48.384] error: slurm_set_addr: Unable to resolve "slurmctl01"
[2026-07-22T08:25:48.390] error: _xgetaddrinfo: getaddrinfo(slurmctl02:6817) failed: System error: Device or resource busy
[2026-07-22T08:25:48.391] error: slurm_set_addr: Unable to resolve "slurmctl02"
